# gpu    pwr  gtemp  mtemp     sm    mem    enc    dec    jpg    ofa   mclk   pclk     fb   bar1   ccpm 
# Idx      W      C      C      %      %      %      %      %      %    MHz    MHz     MB     MB     MB 
    0     11     31      -      0      0      0      0      0      0    405    210      1      2      0 
    0     11     31      -      0      0      0      0      0      0    405    210      1      2      0 
    0     11     31      -      0      0      0      0      0      0    405    210      1      2      0 
    0     12     31      -      0      0      0      0      0      0    405    210      1      2      0 
    0     11     31      -      0      0      0      0      0      0    405    210      1      2      0 
    0     12     31      -      0      0      0      0      0      0    405    210      1      2      0 
    0     11     31      -      0      0      0      0      0      0    405    210      1      2      0 
    0     12     31      -      0      0      0      0      0      0    405    210      1      2      0 
    0     12     31      -      0      0      0      0      0      0    405    210      1      2      0 
    0     12     31      -      0      0      0      0      0      0    405    210      1      2      0 
    0     12     31      -      0      0      0      0      0      0    405    210      1      2      0 
    0     12     31      -      0      0      0      0      0      0    405    210      1      2      0 
    0     12     31      -      0      0      0      0      0      0    405    210      1      2      0 
    0     12     31      -      0      0      0      0      0      0    405    210      1      2      0 
    0     12     31      -      0      0      0      0      0      0    405    210      1      2      0 
    0     12     31      -      0      0      0      0      0      0    405    210      1      2      0 
    0     12     31      -      0      0      0      0      0      0    405    210      1      2      0 
    0     12     31      -      0      0      0      0      0      0    405    210      1      2      0 
    0     12     31      -      0      0      0      0      0      0    405    210      1      2      0 
    0     11     31      -      0      0      0      0      0      0    405    210      1      2      0 
    0     12     31      -      0      0      0      0      0      0    405    210      1      2      0 
    0     12     31      -      0      0      0      0      0      0    405    210      1      2      0 
    0     11     31      -      0      0      0      0      0      0    405    210      1      2      0 
    0     11     31      -      0      0      0      0      0      0    405    210      1      2      0 
    0     12     31      -      0      0      0      0      0      0    405    210      1      2      0 
    0     11     31      -      0      0      0      0      0      0    405    210      1      2      0 
    0     11     31      -      0      0      0      0      0      0    405    210      1      2      0 
    0     12     31      -      0      0      0      0      0      0    405    210      1      2      0 
    0     12     31      -      0      0      0      0      0      0    405    210      1      2      0 
    0     11     31      -      0      0      0      0      0      0    405    210      1      2      0 
    0     12     31      -      0      0      0      0      0      0    405    210      1      2      0 
    0     12     31      -      0      0      0      0      0      0    405    210      1      2      0 
    0     11     31      -      0      0      0      0      0      0    405    210      1      2      0 
    0     11     31      -      0      0      0      0      0      0    405    210      1      2      0 
    0     12     31      -      0      0      0      0      0      0    405    210      1      2      0 
    0     11     31      -      0      0      0      0      0      0    405    210      1      2      0 
    0     11     31      -      0      0      0      0      0      0    405    210      1      2      0 
    0     12     31      -      0      0      0      0      0      0    405    210      1      2      0 
    0     11     31      -      0      0      0      0      0      0    405    210      1      2      0 
    0     11     31      -      0      0      0      0      0      0    405    210      1      2      0 
    0     11     31      -      0      0      0      0      0      0    405    210      1      2      0 
    0     11     31      -      0      0      0      0      0      0    405    210      1      2      0 
    0     11     31      -      0      0      0      0      0      0    405    210      1      2      0 
    0     11     31      -      0      0      0      0      0      0    405    210      1      2      0 
# gpu    pwr  gtemp  mtemp     sm    mem    enc    dec    jpg    ofa   mclk   pclk     fb   bar1   ccpm 
# Idx      W      C      C      %      %      %      %      %      %    MHz    MHz     MB     MB     MB 
    0     11     31      -      0      0      0      0      0      0    405    210      1      2      0 
    0     11     31      -      0      0      0      0      0      0    405    210      1      2      0 
    0     11     31      -      0      0      0      0      0      0    405    210      1      2      0 
    0     11     31      -      0      0      0      0      0      0    405    210      1      2      0 
    0     11     31      -      0      0      0      0      0      0    405    210      1      2      0 
    0     11     31      -      0      0      0      0      0      0    405    210      1      2      0 
    0     11     31      -      0      0      0      0      0      0    405    210      1      2      0 
    0     11     31      -      0      0      0      0      0      0    405    210      1      2      0 
    0     11     31      -      0      0      0      0      0      0    405    210      1      2      0 
    0     11     31      -      0      0      0      0      0      0    405    210      1      2      0 
    0     11     31      -      0      0      0      0      0      0    405    210      1      2      0 
    0     11     31      -      0      0      0      0      0      0    405    210      1      2      0 
    0     11     31      -      0      0      0      0      0      0    405    210      1      2      0 
    0     11     31      -      0      0      0      0      0      0    405    210      1      2      0 
    0     11     31      -      0      0      0      0      0      0    405    210      1      2      0 
    0     12     31      -      0      0      0      0      0      0    405    210      1      2      0 
    0     11     31      -      0      0      0      0      0      0    405    210      1      2      0 
    0     11     31      -      0      0      0      0      0      0    405    210      1      2      0 
    0     11     31      -      0      0      0      0      0      0    405    210      1      2      0 
    0     11     31      -      0      0      0      0      0      0    405    210      1      2      0 
    0     11     31      -      0      0      0      0      0      0    405    210      1      2      0 
    0     11     31      -      0      0      0      0      0      0    405    210      1      2      0 
    0     11     31      -      0      0      0      0      0      0    405    210      1      2      0 
    0     11     31      -      0      0      0      0      0      0    405    210      1      2      0 
    0     11     31      -      0      0      0      0      0      0    405    210      1      2      0 
    0     11     31      -      0      0      0      0      0      0    405    210      1      2      0 
    0     11     31      -      0      0      0      0      0      0    405    210      1      2      0 
    0     11     31      -      0      0      0      0      0      0    405    210      1      2      0 
    0     11     31      -      0      0      0      0      0      0    405    210      1      2      0 
    0     11     31      -      0      0      0      0      0      0    405    210      1      2      0 
    0     11     31      -      0      0      0      0      0      0    405    210      1      2      0 
    0     11     31      -      0      0      0      0      0      0    405    210      1      2      0 
    0     11     31      -      0      0      0      0      0      0    405    210      1      2      0 
    0     11     31      -      0      0      0      0      0      0    405    210      1      2      0 
    0     11     31      -      0      0      0      0      0      0    405    210      1      2      0 
    0     11     31      -      0      0      0      0      0      0    405    210      1      2      0 
    0     11     31      -      0      0      0      0      0      0    405    210      1      2      0 
    0     12     31      -      0      0      0      0      0      0    405    210      1      2      0 
    0     11     31      -      0      0      0      0      0      0    405    210      1      2      0 
    0     11     31      -      0      0      0      0      0      0    405    210      1      2      0 
    0     11     31      -      0      0      0      0      0      0    405    210      1      2      0 
    0     11     31      -      0      0      0      0      0      0    405    210      1      2      0 
    0     11     31      -      0      0      0      0      0      0    405    210      1      2      0 
    0     11     31      -      0      0      0      0      0      0    405    210      1      2      0 
# gpu    pwr  gtemp  mtemp     sm    mem    enc    dec    jpg    ofa   mclk   pclk     fb   bar1   ccpm 
# Idx      W      C      C      %      %      %      %      %      %    MHz    MHz     MB     MB     MB 
    0     11     31      -      0      0      0      0      0      0    405    210      1      2      0 
    0     11     31      -      0      0      0      0      0      0    405    210      1      2      0 
    0     11     31      -      0      0      0      0      0      0    405    210      1      2      0 
    0     11     31      -      0      0      0      0      0      0    405    210      1      2      0 
    0     11     31      -      0      0      0      0      0      0    405    210      1      2      0 
    0     11     31      -      0      0      0      0      0      0    405    210      1      2      0 
    0     12     31      -      0      0      0      0      0      0    405    210      1      2      0 
    0     11     31      -      0      0      0      0      0      0    405    210      1      2      0 
    0     11     31      -      0      0      0      0      0      0    405    210      1      2      0 
    0     12     31      -      0      0      0      0      0      0    405    210      1      2      0 
    0     11     31      -      0      0      0      0      0      0    405    210      1      2      0 
    0     11     31      -      0      0      0      0      0      0    405    210      1      2      0 
    0     11     31      -      0      0      0      0      0      0    405    210      1      2      0 
    0     11     31      -      0      0      0      0      0      0    405    210      1      2      0 
    0     11     31      -      0      0      0      0      0      0    405    210      1      2      0 
    0     12     31      -      0      0      0      0      0      0    405    210      1      2      0 
    0     11     31      -      0      0      0      0      0      0    405    210      1      2      0 
    0     11     31      -      0      0      0      0      0      0    405    210      1      2      0 
    0     12     31      -      0      0      0      0      0      0    405    210      1      2      0 
    0     11     31      -      0      0      0      0      0      0    405    210      1      2      0 
    0     11     31      -      0      0      0      0      0      0    405    210      1      2      0 
    0     11     31      -      0      0      0      0      0      0    405    210      1      2      0 
    0     11     31      -      0      0      0      0      0      0    405    210      1      2      0 
    0     11     31      -      0      0      0      0      0      0    405    210      1      2      0 
    0     11     31      -      0      0      0      0      0      0    405    210      1      2      0 
    0     11     31      -      0      0      0      0      0      0    405    210      4      5      0 
    0     11     31      -      0      0      0      0      0      0    405    210      4      5      0 
    0     12     31      -      0      0      0      0      0      0    405    210      4      5      0 
    0     11     31      -      0      0      0      0      0      0    405    210      4      5      0 
    0     11     31      -      0      0      0      0      0      0    405    210      4      5      0 
    0     11     31      -      0      0      0      0      0      0    405    210      4      5      0 
    0     12     31      -      0      0      0      0      0      0    405    210      4      5      0 
    0     11     31      -      0      0      0      0      0      0    405    210      4      5      0 
    0     11     31      -      0      0      0      0      0      0    405    210      4      5      0 
    0     11     31      -      0      0      0      0      0      0    405    210      4      5      0 
    0     11     31      -      0      0      0      0      0      0    405    210      4      5      0 
    0     11     31      -      0      0      0      0      0      0    405    210      4      5      0 
    0     11     31      -      0      0      0      0      0      0    405    210      4      5      0 
    0     11     31      -      0      0      0      0      0      0    405    210      4      5      0 
    0     11     31      -      0      0      0      0      0      0    405    210      4      5      0 
    0     11     31      -      0      0      0      0      0      0    405    210      4      5      0 
    0     11     31      -      0      0      0      0      0      0    405    210      4      5      0 
    0     11     31      -      0      0      0      0      0      0    405    210      4      5      0 
    0     11     31      -      0      0      0      0      0      0    405    210      4      5      0 
# gpu    pwr  gtemp  mtemp     sm    mem    enc    dec    jpg    ofa   mclk   pclk     fb   bar1   ccpm 
# Idx      W      C      C      %      %      %      %      %      %    MHz    MHz     MB     MB     MB 
    0     23     32      -      0      0      0      0      0      0  10251   2520    480    480      0 
    0     46     32      -      3      1      0      0      0      0  10251   2520   1054   1054      0 
    0     63     33      -     14      3      0      0      0      0  10251   2520  10224  10224      0 
    0     77     35      -     94    100      0      0      0      0  10251   2520  14442  14442      0 
    0    200     38      -     93    100      0      0      0      0  10251   2805  14442  14442      0 
    0    207     39      -     94    100      0      0      0      0  10251   2805  14442  14442      0 
    0    207     39      -     94    100      0      0      0      0  10251   2805  14442  14442      0 
    0    207     39      -     92    100      0      0      0      0  10251   2805  14442  14442      0 
    0    207     39      -     94    100      0      0      0      0  10251   2805  14442  14442      0 
    0    207     40      -     94    100      0      0      0      0  10251   2805  14442  14442      0 
    0    208     40      -     94    100      0      0      0      0  10251   2805  14442  14442      0 
    0    194     39      -     31     20      0      0      0      0  10251   2805  17806  17806      0 
    0    142     41      -     94    100      0      0      0      0  10251   2805  17806  17806      0 
    0    208     41      -     94    100      0      0      0      0  10251   2805  17806  17806      0 
    0    209     41      -     93    100      0      0      0      0  10251   2805  17806  17806      0 
    0    211     42      -     94    100      0      0      0      0  10251   2805  17806  17806      0 
    0    212     42      -     94    100      0      0      0      0  10251   2805  17806  17806      0 
    0    213     42      -     94    100      0      0      0      0  10251   2805  17806  17806      0 
    0    213     43      -     94    100      0      0      0      0  10251   2790  17806  17806      0 
    0    214     43      -     94    100      0      0      0      0  10251   2790  17806  17806      0 
    0    168     41      -     19      4      0      0      0      0  10251   2790  17806  17806      0 
    0    171     43      -     94    100      0      0      0      0  10251   2790  17806  17806      0 
    0    210     43      -     94    100      0      0      0      0  10251   2790  17806  17806      0 
    0    211     44      -     94    100      0      0      0      0  10251   2790  17806  17806      0 
    0    212     44      -     94    100      0      0      0      0  10251   2790  17806  17806      0 
    0    213     44      -     94    100      0      0      0      0  10251   2790  17806  17806      0 
    0    215     44      -     94    100      0      0      0      0  10251   2790  17806  17806      0 
    0    214     45      -     94    100      0      0      0      0  10251   2790  17806  17806      0 
    0    191     43      -     94    100      0      0      0      0  10251   2790  17806  17806      0 
    0    150     45      -     56     62      0      0      0      0  10251   2790  17806  17806      0 
    0    211     45      -     94    100      0      0      0      0  10251   2790  17806  17806      0 
    0    212     45      -     94    100      0      0      0      0  10251   2790  17806  17806      0 
    0    213     46      -     94    100      0      0      0      0  10251   2790  17806  17806      0 
    0    213     46      -     94    100      0      0      0      0  10251   2790  17806  17806      0 
    0    215     46      -     94    100      0      0      0      0  10251   2790  17806  17806      0 
    0    216     46      -     93    100      0      0      0      0  10251   2790  17806  17806      0 
    0    217     46      -     94    100      0      0      0      0  10251   2790  17806  17806      0 
    0    160     44      -     93    100      0      0      0      0  10251   2790  17806  17806      0 
    0    188     46      -     94    100      0      0      0      0  10251   2790  17806  17806      0 
    0    212     47      -     94    100      0      0      0      0  10251   2790  17806  17806      0 
    0    214     47      -     94    100      0      0      0      0  10251   2790  17806  17806      0 
    0    214     47      -     94    100      0      0      0      0  10251   2790  17806  17806      0 
    0    215     47      -     94    100      0      0      0      0  10251   2790  17806  17806      0 
    0    217     47      -     92    100      0      0      0      0  10251   2790  17806  17806      0 
# gpu    pwr  gtemp  mtemp     sm    mem    enc    dec    jpg    ofa   mclk   pclk     fb   bar1   ccpm 
# Idx      W      C      C      %      %      %      %      %      %    MHz    MHz     MB     MB     MB 
    0    218     47      -     94    100      0      0      0      0  10251   2790  17806  17806      0 
    0    214     46      -     93    100      0      0      0      0  10251   2790  17806  17806      0 
    0    144     47      -     20      4      0      0      0      0  10251   2790  17806  17806      0 
    0    213     48      -     94    100      0      0      0      0  10251   2790  17806  17806      0 
    0    213     48      -     94    100      0      0      0      0  10251   2790  17806  17806      0 
    0    214     48      -     93    100      0      0      0      0  10251   2790  17806  17806      0 
    0    215     48      -     93    100      0      0      0      0  10251   2790  17806  17806      0 
    0    214     48      -     86    100      0      0      0      0  10251   2790  17806  17806      0 
    0    217     48      -     92    100      0      0      0      0  10251   2790  17806  17806      0 
    0    218     49      -     94    100      0      0      0      0  10251   2790  17806  17806      0 
    0    189     47      -     92    100      0      0      0      0  10251   2790  17806  17806      0 
    0    158     48      -     94    100      0      0      0      0  10251   2790  17806  17806      0 
    0    214     49      -     92    100      0      0      0      0  10251   2790  17806  17806      0 
    0    215     49      -     94    100      0      0      0      0  10251   2790  17806  17806      0 
    0    215     49      -     92    100      0      0      0      0  10251   2790  17806  17806      0 
    0    216     49      -     92    100      0      0      0      0  10251   2790  17806  17806      0 
    0    218     49      -     94    100      0      0      0      0  10251   2790  17806  17806      0 
    0    219     49      -     94    100      0      0      0      0  10251   2790  17806  17806      0 
    0    220     49      -     93    100      0      0      0      0  10251   2790  17806  17806      0 
    0    156     47      -     60     62      0      0      0      0  10251   2790  17806  17806      0 
    0    190     49      -     92    100      0      0      0      0  10251   2790  17806  17806      0 
    0    214     49      -     94    100      0      0      0      0  10251   2790  17806  17806      0 
    0    216     50      -     92    100      0      0      0      0  10251   2790  17806  17806      0 
    0    217     50      -     94    100      0      0      0      0  10251   2790  17806  17806      0 
    0    217     50      -     94    100      0      0      0      0  10251   2790  17806  17806      0 
    0    218     50      -     94    100      0      0      0      0  10251   2790  17806  17806      0 
    0    220     50      -     94    100      0      0      0      0  10251   2790  17806  17806      0 
    0    220     50      -     94    100      0      0      0      0  10251   2790  17806  17806      0 
    0    143     49      -     19      4      0      0      0      0  10251   2790  17806  17806      0 
    0    215     50      -     94    100      0      0      0      0  10251   2790  17806  17806      0 
    0    216     50      -     92    100      0      0      0      0  10251   2790  17806  17806      0 
    0    217     50      -     94    100      0      0      0      0  10251   2790  17806  17806      0 
    0    218     50      -     92    100      0      0      0      0  10251   2790  17806  17806      0 
    0    220     50      -     94    100      0      0      0      0  10251   2790  17806  17806      0 
    0    221     51      -     94    100      0      0      0      0  10251   2790  17806  17806      0 
    0    222     51      -     94    100      0      0      0      0  10251   2790  17806  17806      0 
    0    203     49      -     94    100      0      0      0      0  10251   2790  17806  17806      0 
    0    151     50      -     26     20      0      0      0      0  10251   2790  17806  17806      0 
    0    216     51      -     94    100      0      0      0      0  10251   2790  17806  17806      0 
    0    217     51      -     92    100      0      0      0      0  10251   2790  17806  17806      0 
    0    218     51      -     94    100      0      0      0      0  10251   2790  17806  17806      0 
    0    219     51      -     92    100      0      0      0      0  10251   2790  17806  17806      0 
    0    220     51      -     93    100      0      0      0      0  10251   2790  17806  17806      0 
    0    221     51      -     94    100      0      0      0      0  10251   2790  17806  17806      0 
# gpu    pwr  gtemp  mtemp     sm    mem    enc    dec    jpg    ofa   mclk   pclk     fb   bar1   ccpm 
# Idx      W      C      C      %      %      %      %      %      %    MHz    MHz     MB     MB     MB 
    0    222     51      -     92    100      0      0      0      0  10251   2790  17806  17806      0 
    0    167     49      -     73     83      0      0      0      0  10251   2790  17806  17806      0 
    0    188     51      -     93    100      0      0      0      0  10251   2790  17806  17806      0 
    0    217     51      -     92    100      0      0      0      0  10251   2790  17806  17806      0 
    0    217     51      -     94    100      0      0      0      0  10251   2790  17806  17806      0 
    0    219     51      -     92    100      0      0      0      0  10251   2790  17806  17806      0 
    0    220     51      -     94    100      0      0      0      0  10251   2790  17806  17806      0 
    0    221     51      -     94    100      0      0      0      0  10251   2790  17806  17806      0 
    0    222     51      -     94    100      0      0      0      0  10251   2790  17806  17806      0 
    0    186     49      -     19      4      0      0      0      0  10251   2790  17806  17806      0 
    0    168     51      -     93    100      0      0      0      0  10251   2790  17806  17806      0 
    0    217     51      -     92    100      0      0      0      0  10251   2790  17806  17806      0 
    0    218     51      -     93    100      0      0      0      0  10251   2790  17806  17806      0 
    0    219     52      -     92    100      0      0      0      0  10251   2790  17806  17806      0 
    0    220     52      -     94    100      0      0      0      0  10251   2790  17806  17806      0 
    0    221     52      -     92    100      0      0      0      0  10251   2790  17806  17806      0 
    0    222     52      -     94    100      0      0      0      0  10251   2790  17806  17806      0 
    0    223     52      -     94    100      0      0      0      0  10251   2790  17806  17806      0 
    0    152     49      -     17      3      0      0      0      0  10251   2790  17806  17806      0 
    0    202     52      -     94    100      0      0      0      0  10251   2790  17806  17806      0 
    0    218     52      -     94    100      0      0      0      0  10251   2790  17806  17806      0 
    0    218     52      -     94    100      0      0      0      0  10251   2790  17806  17806      0 
    0    220     52      -     94    100      0      0      0      0  10251   2790  17806  17806      0 
    0    219     52      -     94    100      0      0      0      0  10251   2790  17806  17806      0 
    0    221     52      -     93    100      0      0      0      0  10251   2790  17806  17806      0 
    0    222     52      -     94    100      0      0      0      0  10251   2790  17806  17806      0 
    0    219     51      -     80     91      0      0      0      0  10251   2790  17806  17806      0 
    0    153     52      -     92    100      0      0      0      0  10251   2790  17806  17806      0 
    0    218     52      -     94    100      0      0      0      0  10251   2790  17806  17806      0 
    0    218     52      -     92    100      0      0      0      0  10251   2790  17806  17806      0 
    0    220     52      -     94    100      0      0      0      0  10251   2790  17806  17806      0 
    0    220     52      -     93    100      0      0      0      0  10251   2790  17806  17806      0 
    0    221     52      -     94    100      0      0      0      0  10251   2790  17806  17806      0 
    0    223     52      -     93    100      0      0      0      0  10251   2790  17806  17806      0 
    0    223     52      -     94    100      0      0      0      0  10251   2790  17806  17806      0 
    0    172     50      -     20      4      0      0      0      0  10251   2790  17806  17806      0 
    0    187     52      -     94    100      0      0      0      0  10251   2790  17806  17806      0 
    0    218     52      -     94    100      0      0      0      0  10251   2790  17806  17806      0 
    0    219     52      -     92    100      0      0      0      0  10251   2790  17806  17806      0 
    0    220     52      -     94    100      0      0      0      0  10251   2790  17806  17806      0 
    0    220     52      -     94    100      0      0      0      0  10251   2790  17806  17806      0 
    0    221     52      -     94    100      0      0      0      0  10251   2790  17806  17806      0 
    0    222     53      -     93    100      0      0      0      0  10251   2790  17806  17806      0 
    0    222     53      -     94    100      0      0      0      0  10251   2790  17806  17806      0 
# gpu    pwr  gtemp  mtemp     sm    mem    enc    dec    jpg    ofa   mclk   pclk     fb   bar1   ccpm 
# Idx      W      C      C      %      %      %      %      %      %    MHz    MHz     MB     MB     MB 
    0    144     51      -     93    100      0      0      0      0  10251   2790  17806  17806      0 
    0    217     52      -     92    100      0      0      0      0  10251   2790  17806  17806      0 
    0    218     52      -     93    100      0      0      0      0  10251   2790  17806  17806      0 
    0    219     52      -     92    100      0      0      0      0  10251   2790  17806  17806      0 
    0    220     52      -     94    100      0      0      0      0  10251   2790  17806  17806      0 
    0    221     53      -     94    100      0      0      0      0  10251   2790  17806  17806      0 
    0    222     53      -     94    100      0      0      0      0  10251   2790  17806  17806      0 
    0    223     53      -     94    100      0      0      0      0  10251   2790  17806  17806      0 
    0    216     53      -     55     57      0      0      0      0  10251   2775  17806  17806      0 
    0    150     52      -     93    100      0      0      0      0  10251   2775  17806  17806      0 
    0    218     52      -     94    100      0      0      0      0  10251   2775  17806  17806      0 
    0    219     53      -     94    100      0      0      0      0  10251   2775  17806  17806      0 
    0    220     53      -     93    100      0      0      0      0  10251   2775  17806  17806      0 
    0    221     53      -     94    100      0      0      0      0  10251   2775  17806  17806      0 
    0    222     53      -     93    100      0      0      0      0  10251   2775  17806  17806      0 
    0    223     53      -     94    100      0      0      0      0  10251   2775  17806  17806      0 
    0    224     53      -     94    100      0      0      0      0  10251   2775  17806  17806      0 
    0    180     50      -     19      4      0      0      0      0  10251   2775  17806  17806      0 
    0    178     52      -     93    100      0      0      0      0  10251   2775  17806  17806      0 
    0    219     53      -     94    100      0      0      0      0  10251   2775  17806  17806      0 
    0    219     53      -     94    100      0      0      0      0  10251   2775  17806  17806      0 
    0    220     53      -     94    100      0      0      0      0  10251   2775  17806  17806      0 
    0    221     53      -     93    100      0      0      0      0  10251   2775  17806  17806      0 
    0    222     53      -     93    100      0      0      0      0  10251   2775  17806  17806      0 
    0    222     53      -     94    100      0      0      0      0  10251   2775  17806  17806      0 
    0    224     53      -     94    100      0      0      0      0  10251   2775  17806  17806      0 
    0    149     50      -     68     79      0      0      0      0  10251   2775  17806  17806      0 
    0    214     53      -     93    100      0      0      0      0  10251   2775  17806  17806      0 
    0    218     53      -     94    100      0      0      0      0  10251   2775  17806  17806      0 
    0    219     53      -     92    100      0      0      0      0  10251   2775  17806  17806      0 
    0    220     53      -     94    100      0      0      0      0  10251   2775  17806  17806      0 
    0    221     53      -     93    100      0      0      0      0  10251   2775  17806  17806      0 
    0    222     53      -     94    100      0      0      0      0  10251   2775  17806  17806      0 
    0    223     53      -     94    100      0      0      0      0  10251   2775  17806  17806      0 
    0    219     53      -     72     81      0      0      0      0  10251   2775  17806  17806      0 
    0    150     52      -     94    100      0      0      0      0  10251   2775  17806  17806      0 
    0    218     53      -     93    100      0      0      0      0  10251   2775  17806  17806      0 
    0    220     53      -     93    100      0      0      0      0  10251   2775  17806  17806      0 
    0    220     53      -     94    100      0      0      0      0  10251   2775  17806  17806      0 
    0    221     53      -     94    100      0      0      0      0  10251   2775  17806  17806      0 
    0    222     53      -     94    100      0      0      0      0  10251   2775  17806  17806      0 
    0    224     53      -     95    100      0      0      0      0  10251   2775  17806  17806      0 
    0    225     53      -     92    100      0      0      0      0  10251   2775  17806  17806      0 
    0    183     51      -     19      4      0      0      0      0  10251   2775  17806  17806      0 
# gpu    pwr  gtemp  mtemp     sm    mem    enc    dec    jpg    ofa   mclk   pclk     fb   bar1   ccpm 
# Idx      W      C      C      %      %      %      %      %      %    MHz    MHz     MB     MB     MB 
    0    175     53      -     94    100      0      0      0      0  10251   2775  17806  17806      0 
    0    219     53      -     92    100      0      0      0      0  10251   2775  17806  17806      0 
    0    220     53      -     94    100      0      0      0      0  10251   2775  17806  17806      0 
    0    221     53      -     94    100      0      0      0      0  10251   2775  17806  17806      0 
    0    222     53      -     94    100      0      0      0      0  10251   2775  17806  17806      0 
    0    223     53      -     94    100      0      0      0      0  10251   2775  17806  17806      0 
    0    224     53      -     93    100      0      0      0      0  10251   2775  17806  17806      0 
    0    204     51      -     94    100      0      0      0      0  10251   2775  17806  17806      0 
    0    156     53      -     39     37      0      0      0      0  10251   2775  17806  17806      0 
    0    218     53      -     94    100      0      0      0      0  10251   2775  17806  17806      0 
    0    219     53      -     94    100      0      0      0      0  10251   2775  17806  17806      0 
    0    221     53      -     94    100      0      0      0      0  10251   2775  17806  17806      0 
    0    221     53      -     90    100      0      0      0      0  10251   2775  17806  17806      0 
    0    222     53      -     94    100      0      0      0      0  10251   2775  17806  17806      0 
    0    224     53      -     94    100      0      0      0      0  10251   2775  17806  17806      0 
    0    225     53      -     94    100      0      0      0      0  10251   2775  17806  17806      0 
    0    166     51      -     92    100      0      0      0      0  10251   2775  17806  17806      0 
    0    194     53      -     94    100      0      0      0      0  10251   2775  17806  17806      0 
    0    219     53      -     94    100      0      0      0      0  10251   2775  17806  17806      0 
    0    220     53      -     92    100      0      0      0      0  10251   2775  17806  17806      0 
    0    221     53      -     94    100      0      0      0      0  10251   2775  17806  17806      0 
    0    222     53      -     94    100      0      0      0      0  10251   2775  17806  17806      0 
    0    222     53      -     93    100      0      0      0      0  10251   2775  17806  17806      0 
    0    222     53      -     94    100      0      0      0      0  10251   2775  17806  17806      0 
    0    224     53      -     94    100      0      0      0      0  10251   2775  17806  17806      0 
    0    148     52      -     19      4      0      0      0      0  10251   2775  17806  17806      0 
    0    218     53      -     94    100      0      0      0      0  10251   2775  17806  17806      0 
    0    219     53      -     93    100      0      0      0      0  10251   2775  17806  17806      0 
    0    220     53      -     94    100      0      0      0      0  10251   2775  17806  17806      0 
    0    221     53      -     94    100      0      0      0      0  10251   2775  17806  17806      0 
    0    221     53      -     94    100      0      0      0      0  10251   2775  17806  17806      0 
    0    222     53      -     93    100      0      0      0      0  10251   2775  17806  17806      0 
    0    223     54      -     94    100      0      0      0      0  10251   2775  17806  17806      0 
    0    205     52      -     93    100      0      0      0      0  10251   2775  17806  17806      0 
    0    152     53      -     15      7      0      0      0      0  10251   2775  17806  17806      0 
    0    218     53      -     93    100      0      0      0      0  10251   2775  17806  17806      0 
    0    218     53      -     94    100      0      0      0      0  10251   2775  17806  17806      0 
    0    220     53      -     93    100      0      0      0      0  10251   2775  17806  17806      0 
    0    221     53      -     94    100      0      0      0      0  10251   2775  17806  17806      0 
    0    221     53      -     94    100      0      0      0      0  10251   2775  17806  17806      0 
    0    223     53      -     94    100      0      0      0      0  10251   2775  17806  17806      0 
    0    224     53      -     94    100      0      0      0      0  10251   2775  17806  17806      0 
    0    172     51      -     26     27      0      0      0      0  10251   2775  17806  17806      0 
    0    181     53      -     94    100      0      0      0      0  10251   2775  17806  17806      0 
# gpu    pwr  gtemp  mtemp     sm    mem    enc    dec    jpg    ofa   mclk   pclk     fb   bar1   ccpm 
# Idx      W      C      C      %      %      %      %      %      %    MHz    MHz     MB     MB     MB 
    0    219     53      -     94    100      0      0      0      0  10251   2775  17806  17806      0 
    0    220     53      -     92    100      0      0      0      0  10251   2775  17806  17806      0 
    0    222     53      -     94    100      0      0      0      0  10251   2775  17806  17806      0 
    0    222     53      -     94    100      0      0      0      0  10251   2775  17806  17806      0 
    0    223     53      -     92    100      0      0      0      0  10251   2775  17806  17806      0 
    0    224     53      -     94    100      0      0      0      0  10251   2775  17806  17806      0 
    0    225     53      -     95    100      0      0      0      0  10251   2775  17806  17806      0 
    0    148     52      -     19      4      0      0      0      0  10251   2775  17806  17806      0 
    0    218     53      -     93    100      0      0      0      0  10251   2775  17806  17806      0 
    0    220     53      -     94    100      0      0      0      0  10251   2775  17806  17806      0 
    0    220     53      -     94    100      0      0      0      0  10251   2775  17806  17806      0 
    0    221     53      -     93    100      0      0      0      0  10251   2775  17806  17806      0 
    0    222     53      -     94    100      0      0      0      0  10251   2775  17806  17806      0 
    0    223     54      -     94    100      0      0      0      0  10251   2775  17806  17806      0 
    0    224     53      -     94    100      0      0      0      0  10251   2775  17806  17806      0 
    0    214     52      -     94    100      0      0      0      0  10251   2775  17806  17806      0 
    0    147     53      -     16      3      0      0      0      0  10251   2775  17806  17806      0 
    0    219     54      -     94    100      0      0      0      0  10251   2775  17806  17806      0 
    0    220     53      -     94    100      0      0      0      0  10251   2775  17806  17806      0 
    0    221     53      -     93    100      0      0      0      0  10251   2775  17806  17806      0 
    0    222     53      -     95    100      0      0      0      0  10251   2775  17806  17806      0 
    0    223     53      -     95    100      0      0      0      0  10251   2775  17806  17806      0 
    0    224     53      -     94    100      0      0      0      0  10251   2775  17806  17806      0 
    0    225     53      -     93    100      0      0      0      0  10251   2775  17806  17806      0 
    0    177     51      -     50     54      0      0      0      0  10251   2775  17806  17806      0 
    0    181     53      -     94    100      0      0      0      0  10251   2775  17806  17806      0 
    0    219     53      -     94    100      0      0      0      0  10251   2775  17806  17806      0 
    0    220     53      -     94    100      0      0      0      0  10251   2775  17806  17806      0 
    0    221     53      -     94    100      0      0      0      0  10251   2775  17806  17806      0 
    0    222     53      -     94    100      0      0      0      0  10251   2775  17806  17806      0 
    0    223     53      -     94    100      0      0      0      0  10251   2775  17806  17806      0 
    0    224     53      -     93    100      0      0      0      0  10251   2775  17806  17806      0 
    0    197     53      -     94    100      0      0      0      0  10251   2775  17806  17806      0 
    0    165     53      -     94    100      0      0      0      0  10251   2775  17806  17806      0 
    0    220     53      -     93    100      0      0      0      0  10251   2775  17806  17806      0 
    0    220     53      -     94    100      0      0      0      0  10251   2775  17806  17806      0 
    0    221     53      -     95    100      0      0      0      0  10251   2775  17806  17806      0 
    0    222     53      -     95    100      0      0      0      0  10251   2775  17806  17806      0 
    0    223     53      -     93    100      0      0      0      0  10251   2775  17806  17806      0 
    0    224     53      -     94    100      0      0      0      0  10251   2775  17806  17806      0 
    0    225     53      -     95    100      0      0      0      0  10251   2775  17806  17806      0 
    0    153     50      -     11      2      0      0      0      0  10251   2775  17806  17806      0 
    0    191     53      -     94    100      0      0      0      0  10251   2775  17806  17806      0 
    0    219     53      -     93    100      0      0      0      0  10251   2775  17806  17806      0 
# gpu    pwr  gtemp  mtemp     sm    mem    enc    dec    jpg    ofa   mclk   pclk     fb   bar1   ccpm 
# Idx      W      C      C      %      %      %      %      %      %    MHz    MHz     MB     MB     MB 
    0    220     53      -     94    100      0      0      0      0  10251   2775  17806  17806      0 
    0    221     53      -     94    100      0      0      0      0  10251   2775  17806  17806      0 
    0    222     53      -     91    100      0      0      0      0  10251   2775  17806  17806      0 
    0    223     53      -     94    100      0      0      0      0  10251   2775  17806  17806      0 
    0    224     53      -     94    100      0      0      0      0  10251   2775  17806  17806      0 
    0    225     52      -     94    100      0      0      0      0  10251   2775  17806  17806      0 
    0    146     53      -     94    100      0      0      0      0  10251   2775  17806  17806      0 
    0    219     53      -     93    100      0      0      0      0  10251   2775  17806  17806      0 
    0    220     53      -     94    100      0      0      0      0  10251   2775  17806  17806      0 
    0    221     53      -     95    100      0      0      0      0  10251   2775  17806  17806      0 
    0    222     53      -     93    100      0      0      0      0  10251   2775  17806  17806      0 
    0    223     53      -     94    100      0      0      0      0  10251   2775  17806  17806      0 
    0    225     53      -     95    100      0      0      0      0  10251   2775  17806  17806      0 
    0    226     53      -     94    100      0      0      0      0  10251   2775  17806  17806      0 
    0    205     51      -     19      4      0      0      0      0  10251   2775  17806  17806      0 
    0    156     53      -     94    100      0      0      0      0  10251   2775  17806  17806      0 
    0    219     53      -     95    100      0      0      0      0  10251   2775  17806  17806      0 
    0    221     53      -     93    100      0      0      0      0  10251   2775  17806  17806      0 
    0    221     53      -     94    100      0      0      0      0  10251   2775  17806  17806      0 
    0    222     53      -     94    100      0      0      0      0  10251   2775  17806  17806      0 
    0    223     53      -     93    100      0      0      0      0  10251   2775  17806  17806      0 
    0    224     53      -     93    100      0      0      0      0  10251   2775  17806  17806      0 
    0    225     53      -     94    100      0      0      0      0  10251   2775  17806  17806      0 
    0    166     51      -     19      4      0      0      0      0  10251   2775  17806  17806      0 
    0    192     53      -     93    100      0      0      0      0  10251   2775  17806  17806      0 
    0    220     53      -     94    100      0      0      0      0  10251   2775  17806  17806      0 
    0    220     53      -     94    100      0      0      0      0  10251   2775  17806  17806      0 
    0    222     53      -     93    100      0      0      0      0  10251   2775  17806  17806      0 
    0    223     54      -     94    100      0      0      0      0  10251   2775  17806  17806      0 
    0    224     54      -     94    100      0      0      0      0  10251   2775  17806  17806      0 
    0    225     53      -     94    100      0      0      0      0  10251   2775  17806  17806      0 
    0    226     52      -     95    100      0      0      0      0  10251   2775  17806  17806      0 
    0    148     53      -     93    100      0      0      0      0  10251   2775  17806  17806      0 
    0    219     53      -     94    100      0      0      0      0  10251   2775  17806  17806      0 
    0    220     53      -     94    100      0      0      0      0  10251   2775  17806  17806      0 
    0    221     53      -     93    100      0      0      0      0  10251   2775  17806  17806      0 
    0    222     53      -     94    100      0      0      0      0  10251   2775  17806  17806      0 
    0    223     53      -     95    100      0      0      0      0  10251   2775  17806  17806      0 
    0    224     53      -     94    100      0      0      0      0  10251   2775  17806  17806      0 
    0    225     53      -     93    100      0      0      0      0  10251   2775  17806  17806      0 
    0    203     51      -     20      4      0      0      0      0  10251   2775  17806  17806      0 
    0    160     53      -     94    100      0      0      0      0  10251   2775  17806  17806      0 
    0    220     53      -     94    100      0      0      0      0  10251   2775  17806  17806      0 
    0    220     53      -     94    100      0      0      0      0  10251   2775  17806  17806      0 
# gpu    pwr  gtemp  mtemp     sm    mem    enc    dec    jpg    ofa   mclk   pclk     fb   bar1   ccpm 
# Idx      W      C      C      %      %      %      %      %      %    MHz    MHz     MB     MB     MB 
    0    222     53      -     93    100      0      0      0      0  10251   2775  17806  17806      0 
    0    222     53      -     94    100      0      0      0      0  10251   2775  17806  17806      0 
    0    223     53      -     94    100      0      0      0      0  10251   2775  17806  17806      0 
    0    224     53      -     93    100      0      0      0      0  10251   2775  17806  17806      0 
    0    225     53      -     94    100      0      0      0      0  10251   2775  17806  17806      0 
    0    162     51      -     19      4      0      0      0      0  10251   2775  17806  17806      0 
    0    195     53      -     93    100      0      0      0      0  10251   2775  17806  17806      0 
    0    220     53      -     93    100      0      0      0      0  10251   2775  17806  17806      0 
    0    221     53      -     93    100      0      0      0      0  10251   2775  17806  17806      0 
    0    221     53      -     94    100      0      0      0      0  10251   2775  17806  17806      0 
    0    222     53      -     94    100      0      0      0      0  10251   2775  17806  17806      0 
    0    224     53      -     93    100      0      0      0      0  10251   2775  17806  17806      0 
    0    224     53      -     94    100      0      0      0      0  10251   2775  17806  17806      0 
    0    222     53      -     70     79      0      0      0      0  10251   2775  17806  17806      0 
    0    148     53      -     94    100      0      0      0      0  10251   2775  17806  17806      0 
    0    218     53      -     94    100      0      0      0      0  10251   2775  17806  17806      0 
    0    219     53      -     93    100      0      0      0      0  10251   2775  17806  17806      0 
    0    221     53      -     93    100      0      0      0      0  10251   2775  17806  17806      0 
    0    222     53      -     94    100      0      0      0      0  10251   2775  17806  17806      0 
    0    222     53      -     92    100      0      0      0      0  10251   2775  17806  17806      0 
    0    223     53      -     94    100      0      0      0      0  10251   2775  17806  17806      0 
    0    224     53      -     94    100      0      0      0      0  10251   2775  17806  17806      0 
    0    151     52      -     20      4      0      0      0      0  10251   2775  17806  17806      0 
    0    212     53      -     94    100      0      0      0      0  10251   2775  17806  17806      0 
    0    218     53      -     94    100      0      0      0      0  10251   2775  17806  17806      0 
    0    220     53      -     94    100      0      0      0      0  10251   2775  17806  17806      0 
    0    221     53      -     94    100      0      0      0      0  10251   2775  17806  17806      0 
    0    221     53      -     94    100      0      0      0      0  10251   2775  17806  17806      0 
    0    222     53      -     93    100      0      0      0      0  10251   2775  17806  17806      0 
    0    224     53      -     94    100      0      0      0      0  10251   2775  17806  17806      0 
    0    220     53      -     94    100      0      0      0      0  10251   2775  17806  17806      0 
    0    150     53      -     20      4      0      0      0      0  10251   2775  17806  17806      0 
    0    219     53      -     94    100      0      0      0      0  10251   2775  17806  17806      0 
    0    220     53      -     95    100      0      0      0      0  10251   2775  17806  17806      0 
    0    221     53      -     94    100      0      0      0      0  10251   2775  17806  17806      0 
    0    222     53      -     94    100      0      0      0      0  10251   2775  17806  17806      0 
    0    223     53      -     93    100      0      0      0      0  10251   2775  17806  17806      0 
    0    224     53      -     95    100      0      0      0      0  10251   2775  17806  17806      0 
    0    225     53      -     94    100      0      0      0      0  10251   2775  17806  17806      0 
    0    186     51      -     94    100      0      0      0      0  10251   2775  17806  17806      0 
    0    173     53      -     94    100      0      0      0      0  10251   2775  17806  17806      0 
    0    220     53      -     95    100      0      0      0      0  10251   2775  17806  17806      0 
    0    221     53      -     93    100      0      0      0      0  10251   2775  17806  17806      0 
    0    221     53      -     93    100      0      0      0      0  10251   2775  17806  17806      0 
# gpu    pwr  gtemp  mtemp     sm    mem    enc    dec    jpg    ofa   mclk   pclk     fb   bar1   ccpm 
# Idx      W      C      C      %      %      %      %      %      %    MHz    MHz     MB     MB     MB 
    0    222     53      -     94    100      0      0      0      0  10251   2775  17806  17806      0 
    0    223     53      -     94    100      0      0      0      0  10251   2775  17806  17806      0 
    0    224     53      -     94    100      0      0      0      0  10251   2775  17806  17806      0 
    0    224     53      -     93    100      0      0      0      0  10251   2775  17806  17806      0 
    0    149     52      -     19      4      0      0      0      0  10251   2775  17806  17806      0 
    0    211     53      -     94    100      0      0      0      0  10251   2775  17806  17806      0 
    0    219     53      -     93    100      0      0      0      0  10251   2775  17806  17806      0 
    0    220     53      -     94    100      0      0      0      0  10251   2775  17806  17806      0 
    0    221     53      -     92    100      0      0      0      0  10251   2775  17806  17806      0 
    0    222     53      -     94    100      0      0      0      0  10251   2775  17806  17806      0 
    0    223     53      -     94    100      0      0      0      0  10251   2775  17806  17806      0 
    0    224     53      -     93    100      0      0      0      0  10251   2775  17806  17806      0 
    0    221     52      -     94    100      0      0      0      0  10251   2775  17806  17806      0 
    0    153     52      -     19      4      0      0      0      0  10251   2775  17806  17806      0 
    0    219     53      -     94    100      0      0      0      0  10251   2775  17806  17806      0 
    0    220     53      -     94    100      0      0      0      0  10251   2775  17806  17806      0 
    0    221     53      -     93    100      0      0      0      0  10251   2775  17806  17806      0 
    0    221     53      -     95    100      0      0      0      0  10251   2775  17806  17806      0 
    0    222     53      -     94    100      0      0      0      0  10251   2775  17806  17806      0 
    0    223     53      -     93    100      0      0      0      0  10251   2775  17806  17806      0 
    0    224     53      -     94    100      0      0      0      0  10251   2775  17806  17806      0 
    0    186     50      -     95    100      0      0      0      0  10251   2775  17806  17806      0 
    0    173     53      -     94    100      0      0      0      0  10251   2775  17806  17806      0 
    0    219     53      -     94    100      0      0      0      0  10251   2775  17806  17806      0 
    0    219     53      -     94    100      0      0      0      0  10251   2775  17806  17806      0 
    0    221     53      -     93    100      0      0      0      0  10251   2775  17806  17806      0 
    0    221     53      -     94    100      0      0      0      0  10251   2775  17806  17806      0 
    0    222     53      -     93    100      0      0      0      0  10251   2775  17806  17806      0 
    0    223     53      -     92    100      0      0      0      0  10251   2775  17806  17806      0 
    0    224     53      -     94    100      0      0      0      0  10251   2775  17806  17806      0 
    0    148     51      -     20      4      0      0      0      0  10251   2775  17806  17806      0 
    0    218     53      -     94    100      0      0      0      0  10251   2775  17806  17806      0 
    0    220     53      -     94    100      0      0      0      0  10251   2775  17806  17806      0 
    0    220     53      -     93    100      0      0      0      0  10251   2775  17806  17806      0 
    0    221     53      -     95    100      0      0      0      0  10251   2775  17806  17806      0 
    0    223     53      -     94    100      0      0      0      0  10251   2775  17806  17806      0 
    0    223     53      -     94    100      0      0      0      0  10251   2775  17806  17806      0 
    0    224     53      -     93    100      0      0      0      0  10251   2775  17806  17806      0 
    0    212     52      -     94    100      0      0      0      0  10251   2775  17806  17806      0 
    0    149     52      -     19      4      0      0      0      0  10251   2775  17806  17806      0 
    0    219     53      -     94    100      0      0      0      0  10251   2775  17806  17806      0 
    0    221     53      -     94    100      0      0      0      0  10251   2775  17806  17806      0 
    0    222     53      -     95    100      0      0      0      0  10251   2775  17806  17806      0 
    0    222     53      -     94    100      0      0      0      0  10251   2775  17806  17806      0 
# gpu    pwr  gtemp  mtemp     sm    mem    enc    dec    jpg    ofa   mclk   pclk     fb   bar1   ccpm 
# Idx      W      C      C      %      %      %      %      %      %    MHz    MHz     MB     MB     MB 
    0    223     53      -     93    100      0      0      0      0  10251   2775  17806  17806      0 
    0    224     53      -     94    100      0      0      0      0  10251   2775  17806  17806      0 
    0    220     51      -     46     51      0      0      0      0  10251   2775  17806  17806      0 
    0    146     52      -     93    100      0      0      0      0  10251   2775  17806  17806      0 
    0    219     53      -     94    100      0      0      0      0  10251   2775  17806  17806      0 
    0    220     53      -     94    100      0      0      0      0  10251   2775  17806  17806      0 
    0    221     53      -     95    100      0      0      0      0  10251   2775  17806  17806      0 
    0    222     53      -     93    100      0      0      0      0  10251   2775  17806  17806      0 
    0    223     53      -     95    100      0      0      0      0  10251   2775  17806  17806      0 
    0    224     53      -     94    100      0      0      0      0  10251   2775  17806  17806      0 
    0    225     53      -     94    100      0      0      0      0  10251   2775  17806  17806      0 
    0    190     51      -     19      4      0      0      0      0  10251   2775  17806  17806      0 
    0    168     52      -     94    100      0      0      0      0  10251   2775  17806  17806      0 
    0    219     53      -     94    100      0      0      0      0  10251   2775  17806  17806      0 
    0    220     53      -     93    100      0      0      0      0  10251   2775  17806  17806      0 
    0    221     53      -     94    100      0      0      0      0  10251   2775  17806  17806      0 
    0    222     53      -     95    100      0      0      0      0  10251   2775  17806  17806      0 
    0    222     53      -     93    100      0      0      0      0  10251   2775  17806  17806      0 
    0    224     53      -     95    100      0      0      0      0  10251   2775  17806  17806      0 
    0    225     53      -     94    100      0      0      0      0  10251   2775  17806  17806      0 
    0    154     50      -     17      3      0      0      0      0  10251   2775  17806  17806      0 
    0    205     53      -     92    100      0      0      0      0  10251   2775  17806  17806      0 
    0    220     52      -     94    100      0      0      0      0  10251   2775  17806  17806      0 
    0    220     53      -     94    100      0      0      0      0  10251   2775  17806  17806      0 
    0    221     53      -     93    100      0      0      0      0  10251   2775  17806  17806      0 
    0    223     53      -     94    100      0      0      0      0  10251   2775  17806  17806      0 
    0    224     53      -     95    100      0      0      0      0  10251   2775  17806  17806      0 
    0    225     53      -     95    100      0      0      0      0  10251   2775  17806  17806      0 
    0    209     51      -      0      0      0      0      0      0  10251   2775  17806  17806      0 
    0     73     48      -     73      6      0      0      0      0  10501   2775      1      2      0 
    0     70     48      -      0      0      0      0      0      0  10501   2790      1      2      0 
    0     60     46      -      0      0      0      0      0      0    810    720      1      2      0 
    0     40     45      -      0      0      0      0      0      0    810    450      1      2      0 
    0     20     45      -      0      0      0      0      0      0    405    285      1      2      0 
    0     17     44      -      0      0      0      0      0      0    405    210      1      2      0 
    0     14     44      -      0      0      0      0      0      0    405    210      1      2      0 
    0     14     43      -      0      0      0      0      0      0    405    210      1      2      0 
    0     14     43      -      0      0      0      0      0      0    405    210      1      2      0 
    0     14     43      -      0      0      0      0      0      0    405    210      1      2      0 
    0     14     42      -      0      0      0      0      0      0    405    210      1      2      0 
    0     14     42      -      0      0      0      0      0      0    405    210      1      2      0 
    0     14     42      -      0      0      0      0      0      0    405    210      4      5      0 
    0     14     41      -      0      0      0      0      0      0    405    210      4      5      0 
    0     14     41      -      0      0      0      0      0      0    405    210      4      5      0 
# gpu    pwr  gtemp  mtemp     sm    mem    enc    dec    jpg    ofa   mclk   pclk     fb   bar1   ccpm 
# Idx      W      C      C      %      %      %      %      %      %    MHz    MHz     MB     MB     MB 
    0     14     41      -      0      0      0      0      0      0    405    210      4      5      0 
    0     13     41      -      0      0      0      0      0      0    405    210      4      5      0 
    0     14     40      -      0      0      0      0      0      0    405    210      4      5      0 
    0     14     40      -      0      0      0      0      0      0    405    210      4      5      0 
    0     13     40      -      0      0      0      0      0      0    405    210      4      5      0 
    0     13     40      -      0      0      0      0      0      0    405    210      4      5      0 
    0     13     39      -      0      0      0      0      0      0    405    210      4      5      0 
    0     13     39      -      0      0      0      0      0      0    405    210      4      5      0 
    0     13     39      -      0      0      0      0      0      0    405    210      4      5      0 
    0     13     39      -      0      0      0      0      0      0    405    210      4      5      0 
    0     13     39      -      0      0      0      0      0      0    405    210      4      5      0 
    0     13     38      -      0      0      0      0      0      0    405    210      4      5      0 
    0     13     38      -      0      0      0      0      0      0    405    210      4      5      0 
    0     12     38      -      0      0      0      0      0      0    405    210      4      5      0 
    0     13     38      -      0      0      0      0      0      0  10501   2520    480    480      0 
    0     46     39      -      0      0      0      0      0      0  10251   2520   1046   1046      0 
    0     50     39      -      0      0      0      0      0      0  10251   2520  10220  10220      0 
    0     73     40      -      9      2      0      0      0      0  10251   2520  14442  14442      0 
    0    164     44      -     94    100      0      0      0      0  10251   2790  14442  14442      0 
    0    212     44      -     93    100      0      0      0      0  10251   2790  14442  14442      0 
    0    210     45      -     94    100      0      0      0      0  10251   2790  14442  14442      0 
    0    211     45      -     93    100      0      0      0      0  10251   2790  14442  14442      0 
    0    212     45      -     94    100      0      0      0      0  10251   2790  14442  14442      0 
    0    212     45      -     92    100      0      0      0      0  10251   2790  14442  14442      0 
    0    212     46      -     94    100      0      0      0      0  10251   2790  14442  14442      0 
    0    213     46      -     94    100      0      0      0      0  10251   2790  17806  17806      0 
    0    132     43      -     41     47      0      0      0      0  10251   2790  17806  17806      0 
    0    204     46      -     94    100      0      0      0      0  10251   2790  17806  17806      0 
    0    214     46      -     94    100      0      0      0      0  10251   2790  17806  17806      0 
    0    214     47      -     92    100      0      0      0      0  10251   2790  17806  17806      0 
    0    215     47      -     93    100      0      0      0      0  10251   2790  17806  17806      0 
    0    216     47      -     93    100      0      0      0      0  10251   2790  17806  17806      0 
    0    218     47      -     94    100      0      0      0      0  10251   2790  17806  17806      0 
    0    218     47      -     94    100      0      0      0      0  10251   2790  17806  17806      0 
    0    162     45      -     68     75      0      0      0      0  10251   2790  17806  17806      0 
    0    181     47      -     92    100      0      0      0      0  10251   2790  17806  17806      0 
    0    214     48      -     94    100      0      0      0      0  10251   2790  17806  17806      0 
    0    215     48      -     93    100      0      0      0      0  10251   2790  17806  17806      0 
    0    216     48      -     94    100      0      0      0      0  10251   2790  17806  17806      0 
    0    217     48      -     94    100      0      0      0      0  10251   2790  17806  17806      0 
    0    218     48      -     93    100      0      0      0      0  10251   2790  17806  17806      0 
    0    220     48      -     93    100      0      0      0      0  10251   2790  17806  17806      0 
    0    219     48      -     94    100      0      0      0      0  10251   2790  17806  17806      0 
    0    138     47      -     18      4      0      0      0      0  10251   2790  17806  17806      0 
# gpu    pwr  gtemp  mtemp     sm    mem    enc    dec    jpg    ofa   mclk   pclk     fb   bar1   ccpm 
# Idx      W      C      C      %      %      %      %      %      %    MHz    MHz     MB     MB     MB 
    0    214     48      -     94    100      0      0      0      0  10251   2790  17806  17806      0 
    0    215     48      -     94    100      0      0      0      0  10251   2790  17806  17806      0 
    0    215     49      -     92    100      0      0      0      0  10251   2790  17806  17806      0 
    0    217     49      -     94    100      0      0      0      0  10251   2790  17806  17806      0 
    0    217     49      -     92    100      0      0      0      0  10251   2790  17806  17806      0 
    0    218     49      -     92    100      0      0      0      0  10251   2790  17806  17806      0 
    0    219     49      -     94    100      0      0      0      0  10251   2790  17806  17806      0 
    0    212     48      -     93    100      0      0      0      0  10251   2790  17806  17806      0 
    0    134     49      -     19      4      0      0      0      0  10251   2790  17806  17806      0 
    0    216     49      -     93    100      0      0      0      0  10251   2790  17806  17806      0 
    0    216     49      -     94    100      0      0      0      0  10251   2790  17806  17806      0 
    0    217     50      -     94    100      0      0      0      0  10251   2790  17806  17806      0 
    0    218     50      -     94    100      0      0      0      0  10251   2790  17806  17806      0 
    0    219     50      -     94    100      0      0      0      0  10251   2790  17806  17806      0 
    0    220     50      -     94    100      0      0      0      0  10251   2790  17806  17806      0 
    0    221     50      -     93    100      0      0      0      0  10251   2790  17806  17806      0 
    0    180     47      -     92    100      0      0      0      0  10251   2790  17806  17806      0 
    0    169     50      -     93    100      0      0      0      0  10251   2790  17806  17806      0 
    0    217     50      -     94    100      0      0      0      0  10251   2790  17806  17806      0 
    0    218     50      -     94    100      0      0      0      0  10251   2790  17806  17806      0 
    0    218     50      -     93    100      0      0      0      0  10251   2790  17806  17806      0 
    0    219     50      -     94    100      0      0      0      0  10251   2790  17806  17806      0 
    0    220     50      -     94    100      0      0      0      0  10251   2790  17806  17806      0 
    0    221     50      -     93    100      0      0      0      0  10251   2790  17806  17806      0 
    0    222     51      -     94    100      0      0      0      0  10251   2790  17806  17806      0 
    0    145     49      -     19      4      0      0      0      0  10251   2790  17806  17806      0 
    0    206     50      -     92    100      0      0      0      0  10251   2790  17806  17806      0 
    0    216     50      -     93    100      0      0      0      0  10251   2790  17806  17806      0 
    0    218     51      -     93    100      0      0      0      0  10251   2790  17806  17806      0 
    0    218     51      -     94    100      0      0      0      0  10251   2790  17806  17806      0 
    0    217     51      -     92    100      0      0      0      0  10251   2790  17806  17806      0 
    0    220     51      -     91    100      0      0      0      0  10251   2790  17806  17806      0 
    0    221     51      -     93    100      0      0      0      0  10251   2790  17806  17806      0 
    0    224     50      -     93    100      0      0      0      0  10251   2790  17806  17806      0 
    0    144     50      -     19      4      0      0      0      0  10251   2790  17806  17806      0 
    0    216     51      -     93    100      0      0      0      0  10251   2790  17806  17806      0 
    0    217     51      -     94    100      0      0      0      0  10251   2790  17806  17806      0 
    0    218     51      -     92    100      0      0      0      0  10251   2790  17806  17806      0 
    0    219     51      -     94    100      0      0      0      0  10251   2790  17806  17806      0 
    0    219     51      -     92    100      0      0      0      0  10251   2790  17806  17806      0 
    0    220     51      -     94    100      0      0      0      0  10251   2790  17806  17806      0 
    0    222     51      -     93    100      0      0      0      0  10251   2790  17806  17806      0 
    0    192     49      -     94    100      0      0      0      0  10251   2790  17806  17806      0 
    0    157     51      -     75     87      0      0      0      0  10251   2790  17806  17806      0 
# gpu    pwr  gtemp  mtemp     sm    mem    enc    dec    jpg    ofa   mclk   pclk     fb   bar1   ccpm 
# Idx      W      C      C      %      %      %      %      %      %    MHz    MHz     MB     MB     MB 
    0    217     51      -     94    100      0      0      0      0  10251   2790  17806  17806      0 
    0    218     51      -     93    100      0      0      0      0  10251   2790  17806  17806      0 
    0    219     51      -     94    100      0      0      0      0  10251   2790  17806  17806      0 
    0    221     51      -     94    100      0      0      0      0  10251   2790  17806  17806      0 
    0    221     52      -     94    100      0      0      0      0  10251   2790  17806  17806      0 
    0    222     52      -     94    100      0      0      0      0  10251   2790  17806  17806      0 
    0    223     52      -     93    100      0      0      0      0  10251   2790  17806  17806      0 
    0    157     49      -     18      4      0      0      0      0  10251   2790  17806  17806      0 
    0    217     51      -     94    100      0      0      0      0  10251   2790  17806  17806      0 
    0    219     52      -     94    100      0      0      0      0  10251   2790  17806  17806      0 
    0    219     52      -     94    100      0      0      0      0  10251   2790  17806  17806      0 
    0    220     52      -     94    100      0      0      0      0  10251   2790  17806  17806      0 
    0    221     52      -     94    100      0      0      0      0  10251   2790  17806  17806      0 
    0    221     52      -     94    100      0      0      0      0  10251   2790  17806  17806      0 
    0    222     52      -     93    100      0      0      0      0  10251   2790  17806  17806      0 
    0    183     49      -     19      4      0      0      0      0  10251   2790  17806  17806      0 
    0    170     52      -     91    100      0      0      0      0  10251   2790  17806  17806      0 
    0    217     52      -     94    100      0      0      0      0  10251   2790  17806  17806      0 
    0    218     52      -     94    100      0      0      0      0  10251   2790  17806  17806      0 
    0    220     52      -     94    100      0      0      0      0  10251   2790  17806  17806      0 
    0    220     52      -     94    100      0      0      0      0  10251   2790  17806  17806      0 
    0    221     52      -     94    100      0      0      0      0  10251   2790  17806  17806      0 
    0    222     52      -     94    100      0      0      0      0  10251   2790  17806  17806      0 
    0    223     52      -     94    100      0      0      0      0  10251   2790  17806  17806      0 
    0    147     50      -     25     28      0      0      0      0  10251   2790  17806  17806      0 
    0    206     52      -     94    100      0      0      0      0  10251   2790  17806  17806      0 
    0    218     52      -     94    100      0      0      0      0  10251   2790  17806  17806      0 
    0    218     52      -     93    100      0      0      0      0  10251   2790  17806  17806      0 
    0    219     52      -     94    100      0      0      0      0  10251   2790  17806  17806      0 
    0    220     52      -     92    100      0      0      0      0  10251   2790  17806  17806      0 
    0    220     52      -     92    100      0      0      0      0  10251   2790  17806  17806      0 
    0    221     52      -     94    100      0      0      0      0  10251   2790  17806  17806      0 
    0    224     52      -     88    100      0      0      0      0  10251   2775  17806  17806      0 
    0    143     52      -     93    100      0      0      0      0  10251   2775  17806  17806      0 
    0    217     52      -     93    100      0      0      0      0  10251   2775  17806  17806      0 
    0    218     52      -     93    100      0      0      0      0  10251   2775  17806  17806      0 
    0    219     52      -     94    100      0      0      0      0  10251   2775  17806  17806      0 
    0    220     52      -     92    100      0      0      0      0  10251   2775  17806  17806      0 
    0    221     52      -     94    100      0      0      0      0  10251   2775  17806  17806      0 
    0    221     52      -     93    100      0      0      0      0  10251   2775  17806  17806      0 
    0    222     52      -     94    100      0      0      0      0  10251   2775  17806  17806      0 
    0    195     50      -     19      4      0      0      0      0  10251   2775  17806  17806      0 
    0    160     52      -     94    100      0      0      0      0  10251   2775  17806  17806      0 
    0    216     52      -     91    100      0      0      0      0  10251   2775  17806  17806      0 
# gpu    pwr  gtemp  mtemp     sm    mem    enc    dec    jpg    ofa   mclk   pclk     fb   bar1   ccpm 
# Idx      W      C      C      %      %      %      %      %      %    MHz    MHz     MB     MB     MB 
    0    218     52      -     93    100      0      0      0      0  10251   2775  17806  17806      0 
    0    220     52      -     94    100      0      0      0      0  10251   2775  17806  17806      0 
    0    220     52      -     94    100      0      0      0      0  10251   2775  17806  17806      0 
    0    221     52      -     94    100      0      0      0      0  10251   2775  17806  17806      0 
    0    222     52      -     94    100      0      0      0      0  10251   2775  17806  17806      0 
    0    223     53      -     94    100      0      0      0      0  10251   2775  17806  17806      0 
    0    160     49      -     20      4      0      0      0      0  10251   2775  17806  17806      0 
    0    193     52      -     94    100      0      0      0      0  10251   2775  17806  17806      0 
    0    218     52      -     94    100      0      0      0      0  10251   2775  17806  17806      0 
    0    219     52      -     94    100      0      0      0      0  10251   2775  17806  17806      0 
    0    220     52      -     94    100      0      0      0      0  10251   2775  17806  17806      0 
    0    221     52      -     93    100      0      0      0      0  10251   2775  17806  17806      0 
    0    222     52      -     94    100      0      0      0      0  10251   2775  17806  17806      0 
    0    223     52      -     94    100      0      0      0      0  10251   2775  17806  17806      0 
    0    222     54      -     84     93      0      0      0      0  10251   2775  17806  17806      0 
    0    140     52      -     94    100      0      0      0      0  10251   2775  17806  17806      0 
    0    217     52      -     94    100      0      0      0      0  10251   2775  17806  17806      0 
    0    219     52      -     94    100      0      0      0      0  10251   2775  17806  17806      0 
    0    218     53      -     93    100      0      0      0      0  10251   2775  17806  17806      0 
    0    220     52      -     94    100      0      0      0      0  10251   2775  17806  17806      0 
    0    221     53      -     94    100      0      0      0      0  10251   2775  17806  17806      0 
    0    222     53      -     94    100      0      0      0      0  10251   2775  17806  17806      0 
    0    223     53      -     94    100      0      0      0      0  10251   2775  17806  17806      0 
    0    209     50      -     18      4      0      0      0      0  10251   2775  17806  17806      0 
    0    144     52      -     94    100      0      0      0      0  10251   2775  17806  17806      0 
    0    217     52      -     94    100      0      0      0      0  10251   2775  17806  17806      0 
    0    219     52      -     94    100      0      0      0      0  10251   2775  17806  17806      0 
    0    220     52      -     93    100      0      0      0      0  10251   2775  17806  17806      0 
    0    220     52      -     94    100      0      0      0      0  10251   2775  17806  17806      0 
    0    222     53      -     94    100      0      0      0      0  10251   2775  17806  17806      0 
    0    223     53      -     94    100      0      0      0      0  10251   2775  17806  17806      0 
    0    224     53      -     94    100      0      0      0      0  10251   2775  17806  17806      0 
    0    177     50      -     20      4      0      0      0      0  10251   2775  17806  17806      0 
    0    174     52      -     93    100      0      0      0      0  10251   2775  17806  17806      0 
    0    218     52      -     94    100      0      0      0      0  10251   2775  17806  17806      0 
    0    219     52      -     94    100      0      0      0      0  10251   2775  17806  17806      0 
    0    221     53      -     94    100      0      0      0      0  10251   2775  17806  17806      0 
    0    221     53      -     93    100      0      0      0      0  10251   2775  17806  17806      0 
    0    222     53      -     94    100      0      0      0      0  10251   2775  17806  17806      0 
    0    222     53      -     94    100      0      0      0      0  10251   2775  17806  17806      0 
    0    203     50      -     94    100      0      0      0      0  10251   2775  17806  17806      0 
    0    149     52      -      4      1      0      0      0      0  10251   2775  17806  17806      0 
    0    218     52      -     94    100      0      0      0      0  10251   2775  17806  17806      0 
    0    218     52      -     94    100      0      0      0      0  10251   2775  17806  17806      0 
# gpu    pwr  gtemp  mtemp     sm    mem    enc    dec    jpg    ofa   mclk   pclk     fb   bar1   ccpm 
# Idx      W      C      C      %      %      %      %      %      %    MHz    MHz     MB     MB     MB 
    0    219     52      -     94    100      0      0      0      0  10251   2775  17806  17806      0 
    0    221     52      -     94    100      0      0      0      0  10251   2775  17806  17806      0 
    0    221     53      -     93    100      0      0      0      0  10251   2775  17806  17806      0 
    0    222     52      -     93    100      0      0      0      0  10251   2775  17806  17806      0 
    0    224     53      -     94    100      0      0      0      0  10251   2775  17806  17806      0 
    0    170     50      -     89    100      0      0      0      0  10251   2775  17806  17806      0 
    0    166     52      -     94    100      0      0      0      0  10251   2775  17806  17806      0 
    0    219     52      -     94    100      0      0      0      0  10251   2775  17806  17806      0 
    0    219     52      -     93    100      0      0      0      0  10251   2775  17806  17806      0 
    0    219     53      -     94    100      0      0      0      0  10251   2775  17806  17806      0 
    0    220     53      -     93    100      0      0      0      0  10251   2775  17806  17806      0 
    0    222     53      -     94    100      0      0      0      0  10251   2775  17806  17806      0 
    0    223     53      -     94    100      0      0      0      0  10251   2775  17806  17806      0 
    0    224     53      -     94    100      0      0      0      0  10251   2775  17806  17806      0 
    0    153     49      -     17      4      0      0      0      0  10251   2775  17806  17806      0 
    0    194     52      -     92    100      0      0      0      0  10251   2775  17806  17806      0 
    0    219     53      -     94    100      0      0      0      0  10251   2775  17806  17806      0 
    0    220     53      -     93    100      0      0      0      0  10251   2775  17806  17806      0 
    0    220     53      -     94    100      0      0      0      0  10251   2775  17806  17806      0 
    0    221     53      -     93    100      0      0      0      0  10251   2775  17806  17806      0 
    0    222     53      -     94    100      0      0      0      0  10251   2775  17806  17806      0 
    0    222     53      -     94    100      0      0      0      0  10251   2775  17806  17806      0 
    0    224     53      -     94    100      0      0      0      0  10251   2775  17806  17806      0 
    0    139     52      -     19      4      0      0      0      0  10251   2775  17806  17806      0 
    0    217     52      -     93    100      0      0      0      0  10251   2775  17806  17806      0 
    0    218     53      -     94    100      0      0      0      0  10251   2775  17806  17806      0 
    0    219     53      -     94    100      0      0      0      0  10251   2775  17806  17806      0 
    0    219     53      -     94    100      0      0      0      0  10251   2775  17806  17806      0 
    0    220     53      -     94    100      0      0      0      0  10251   2775  17806  17806      0 
    0    221     53      -     94    100      0      0      0      0  10251   2775  17806  17806      0 
    0    221     53      -     94    100      0      0      0      0  10251   2775  17806  17806      0 
    0    200     51      -     93    100      0      0      0      0  10251   2775  17806  17806      0 
    0    152     52      -     26     30      0      0      0      0  10251   2775  17806  17806      0 
    0    218     52      -     93    100      0      0      0      0  10251   2775  17806  17806      0 
    0    218     53      -     93    100      0      0      0      0  10251   2775  17806  17806      0 
    0    220     53      -     94    100      0      0      0      0  10251   2775  17806  17806      0 
    0    220     53      -     94    100      0      0      0      0  10251   2775  17806  17806      0 
    0    221     53      -     94    100      0      0      0      0  10251   2775  17806  17806      0 
    0    222     53      -     93    100      0      0      0      0  10251   2775  17806  17806      0 
    0    222     53      -     94    100      0      0      0      0  10251   2775  17806  17806      0 
    0    169     50      -     80     91      0      0      0      0  10251   2775  17806  17806      0 
    0    184     52      -     92    100      0      0      0      0  10251   2775  17806  17806      0 
    0    218     52      -     94    100      0      0      0      0  10251   2775  17806  17806      0 
    0    218     52      -     93    100      0      0      0      0  10251   2775  17806  17806      0 
# gpu    pwr  gtemp  mtemp     sm    mem    enc    dec    jpg    ofa   mclk   pclk     fb   bar1   ccpm 
# Idx      W      C      C      %      %      %      %      %      %    MHz    MHz     MB     MB     MB 
    0    219     52      -     92    100      0      0      0      0  10251   2775  17806  17806      0 
    0    220     52      -     93    100      0      0      0      0  10251   2775  17806  17806      0 
    0    221     53      -     92    100      0      0      0      0  10251   2775  17806  17806      0 
    0    222     53      -     93    100      0      0      0      0  10251   2775  17806  17806      0 
    0    223     53      -     92    100      0      0      0      0  10251   2775  17806  17806      0 
    0    141     49      -     17      4      0      0      0      0  10251   2775  17806  17806      0 
    0    211     52      -     92    100      0      0      0      0  10251   2775  17806  17806      0 
    0    218     52      -     93    100      0      0      0      0  10251   2775  17806  17806      0 
    0    219     52      -     92    100      0      0      0      0  10251   2775  17806  17806      0 
    0    219     52      -     93    100      0      0      0      0  10251   2775  17806  17806      0 
    0    220     52      -     93    100      0      0      0      0  10251   2775  17806  17806      0 
    0    221     52      -     93    100      0      0      0      0  10251   2775  17806  17806      0 
    0    221     53      -     92    100      0      0      0      0  10251   2775  17806  17806      0 
    0    204     50      -     94    100      0      0      0      0  10251   2775  17798  17798      0 
    0     73     48      -      0      0      0      0      0      0  10501   2790      1      2      0 
    0     70     47      -      0      0      0      0      0      0  10501   2790      1      2      0 
    0     65     46      -      0      0      0      0      0      0   5001    570      1      2      0 
    0     47     45      -      0      0      0      0      0      0   5001    360      1      2      0 
    0     29     45      -      0      0      0      0      0      0   5001    225      1      2      0 
    0     28     44      -      0      0      0      0      0      0   5001    210      1      2      0 
    0     24     44      -      0      0      0      0      0      0    810    210      1      2      0 
    0     19     43      -      0      0      0      0      0      0    405    210      1      2      0 
    0     15     43      -      0      0      0      0      0      0    405    210      1      2      0 
    0     14     43      -      0      0      0      0      0      0    405    210      1      2      0 
    0     14     42      -      0      0      0      0      0      0    405    210      1      2      0 
    0     14     42      -      0      0      0      0      0      0    405    210      1      2      0 
    0     14     42      -      0      0      0      0      0      0    405    210      1      2      0 
    0     13     41      -      0      0      0      0      0      0    405    210      1      2      0 
    0     14     41      -      0      0      0      0      0      0    405    210      1      2      0 
    0     13     41      -      0      0      0      0      0      0    405    210      1      2      0 
    0     13     40      -      0      0      0      0      0      0    405    210      1      2      0 
    0     13     40      -      0      0      0      0      0      0    405    210      1      2      0 
    0     14     40      -      0      0      0      0      0      0    405    210      1      2      0 
    0     13     40      -      0      0      0      0      0      0    405    210      1      2      0 
    0     13     39      -      0      0      0      0      0      0    405    210      1      2      0 
    0     13     39      -      0      0      0      0      0      0    405    210      1      2      0 
    0     13     39      -      0      0      0      0      0      0    405    210      1      2      0 
    0     13     39      -      0      0      0      0      0      0    405    210      1      2      0 
    0     13     39      -      0      0      0      0      0      0    405    210      1      2      0 
    0     12     38      -      0      0      0      0      0      0    405    210      1      2      0 
    0     12     38      -      0      0      0      0      0      0    405    210      1      2      0 
    0     13     38      -      0      0      0      0      0      0    405    210      1      2      0 
    0     12     38      -      0      0      0      0      0      0    405    210      1      2      0 
    0     12     38      -      0      0      0      0      0      0    405    210      1      2      0 
# gpu    pwr  gtemp  mtemp     sm    mem    enc    dec    jpg    ofa   mclk   pclk     fb   bar1   ccpm 
# Idx      W      C      C      %      %      %      %      %      %    MHz    MHz     MB     MB     MB 
    0     12     38      -      0      0      0      0      0      0    405    210      1      2      0 
    0     12     37      -      0      0      0      0      0      0    405    210      1      2      0 
    0     12     37      -      0      0      0      0      0      0    405    210      1      2      0 
    0     12     37      -      0      0      0      0      0      0    405    210      1      2      0 
    0     12     37      -      0      0      0      0      0      0    405    210      1      2      0 
    0     12     37      -      0      0      0      0      0      0    405    210      1      2      0 
    0     12     37      -      0      0      0      0      0      0    405    210      1      2      0 
    0     12     36      -      0      0      0      0      0      0    405    210      1      2      0 
    0     12     36      -      0      0      0      0      0      0    405    210      1      2      0 
    0     12     36      -      0      0      0      0      0      0    405    210      1      2      0 
    0     12     36      -      0      0      0      0      0      0    405    210      1      2      0 
    0     12     36      -      0      0      0      0      0      0    405    210      1      2      0 
    0     12     36      -      0      0      0      0      0      0    405    210      1      2      0 
    0     12     36      -      0      0      0      0      0      0    405    210      1      2      0 
    0     12     35      -      0      0      0      0      0      0    405    210      1      2      0 
    0     11     35      -      0      0      0      0      0      0    405    210      1      2      0 
    0     12     35      -      0      0      0      0      0      0    405    210      1      2      0 
    0     12     35      -      0      0      0      0      0      0    405    210      1      2      0 
    0     12     35      -      0      0      0      0      0      0    405    210      1      2      0 
    0     12     35      -      0      0      0      0      0      0    405    210      1      2      0 
    0     12     35      -      0      0      0      0      0      0    405    210      1      2      0 
    0     12     35      -      0      0      0      0      0      0    405    210      1      2      0 
    0     12     35      -      0      0      0      0      0      0    405    210      1      2      0 
    0     12     34      -      0      0      0      0      0      0    405    210      1      2      0 
    0     12     34      -      0      0      0      0      0      0    405    210      1      2      0 
    0     12     34      -      0      0      0      0      0      0    405    210      1      2      0 
    0     12     34      -      0      0      0      0      0      0    405    210      1      2      0 
    0     11     34      -      0      0      0      0      0      0    405    210      1      2      0 
    0     12     34      -      0      0      0      0      0      0    405    210      1      2      0 
    0     12     34      -      0      0      0      0      0      0    405    210      1      2      0 
    0     11     34      -      0      0      0      0      0      0    405    210      1      2      0 
    0     11     34      -      0      0      0      0      0      0    405    210      1      2      0 
    0     12     34      -      0      0      0      0      0      0    405    210      1      2      0 
    0     11     33      -      0      0      0      0      0      0    405    210      1      2      0 
    0     11     33      -      0      0      0      0      0      0    405    210      1      2      0 
    0     12     33      -      0      0      0      0      0      0    405    210      1      2      0 
    0     11     33      -      0      0      0      0      0      0    405    210      1      2      0 
    0     11     33      -      0      0      0      0      0      0    405    210      1      2      0 
    0     12     33      -      0      0      0      0      0      0    405    210      1      2      0 
    0     12     33      -      0      0      0      0      0      0    405    210      1      2      0 
    0     12     33      -      0      0      0      0      0      0    405    210      1      2      0 
    0     12     33      -      0      0      0      0      0      0    405    210      1      2      0 
    0     12     33      -      0      0      0      0      0      0    405    210      1      2      0 
    0     11     33      -      0      0      0      0      0      0    405    210      1      2      0 
# gpu    pwr  gtemp  mtemp     sm    mem    enc    dec    jpg    ofa   mclk   pclk     fb   bar1   ccpm 
# Idx      W      C      C      %      %      %      %      %      %    MHz    MHz     MB     MB     MB 
    0     12     33      -      0      0      0      0      0      0    405    210      1      2      0 
    0     12     33      -      0      0      0      0      0      0    405    210      1      2      0 
    0     12     33      -      0      0      0      0      0      0    405    210      1      2      0 
    0     11     32      -      0      0      0      0      0      0    405    210      1      2      0 
    0     12     32      -      0      0      0      0      0      0    405    210      1      2      0 
    0     11     32      -      0      0      0      0      0      0    405    210      1      2      0 
    0     12     32      -      0      0      0      0      0      0    405    210      1      2      0 
    0     12     32      -      0      0      0      0      0      0    405    210      1      2      0 
    0     11     32      -      0      0      0      0      0      0    405    210      1      2      0 
    0     12     32      -      0      0      0      0      0      0    405    210      1      2      0 
    0     11     32      -      0      0      0      0      0      0    405    210      1      2      0 
    0     11     32      -      0      0      0      0      0      0    405    210      1      2      0 
    0     11     32      -      0      0      0      0      0      0    405    210      1      2      0 
    0     11     32      -      0      0      0      0      0      0    405    210      1      2      0 
    0     11     32      -      0      0      0      0      0      0    405    210      1      2      0 
    0     11     32      -      0      0      0      0      0      0    405    210      1      2      0 
    0     12     32      -      0      0      0      0      0      0    405    210      1      2      0 
    0     11     32      -      0      0      0      0      0      0    405    210      1      2      0 
    0     11     32      -      0      0      0      0      0      0    405    210      1      2      0 
    0     11     32      -      0      0      0      0      0      0    405    210      1      2      0 
    0     11     32      -      0      0      0      0      0      0    405    210      1      2      0 
    0     11     31      -      0      0      0      0      0      0    405    210      1      2      0 
    0     11     31      -      0      0      0      0      0      0    405    210      1      2      0 
    0     11     31      -      0      0      0      0      0      0    405    210      1      2      0 
    0     11     31      -      0      0      0      0      0      0    405    210      1      2      0 
    0     12     31      -      0      0      0      0      0      0    405    210      1      2      0 
    0     12     31      -      0      0      0      0      0      0    405    210      1      2      0 
    0     11     31      -      0      0      0      0      0      0    405    210      1      2      0 
    0     11     31      -      0      0      0      0      0      0    405    210      1      2      0 
    0     11     31      -      0      0      0      0      0      0    405    210      1      2      0 
    0     11     31      -      0      0      0      0      0      0    405    210      1      2      0 
    0     12     31      -      0      0      0      0      0      0    405    210      1      2      0 
    0     12     31      -      0      0      0      0      0      0    405    210      1      2      0 
    0     11     31      -      0      0      0      0      0      0    405    210      1      2      0 
    0     12     31      -      0      0      0      0      0      0    405    210      1      2      0 
    0     12     31      -      0      0      0      0      0      0    405    210      1      2      0 
    0     11     31      -      0      0      0      0      0      0    405    210      1      2      0 
    0     11     31      -      0      0      0      0      0      0    405    210      1      2      0 
    0     12     31      -      0      0      0      0      0      0    405    210      1      2      0 
    0     11     31      -      0      0      0      0      0      0    405    210      1      2      0 
    0     11     31      -      0      0      0      0      0      0    405    210      1      2      0 
    0     11     31      -      0      0      0      0      0      0    405    210      1      2      0 
    0     11     31      -      0      0      0      0      0      0    405    210      1      2      0 
    0     11     31      -      0      0      0      0      0      0    405    210      1      2      0 
# gpu    pwr  gtemp  mtemp     sm    mem    enc    dec    jpg    ofa   mclk   pclk     fb   bar1   ccpm 
# Idx      W      C      C      %      %      %      %      %      %    MHz    MHz     MB     MB     MB 
    0     12     31      -      0      0      0      0      0      0    405    210      1      2      0 
    0     12     31      -      0      0      0      0      0      0    405    210      1      2      0 
    0     11     31      -      0      0      0      0      0      0    405    210      1      2      0 
    0     11     31      -      0      0      0      0      0      0    405    210      1      2      0 
    0     11     31      -      0      0      0      0      0      0    405    210      1      2      0 
    0     11     31      -      0      0      0      0      0      0    405    210      1      2      0 
    0     11     31      -      0      0      0      0      0      0    405    210      1      2      0 
    0     11     31      -      0      0      0      0      0      0    405    210      1      2      0 
    0     11     31      -      0      0      0      0      0      0    405    210      1      2      0 
    0     11     30      -      0      0      0      0      0      0    405    210      1      2      0 
    0     11     30      -      0      0      0      0      0      0    405    210      1      2      0 
    0     11     30      -      0      0      0      0      0      0    405    210      1      2      0 
    0     11     30      -      0      0      0      0      0      0    405    210      1      2      0 
    0     11     30      -      0      0      0      0      0      0    405    210      1      2      0 
    0     11     30      -      0      0      0      0      0      0    405    210     21     22      0 
    0     32     31      -      8      1      0      0      0      0  10251   2520    770    770      0 
    0     49     32      -      4      1      0      0      0      0  10251   2520  10216  10216      0 
    0     72     33      -     16      6      0      0      0      0  10251   2520  14586  14586      0 
    0    139     37      -     93    100      0      0      0      0  10251   2805  14586  14586      0 
    0    206     38      -     93    100      0      0      0      0  10251   2805  14586  14586      0 
    0    206     38      -     93    100      0      0      0      0  10251   2805  14586  14586      0 
    0    207     39      -     94    100      0      0      0      0  10251   2805  14586  14586      0 
    0    207     39      -     93    100      0      0      0      0  10251   2805  14586  14586      0 
    0    207     39      -     94    100      0      0      0      0  10251   2805  14586  14586      0 
    0    208     40      -     93    100      0      0      0      0  10251   2805  14586  14586      0 
    0    209     40      -     94    100      0      0      0      0  10251   2805  21314  21314      0 
    0    143     37      -     18      4      0      0      0      0  10251   2805  21314  21314      0 
    0    184     40      -     93    100      0      0      0      0  10251   2805  21314  21314      0 
    0    208     41      -     92    100      0      0      0      0  10251   2805  21314  21314      0 
    0    209     42      -     94    100      0      0      0      0  10251   2805  21314  21314      0 
    0    210     42      -     92    100      0      0      0      0  10251   2805  21314  21314      0 
    0    211     42      -     94    100      0      0      0      0  10251   2805  21314  21314      0 
    0    212     42      -     94    100      0      0      0      0  10251   2805  21314  21314      0 
    0    213     42      -     94    100      0      0      0      0  10251   2805  21314  21314      0 
    0    214     43      -     94    100      0      0      0      0  10251   2805  21314  21314      0 
    0    159     42      -     94    100      0      0      0      0  10251   2790  21314  21314      0 
    0    209     43      -     94    100      0      0      0      0  10251   2790  21314  21314      0 
    0    210     43      -     94    100      0      0      0      0  10251   2790  21314  21314      0 
    0    211     43      -     94    100      0      0      0      0  10251   2790  21314  21314      0 
    0    213     44      -     93    100      0      0      0      0  10251   2790  21314  21314      0 
    0    212     44      -     89    100      0      0      0      0  10251   2790  21314  21314      0 
    0    214     44      -     94    100      0      0      0      0  10251   2790  21314  21314      0 
    0    215     44      -     93    100      0      0      0      0  10251   2790  21314  21314      0 
    0    145     42      -     11      2      0      0      0      0  10251   2790  21314  21314      0 
# gpu    pwr  gtemp  mtemp     sm    mem    enc    dec    jpg    ofa   mclk   pclk     fb   bar1   ccpm 
# Idx      W      C      C      %      %      %      %      %      %    MHz    MHz     MB     MB     MB 
    0    193     44      -     94    100      0      0      0      0  10251   2790  21314  21314      0 
    0    211     45      -     93    100      0      0      0      0  10251   2790  21314  21314      0 
    0    212     45      -     94    100      0      0      0      0  10251   2790  21314  21314      0 
    0    212     45      -     94    100      0      0      0      0  10251   2790  21314  21314      0 
    0    214     45      -     91    100      0      0      0      0  10251   2790  21314  21314      0 
    0    215     45      -     94    100      0      0      0      0  10251   2790  21314  21314      0 
    0    216     46      -     93    100      0      0      0      0  10251   2790  21314  21314      0 
    0    218     47      -     83     94      0      0      0      0  10251   2790  21314  21314      0 
    0    135     45      -     94    100      0      0      0      0  10251   2790  21314  21314      0 
    0    211     46      -     94    100      0      0      0      0  10251   2790  21314  21314      0 
    0    213     46      -     94    100      0      0      0      0  10251   2790  21314  21314      0 
    0    213     46      -     94    100      0      0      0      0  10251   2790  21314  21314      0 
    0    214     46      -     94    100      0      0      0      0  10251   2790  21314  21314      0 
    0    216     46      -     94    100      0      0      0      0  10251   2790  21314  21314      0 
    0    217     47      -     94    100      0      0      0      0  10251   2790  21314  21314      0 
    0    217     47      -     93    100      0      0      0      0  10251   2790  21314  21314      0 
    0    195     45      -     18      4      0      0      0      0  10251   2790  21314  21314      0 
    0    149     47      -     94    100      0      0      0      0  10251   2790  21314  21314      0 
    0    212     47      -     93    100      0      0      0      0  10251   2790  21314  21314      0 
    0    214     47      -     94    100      0      0      0      0  10251   2790  21314  21314      0 
    0    215     47      -     94    100      0      0      0      0  10251   2790  21314  21314      0 
    0    216     47      -     93    100      0      0      0      0  10251   2790  21314  21314      0 
    0    216     47      -     93    100      0      0      0      0  10251   2790  21314  21314      0 
    0    217     48      -     92    100      0      0      0      0  10251   2790  21314  21314      0 
    0    218     48      -     94    100      0      0      0      0  10251   2790  21314  21314      0 
    0    161     45      -     19      4      0      0      0      0  10251   2790  21314  21314      0 
    0    183     48      -     94    100      0      0      0      0  10251   2790  21314  21314      0 
    0    214     48      -     93    100      0      0      0      0  10251   2790  21314  21314      0 
    0    215     48      -     94    100      0      0      0      0  10251   2790  21314  21314      0 
    0    216     48      -     94    100      0      0      0      0  10251   2790  21314  21314      0 
    0    217     48      -     93    100      0      0      0      0  10251   2790  21314  21314      0 
    0    218     48      -     94    100      0      0      0      0  10251   2790  21314  21314      0 
    0    219     49      -     93    100      0      0      0      0  10251   2790  21314  21314      0 
    0    219     49      -     94    100      0      0      0      0  10251   2790  21314  21314      0 
    0     87     44      -     69      5      0      0      0      0  10501   2790      1      2      0 
    0     69     44      -      0      0      0      0      0      0  10501   2790      1      2      0 
    0     66     44      -      0      0      0      0      0      0  10501   2790      1      2      0 
    0     62     43      -      0      0      0      0      0      0   5001    570      1      2      0 
    0     42     41      -      0      0      0      0      0      0    810    360      1      2      0 
    0     20     41      -      0      0      0      0      0      0    810    225      1      2      0 
    0     15     40      -      0      0      0      0      0      0    405    210      1      2      0 
    0     13     40      -      0      0      0      0      0      0    405    210      1      2      0 
    0     12     40      -      0      0      0      0      0      0    405    210      1      2      0 
    0     12     40      -      0      0      0      0      0      0    405    210      1      2      0 
# gpu    pwr  gtemp  mtemp     sm    mem    enc    dec    jpg    ofa   mclk   pclk     fb   bar1   ccpm 
# Idx      W      C      C      %      %      %      %      %      %    MHz    MHz     MB     MB     MB 
    0     12     39      -      0      0      0      0      0      0    405    210      1      2      0 
    0     12     39      -      0      0      0      0      0      0    405    210      1      2      0 
    0     12     39      -      0      0      0      0      0      0    405    210      1      2      0 
    0     12     39      -      0      0      0      0      0      0    405    210      1      2      0 
    0     12     38      -      0      0      0      0      0      0    405    210      1      2      0 
    0     12     38      -      0      0      0      0      0      0    405    210      1      2      0 
    0     12     38      -      0      0      0      0      0      0    405    210      1      2      0 
    0     12     38      -      0      0      0      0      0      0    405    210      1      2      0 
    0     12     38      -      0      0      0      0      0      0    405    210      1      2      0 
    0     12     37      -      0      0      0      0      0      0    405    210      1      2      0 
    0     12     37      -      0      0      0      0      0      0    405    210      1      2      0 
    0     12     37      -      0      0      0      0      0      0    405    210      1      2      0 
    0     12     37      -      0      0      0      0      0      0    405    210      1      2      0 
    0     12     37      -      0      0      0      0      0      0    405    210      1      2      0 
    0     12     36      -      0      0      0      0      0      0    405    210      1      2      0 
    0     12     36      -      0      0      0      0      0      0    405    210      1      2      0 
    0     11     36      -      0      0      0      0      0      0    405    210      1      2      0 
    0     12     36      -      0      0      0      0      0      0    405    210      1      2      0 
    0     11     36      -      0      0      0      0      0      0    405    210      1      2      0 
    0     11     36      -      0      0      0      0      0      0    405    210      1      2      0 
    0     12     35      -      0      0      0      0      0      0    405    210      1      2      0 
    0     12     35      -      0      0      0      0      0      0    405    210      1      2      0 
    0     12     35      -      0      0      0      0      0      0    405    210      1      2      0 
    0     12     35      -      0      0      0      0      0      0    405    210      1      2      0 
    0     12     35      -      0      0      0      0      0      0    405    210      1      2      0 
    0     11     35      -      0      0      0      0      0      0    405    210      1      2      0 
    0     12     35      -      0      0      0      0      0      0    405    210      1      2      0 
    0     12     35      -      0      0      0      0      0      0    405    210      1      2      0 
    0     12     34      -      0      0      0      0      0      0    405    210      1      2      0 
    0     12     34      -      0      0      0      0      0      0    405    210      1      2      0 
    0     12     34      -      0      0      0      0      0      0    405    210      1      2      0 
    0     11     34      -      0      0      0      0      0      0    405    210      1      2      0 
    0     11     34      -      0      0      0      0      0      0    405    210      1      2      0 
    0     12     34      -      0      0      0      0      0      0    405    210      1      2      0 
    0     12     34      -      0      0      0      0      0      0    405    210      1      2      0 
    0     12     34      -      0      0      0      0      0      0    405    210      1      2      0 
    0     12     34      -      0      0      0      0      0      0    405    210      1      2      0 
    0     12     34      -      0      0      0      0      0      0    405    210      1      2      0 
    0     12     33      -      0      0      0      0      0      0    405    210      1      2      0 
    0     12     33      -      0      0      0      0      0      0    405    210      1      2      0 
    0     12     33      -      0      0      0      0      0      0    405    210      1      2      0 
    0     12     33      -      0      0      0      0      0      0    405    210      1      2      0 
    0     11     33      -      0      0      0      0      0      0    405    210      1      2      0 
    0     11     33      -      0      0      0      0      0      0    405    210      1      2      0 
# gpu    pwr  gtemp  mtemp     sm    mem    enc    dec    jpg    ofa   mclk   pclk     fb   bar1   ccpm 
# Idx      W      C      C      %      %      %      %      %      %    MHz    MHz     MB     MB     MB 
    0     12     33      -      0      0      0      0      0      0    405    210      1      2      0 
    0     11     33      -      0      0      0      0      0      0    405    210      1      2      0 
    0     11     33      -      0      0      0      0      0      0    405    210      1      2      0 
    0     12     33      -      0      0      0      0      0      0    405    210      1      2      0 
    0     12     33      -      0      0      0      0      0      0    405    210      1      2      0 
    0     12     33      -      0      0      0      0      0      0    405    210      1      2      0 
    0     12     33      -      0      0      0      0      0      0    405    210      1      2      0 
    0     12     32      -      0      0      0      0      0      0    405    210      1      2      0 
    0     11     32      -      0      0      0      0      0      0    405    210      1      2      0 
    0     12     32      -      0      0      0      0      0      0    405    210      1      2      0 
    0     12     32      -      0      0      0      0      0      0    405    210      1      2      0 
    0     11     32      -      0      0      0      0      0      0    405    210      1      2      0 
    0     12     32      -      0      0      0      0      0      0    405    210      1      2      0 
    0     12     32      -      0      0      0      0      0      0    405    210      1      2      0 
    0     11     32      -      0      0      0      0      0      0    405    210      1      2      0 
    0     11     32      -      0      0      0      0      0      0    405    210      1      2      0 
    0     11     32      -      0      0      0      0      0      0    405    210      1      2      0 
    0     11     32      -      0      0      0      0      0      0    405    210      1      2      0 
    0     11     32      -      0      0      0      0      0      0    405    210      1      2      0 
    0     11     32      -      0      0      0      0      0      0    405    210      1      2      0 
    0     11     32      -      0      0      0      0      0      0    405    210      1      2      0 
    0     11     32      -      0      0      0      0      0      0    405    210      1      2      0 
    0     11     32      -      0      0      0      0      0      0    405    210      1      2      0 
    0     11     32      -      0      0      0      0      0      0    405    210      1      2      0 
    0     11     32      -      0      0      0      0      0      0    405    210      1      2      0 
    0     11     32      -      0      0      0      0      0      0    405    210      1      2      0 
    0     11     31      -      0      0      0      0      0      0    405    210      1      2      0 
    0     11     31      -      0      0      0      0      0      0    405    210      1      2      0 
    0     11     31      -      0      0      0      0      0      0    405    210      1      2      0 
    0     11     31      -      0      0      0      0      0      0    405    210      1      2      0 
    0     11     31      -      0      0      0      0      0      0    405    210      1      2      0 
    0     11     31      -      0      0      0      0      0      0    405    210      1      2      0 
    0     12     31      -      0      0      0      0      0      0    405    210      1      2      0 
    0     11     31      -      0      0      0      0      0      0    405    210      1      2      0 
    0     11     31      -      0      0      0      0      0      0    405    210      1      2      0 
    0     11     31      -      0      0      0      0      0      0    405    210      1      2      0 
    0     11     31      -      0      0      0      0      0      0    405    210      1      2      0 
    0     11     31      -      0      0      0      0      0      0    405    210      1      2      0 
    0     11     31      -      0      0      0      0      0      0    405    210      1      2      0 
    0     11     31      -      0      0      0      0      0      0    405    210      1      2      0 
    0     11     31      -      0      0      0      0      0      0    405    210      1      2      0 
    0     11     31      -      0      0      0      0      0      0    405    210      1      2      0 
    0     11     31      -      0      0      0      0      0      0    405    210      1      2      0 
    0     11     31      -      0      0      0      0      0      0    405    210      1      2      0 
# gpu    pwr  gtemp  mtemp     sm    mem    enc    dec    jpg    ofa   mclk   pclk     fb   bar1   ccpm 
# Idx      W      C      C      %      %      %      %      %      %    MHz    MHz     MB     MB     MB 
    0     11     31      -      0      0      0      0      0      0    405    210      1      2      0 
    0     11     31      -      0      0      0      0      0      0    405    210      1      2      0 
    0     11     31      -      0      0      0      0      0      0    405    210      1      2      0 
    0     11     31      -      0      0      0      0      0      0    405    210      1      2      0 
    0     12     31      -      0      0      0      0      0      0    405    210      1      2      0 
    0     11     31      -      0      0      0      0      0      0    405    210      1      2      0 
    0     11     31      -      0      0      0      0      0      0    405    210      1      2      0 
    0     11     31      -      0      0      0      0      0      0    405    210      1      2      0 
    0     11     31      -      0      0      0      0      0      0    405    210      1      2      0 
    0     11     31      -      0      0      0      0      0      0    405    210      1      2      0 
    0     12     31      -      0      0      0      0      0      0    405    210      1      2      0 
    0     12     31      -      0      0      0      0      0      0    405    210      1      2      0 
    0     11     31      -      0      0      0      0      0      0    405    210      1      2      0 
    0     11     31      -      0      0      0      0      0      0    405    210      1      2      0 
    0     11     31      -      0      0      0      0      0      0    405    210      1      2      0 
    0     11     31      -      0      0      0      0      0      0    405    210      1      2      0 
    0     12     30      -      0      0      0      0      0      0    405    210      1      2      0 
    0     12     30      -      0      0      0      0      0      0    405    210      1      2      0 
    0     11     30      -      0      0      0      0      0      0    405    210      1      2      0 
    0     11     30      -      0      0      0      0      0      0    405    210      1      2      0 
    0     12     30      -      0      0      0      0      0      0    405    210      1      2      0 
    0     12     30      -      0      0      0      0      0      0    405    210      1      2      0 
    0     11     30      -      0      0      0      0      0      0    405    210      1      2      0 
    0     11     30      -      0      0      0      0      0      0    405    210      1      2      0 
    0     13     31      -      0      0      0      0      0      0  10501   2520    460    460      0 
    0     47     32      -      4      0      0      0      0      0  10251   2520    462    462      0 
    0     50     32      -      3      0      0      0      0      0  10251   2520    464    464      0 
    0     48     32      -      0      0      0      0      0      0  10251   2520    464    464      0 
    0     47     32      -      0      0      0      0      0      0  10251   2520    464    464      0 
    0     46     32      -      0      0      0      0      0      0  10251   2520    464    464      0 
    0     46     32      -      0      0      0      0      0      0  10251   2520    464    464      0 
    0     46     32      -      1      0      0      0      0      0  10251   2520    686    686      0 
    0     56     33      -     11      7      0      0      0      0  10251   2520   1738   1738      0 
    0     67     33      -      0      0      0      0      0      0  10251   2805   1738   1738      0 
    0     85     35      -     69     58      0      0      0      0  10251   2805   1738   1738      0 
    0     71     33      -     58     48      0      0      0      0  10251   2520   1738   1738      0 
    0     68     33      -      0      0      0      0      0      0  10251   2595   1738   1738      0 
    0     48     33      -      0      0      0      0      0      0  10251   2595   1738   1738      0 
    0     72     34      -      9      3      0      0      0      0  10251   2640   1738   1738      0 
    0     51     33      -      0      0      0      0      0      0  10251   2640   1738   1738      0 
    0     69     34      -      6      1      0      0      0      0  10251   2685   1738   1738      0 
    0     63     34      -      7      1      0      0      0      0  10251   2685   1738   1738      0 
    0     64     33      -      0      0      0      0      0      0  10251   2700   1738   1738      0 
    0     76     34      -      0      0      0      0      0      0  10251   2700   1738   1738      0 
# gpu    pwr  gtemp  mtemp     sm    mem    enc    dec    jpg    ofa   mclk   pclk     fb   bar1   ccpm 
# Idx      W      C      C      %      %      %      %      %      %    MHz    MHz     MB     MB     MB 
    0     58     34      -     11      7      0      0      0      0  10251   2520   1738   1738      0 
    0     57     33      -      0      0      0      0      0      0  10251   2520   1738   1738      0 
    0     68     34      -      0      0      0      0      0      0  10251   2640   1738   1738      0 
    0     62     34      -      8      7      0      0      0      0  10251   2640   1738   1738      0 
    0     61     33      -     11      7      0      0      0      0  10251   2520   1738   1738      0 
    0     69     34      -      0      0      0      0      0      0  10251   2655   1738   1738      0 
    0     62     34      -      8      7      0      0      0      0  10251   2655   1738   1738      0 
    0     62     34      -     23     15      0      0      0      0  10251   2520   1738   1738      0 
    0     70     34      -      0      0      0      0      0      0  10251   2610   1738   1738      0 
    0     70     35      -     69     57      0      0      0      0  10251   2670   1738   1738      0 
    0     72     35      -     72     59      0      0      0      0  10251   2670   1738   1738      0 
    0     69     34      -      0      0      0      0      0      0  10251   2520   1738   1738      0 
    0     46     34      -      0      0      0      0      0      0  10251   2520   1738   1738      0 
    0     57     34      -      9      2      0      0      0      0  10251   2520   1738   1738      0 
    0     58     34      -      0      0      0      0      0      0  10251   2535   1738   1738      0 
    0     68     34      -      0      0      0      0      0      0  10251   2535   1738   1738      0 
    0     56     34      -      4      4      0      0      0      0  10251   2565   1738   1738      0 
    0     60     34      -      0      0      0      0      0      0  10251   2565   1738   1738      0 
    0     71     35      -      7      6      0      0      0      0  10251   2700   1738   1738      0 
    0     54     34      -      0      0      0      0      0      0  10251   2700   1738   1738      0 
    0     68     36      -     47     35      0      0      0      0  10251   2520   1738   1738      0 
    0     69     35      -      0      0      0      0      0      0  10251   2805   1738   1738      0 
    0     78     37      -     48     36      0      0      0      0  10251   2520   1738   1738      0 
    0     61     34      -      0      0      0      0      0      0  10251   2685   1738   1738      0 
    0     63     35      -     14      7      0      0      0      0  10251   2520   1738   1738      0 
    0     60     34      -      0      0      0      0      0      0  10251   2610   1738   1738      0 
    0     59     35      -     14      7      0      0      0      0  10251   2610   1738   1738      0 
    0     59     34      -      0      0      0      0      0      0  10251   2565   1738   1738      0 
    0     56     35      -      1      0      0      0      0      0  10251   2565   1738   1738      0 
    0     58     34      -      0      0      0      0      0      0  10251   2520   1738   1738      0 
    0     46     34      -      0      0      0      0      0      0  10251   2520   1738   1738      0 
    0     66     35      -     15     11      0      0      0      0  10251   2520   1738   1738      0 
    0     53     35      -      0      0      0      0      0      0  10251   2520   1738   1738      0 
    0     67     34      -      5      5      0      0      0      0  10251   2520   1738   1738      0 
    0     46     34      -      0      0      0      0      0      0  10251   2520   1738   1738      0 
    0     46     34      -      0      0      0      0      0      0  10251   2520   1738   1738      0 
    0     46     34      -      0      0      0      0      0      0  10251   2520   1738   1738      0 
    0     46     34      -      0      0      0      0      0      0  10251   2520   1738   1738      0 
    0     46     34      -      0      0      0      0      0      0  10251   2520   1738   1738      0 
    0     46     34      -      0      0      0      0      0      0  10251   2520   1738   1738      0 
    0     47     34      -      0      0      0      0      0      0  10501   2520      1      2      0 
    0     47     34      -      0      0      0      0      0      0  10501   2520      1      2      0 
    0     31     33      -      0      0      0      0      0      0    810    705      1      2      0 
    0     23     33      -      0      0      0      0      0      0    405    450      1      2      0 
# gpu    pwr  gtemp  mtemp     sm    mem    enc    dec    jpg    ofa   mclk   pclk     fb   bar1   ccpm 
# Idx      W      C      C      %      %      %      %      %      %    MHz    MHz     MB     MB     MB 
    0     14     33      -      0      0      0      0      0      0    405    285      1      2      0 
    0     11     33      -      0      0      0      0      0      0    405    210      1      2      0 
    0     11     33      -      0      0      0      0      0      0    405    210      1      2      0 
    0     11     33      -      0      0      0      0      0      0    405    210      1      2      0 
    0     11     32      -      0      0      0      0      0      0    405    210      1      2      0 
    0     11     32      -      0      0      0      0      0      0    405    210      1      2      0 
    0     11     32      -      0      0      0      0      0      0    405    210      1      2      0 
    0     11     32      -      0      0      0      0      0      0    405    210      1      2      0 
    0     11     32      -      0      0      0      0      0      0    405    210      1      2      0 
    0     11     32      -      0      0      0      0      0      0    405    210      1      2      0 
    0     11     32      -      0      0      0      0      0      0    405    210      1      2      0 
    0     11     32      -      0      0      0      0      0      0    405    210      1      2      0 
    0     11     32      -      0      0      0      0      0      0    405    210      1      2      0 
    0     11     32      -      0      0      0      0      0      0    405    210      1      2      0 
    0     11     32      -      0      0      0      0      0      0    405    210      1      2      0 
    0     11     32      -      0      0      0      0      0      0    405    210      1      2      0 
    0     11     32      -      0      0      0      0      0      0    405    210      1      2      0 
    0     11     32      -      0      0      0      0      0      0    405    210      1      2      0 
    0     11     32      -      0      0      0      0      0      0    405    210      1      2      0 
    0     11     32      -      0      0      0      0      0      0    405    210      1      2      0 
    0     11     31      -      0      0      0      0      0      0    405    210      1      2      0 
    0     11     31      -      0      0      0      0      0      0    405    210      1      2      0 
    0     11     31      -      0      0      0      0      0      0    405    210      1      2      0 
    0     11     31      -      0      0      0      0      0      0    405    210      1      2      0 
    0     11     31      -      0      0      0      0      0      0    405    210      1      2      0 
    0     11     31      -      0      0      0      0      0      0    405    210      1      2      0 
    0     11     31      -      0      0      0      0      0      0    405    210      1      2      0 
    0     11     31      -      0      0      0      0      0      0    405    210      1      2      0 
    0     11     31      -      0      0      0      0      0      0    405    210      1      2      0 
    0     11     31      -      0      0      0      0      0      0    405    210      1      2      0 
    0     11     31      -      0      0      0      0      0      0    405    210      1      2      0 
    0     11     31      -      0      0      0      0      0      0    405    210      1      2      0 
    0     11     31      -      0      0      0      0      0      0    405    210      1      2      0 
    0     11     31      -      0      0      0      0      0      0    405    210      1      2      0 
    0     11     31      -      0      0      0      0      0      0    405    210      1      2      0 
    0     11     31      -      0      0      0      0      0      0    405    210      1      2      0 
    0     11     31      -      0      0      0      0      0      0    405    210      1      2      0 
    0     11     31      -      0      0      0      0      0      0    405    210      1      2      0 
    0     11     31      -      0      0      0      0      0      0    405    210      1      2      0 
    0     11     31      -      0      0      0      0      0      0    405    210      1      2      0 
    0     11     31      -      0      0      0      0      0      0    405    210      1      2      0 
    0     11     31      -      0      0      0      0      0      0    405    210      1      2      0 
    0     11     31      -      0      0      0      0      0      0    405    210      1      2      0 
    0     11     31      -      0      0      0      0      0      0    405    210      1      2      0 
# gpu    pwr  gtemp  mtemp     sm    mem    enc    dec    jpg    ofa   mclk   pclk     fb   bar1   ccpm 
# Idx      W      C      C      %      %      %      %      %      %    MHz    MHz     MB     MB     MB 
    0     11     31      -      0      0      0      0      0      0    405    210      1      2      0 
    0     11     31      -      0      0      0      0      0      0    405    210      1      2      0 
    0     11     31      -      0      0      0      0      0      0    405    210      1      2      0 
    0     11     31      -      0      0      0      0      0      0    405    210      1      2      0 
    0     11     31      -      0      0      0      0      0      0    405    210      1      2      0 
    0     11     31      -      0      0      0      0      0      0    405    210      1      2      0 
    0     11     31      -      0      0      0      0      0      0    405    210      1      2      0 
    0     11     31      -      0      0      0      0      0      0    405    210      1      2      0 
    0     11     31      -      0      0      0      0      0      0    405    210      1      2      0 
    0     11     31      -      0      0      0      0      0      0    405    210      1      2      0 
    0     11     30      -      0      0      0      0      0      0    405    210      1      2      0 
    0     11     30      -      0      0      0      0      0      0    405    210      1      2      0 
    0     11     30      -      0      0      0      0      0      0    405    210      1      2      0 
    0     11     30      -      0      0      0      0      0      0    405    210      1      2      0 
    0     11     30      -      0      0      0      0      0      0    405    210      1      2      0 
    0     11     30      -      0      0      0      0      0      0    405    210      1      2      0 
    0     11     30      -      0      0      0      0      0      0    405    210      1      2      0 
    0     11     30      -      0      0      0      0      0      0    405    210      1      2      0 
    0     11     30      -      0      0      0      0      0      0    405    210      1      2      0 
    0     11     30      -      0      0      0      0      0      0    405    210      1      2      0 
    0     11     30      -      0      0      0      0      0      0    405    210      1      2      0 
    0     11     30      -      0      0      0      0      0      0    405    210      1      2      0 
    0     11     30      -      0      0      0      0      0      0    405    210      1      2      0 
    0     11     30      -      0      0      0      0      0      0    405    210      1      2      0 
    0     11     30      -      0      0      0      0      0      0    405    210      1      2      0 
    0     11     30      -      0      0      0      0      0      0    405    210      1      2      0 
    0     11     30      -      0      0      0      0      0      0    405    210      1      2      0 
    0     11     30      -      0      0      0      0      0      0    405    210      1      2      0 
    0     11     30      -      0      0      0      0      0      0    405    210      1      2      0 
    0     11     30      -      0      0      0      0      0      0    405    210      1      2      0 
    0     11     30      -      0      0      0      0      0      0    405    210      1      2      0 
    0     11     30      -      0      0      0      0      0      0    405    210      1      2      0 
    0     11     30      -      0      0      0      0      0      0    405    210      1      2      0 
    0     11     30      -      0      0      0      0      0      0    405    210      1      2      0 
    0     11     30      -      0      0      0      0      0      0    405    210      1      2      0 
    0     11     30      -      0      0      0      0      0      0    405    210      1      2      0 
    0     11     30      -      0      0      0      0      0      0    405    210      1      2      0 
    0     11     30      -      0      0      0      0      0      0    405    210      1      2      0 
    0     11     30      -      0      0      0      0      0      0    405    210      1      2      0 
    0     11     30      -      0      0      0      0      0      0    405    210      1      2      0 
    0     12     30      -      0      0      0      0      0      0    405    210      1      2      0 
    0     11     30      -      0      0      0      0      0      0    405    210      1      2      0 
    0     11     30      -      0      0      0      0      0      0    405    210      1      2      0 
    0     11     30      -      0      0      0      0      0      0    405    210      1      2      0 
# gpu    pwr  gtemp  mtemp     sm    mem    enc    dec    jpg    ofa   mclk   pclk     fb   bar1   ccpm 
# Idx      W      C      C      %      %      %      %      %      %    MHz    MHz     MB     MB     MB 
    0     11     30      -      0      0      0      0      0      0    405    210      1      2      0 
    0     11     30      -      0      0      0      0      0      0    405    210      1      2      0 
    0     11     30      -      0      0      0      0      0      0    405    210      1      2      0 
    0     12     30      -      0      0      0      0      0      0    405    210      1      2      0 
    0     11     30      -      0      0      0      0      0      0    405    210      1      2      0 
    0     11     30      -      0      0      0      0      0      0    405    210      1      2      0 
    0     11     30      -      0      0      0      0      0      0    405    210      1      2      0 
    0     11     30      -      0      0      0      0      0      0    405    210      1      2      0 
    0     11     30      -      0      0      0      0      0      0    405    210      1      2      0 
    0     11     30      -      0      0      0      0      0      0    405    210      1      2      0 
    0     11     30      -      0      0      0      0      0      0    405    210      1      2      0 
    0     11     30      -      0      0      0      0      0      0    405    210      1      2      0 
    0     11     30      -      0      0      0      0      0      0    405    210      1      2      0 
    0     11     30      -      0      0      0      0      0      0    405    210      1      2      0 
    0     11     30      -      0      0      0      0      0      0    405    210      1      2      0 
    0     11     30      -      0      0      0      0      0      0    405    210      1      2      0 
    0     11     30      -      0      0      0      0      0      0    405    210      1      2      0 
    0     11     30      -      0      0      0      0      0      0    405    210      1      2      0 
    0     11     30      -      0      0      0      0      0      0    405    210      1      2      0 
    0     11     30      -      0      0      0      0      0      0    405    210      1      2      0 
    0     11     30      -      0      0      0      0      0      0    405    210      1      2      0 
    0     11     30      -      0      0      0      0      0      0    405    210      1      2      0 
    0     11     30      -      0      0      0      0      0      0    405    210      1      2      0 
    0     11     30      -      0      0      0      0      0      0    405    210      1      2      0 
    0     11     30      -      0      0      0      0      0      0    405    210      1      2      0 
    0     11     30      -      0      0      0      0      0      0    405    210      1      2      0 
    0     11     30      -      0      0      0      0      0      0    405    210      1      2      0 
    0     11     30      -      0      0      0      0      0      0    405    210      1      2      0 
    0     11     30      -      0      0      0      0      0      0    405    210      1      2      0 
    0     11     30      -      0      0      0      0      0      0    405    210      1      2      0 
    0     11     30      -      0      0      0      0      0      0    405    210      1      2      0 
    0     11     30      -      0      0      0      0      0      0    405    210      1      2      0 
    0     11     30      -      0      0      0      0      0      0    405    210      1      2      0 
    0     11     30      -      0      0      0      0      0      0    405    210      1      2      0 
    0     11     30      -      0      0      0      0      0      0    405    210      1      2      0 
    0     11     30      -      0      0      0      0      0      0    405    210      1      2      0 
    0     11     30      -      0      0      0      0      0      0    405    210      1      2      0 
    0     11     30      -      0      0      0      0      0      0    405    210      1      2      0 
    0     11     30      -      0      0      0      0      0      0    405    210      1      2      0 
    0     11     30      -      0      0      0      0      0      0    405    210      1      2      0 
    0     11     30      -      0      0      0      0      0      0    405    210      1      2      0 
    0     11     30      -      0      0      0      0      0      0    405    210      1      2      0 
    0     11     30      -      0      0      0      0      0      0    405    210      1      2      0 
    0     11     30      -      0      0      0      0      0      0    405    210      1      2      0 
# gpu    pwr  gtemp  mtemp     sm    mem    enc    dec    jpg    ofa   mclk   pclk     fb   bar1   ccpm 
# Idx      W      C      C      %      %      %      %      %      %    MHz    MHz     MB     MB     MB 
    0     11     30      -      0      0      0      0      0      0    405    210      1      2      0 
    0     11     30      -      0      0      0      0      0      0    405    210      1      2      0 
    0     11     30      -      0      0      0      0      0      0    405    210      1      2      0 
    0     11     30      -      0      0      0      0      0      0    405    210      1      2      0 
    0     11     30      -      0      0      0      0      0      0    405    210      1      2      0 
    0     11     30      -      0      0      0      0      0      0    405    210      1      2      0 
    0     11     30      -      0      0      0      0      0      0    405    210      1      2      0 
    0     11     30      -      0      0      0      0      0      0    405    210      1      2      0 
    0     11     30      -      0      0      0      0      0      0    405    210      1      2      0 
    0     11     30      -      0      0      0      0      0      0    405    210      1      2      0 
    0     11     30      -      0      0      0      0      0      0    405    210      1      2      0 
    0     11     30      -      0      0      0      0      0      0    405    210      1      2      0 
    0     11     30      -      0      0      0      0      0      0    405    210      1      2      0 
    0     11     30      -      0      0      0      0      0      0    405    210      1      2      0 
    0     11     30      -      0      0      0      0      0      0    405    210      1      2      0 
    0     11     30      -      0      0      0      0      0      0    405    210      1      2      0 
    0     11     30      -      0      0      0      0      0      0    405    210      1      2      0 
    0     11     30      -      0      0      0      0      0      0    405    210      1      2      0 
    0     11     30      -      0      0      0      0      0      0    405    210      1      2      0 
    0     11     30      -      0      0      0      0      0      0    405    210      1      2      0 
    0     11     30      -      0      0      0      0      0      0    405    210      1      2      0 
    0     11     30      -      0      0      0      0      0      0    405    210      1      2      0 
    0     11     30      -      0      0      0      0      0      0    405    210      1      2      0 
    0     11     30      -      0      0      0      0      0      0    405    210      1      2      0 
    0     11     30      -      0      0      0      0      0      0    405    210      1      2      0 
    0     11     30      -      0      0      0      0      0      0    405    210      1      2      0 
    0     11     30      -      0      0      0      0      0      0    405    210      1      2      0 
    0     11     30      -      0      0      0      0      0      0    405    210      1      2      0 
    0     11     30      -      0      0      0      0      0      0    405    210      1      2      0 
    0     11     30      -      0      0      0      0      0      0    405    210      1      2      0 
    0     11     30      -      0      0      0      0      0      0    405    210      1      2      0 
    0     11     30      -      0      0      0      0      0      0    405    210      1      2      0 
    0     11     30      -      0      0      0      0      0      0    405    210      1      2      0 
    0     11     30      -      0      0      0      0      0      0    405    210      1      2      0 
    0     11     30      -      0      0      0      0      0      0    405    210      1      2      0 
    0     11     30      -      0      0      0      0      0      0    405    210      1      2      0 
    0     11     30      -      0      0      0      0      0      0    405    210      1      2      0 
    0     11     30      -      0      0      0      0      0      0    405    210      1      2      0 
    0     11     30      -      0      0      0      0      0      0    405    210      1      2      0 
    0     11     30      -      0      0      0      0      0      0    405    210      1      2      0 
    0     11     30      -      0      0      0      0      0      0    405    210      1      2      0 
    0     11     30      -      0      0      0      0      0      0    405    210      1      2      0 
    0     11     30      -      0      0      0      0      0      0    405    210      1      2      0 
    0     11     30      -      0      0      0      0      0      0    405    210      1      2      0 
# gpu    pwr  gtemp  mtemp     sm    mem    enc    dec    jpg    ofa   mclk   pclk     fb   bar1   ccpm 
# Idx      W      C      C      %      %      %      %      %      %    MHz    MHz     MB     MB     MB 
    0     11     30      -      0      0      0      0      0      0    405    210      1      2      0 
    0     11     30      -      0      0      0      0      0      0    405    210      1      2      0 
    0     11     30      -      0      0      0      0      0      0    405    210      1      2      0 
    0     11     30      -      0      0      0      0      0      0    405    210      1      2      0 
    0     11     30      -      0      0      0      0      0      0    405    210      1      2      0 
    0     11     30      -      0      0      0      0      0      0    405    210      1      2      0 
    0     11     30      -      0      0      0      0      0      0    405    210      1      2      0 
    0     11     30      -      0      0      0      0      0      0    405    210      1      2      0 
    0     11     30      -      0      0      0      0      0      0    405    210      1      2      0 
    0     11     30      -      0      0      0      0      0      0    405    210      1      2      0 
    0     11     30      -      0      0      0      0      0      0    405    210      1      2      0 
    0     11     30      -      0      0      0      0      0      0    405    210      1      2      0 
    0     11     30      -      0      0      0      0      0      0    405    210      1      2      0 
    0     11     30      -      0      0      0      0      0      0    405    210      1      2      0 
    0     11     30      -      0      0      0      0      0      0    405    210      1      2      0 
    0     11     30      -      0      0      0      0      0      0    405    210      1      2      0 
    0     11     30      -      0      0      0      0      0      0    405    210      1      2      0 
    0     11     30      -      0      0      0      0      0      0    405    210      1      2      0 
    0     11     30      -      0      0      0      0      0      0    405    210      1      2      0 
    0     11     30      -      0      0      0      0      0      0    405    210      1      2      0 
    0     11     30      -      0      0      0      0      0      0    405    210      1      2      0 
    0     11     30      -      0      0      0      0      0      0    405    210      1      2      0 
    0     11     30      -      0      0      0      0      0      0    405    210      1      2      0 
    0     11     30      -      0      0      0      0      0      0    405    210      1      2      0 
    0     11     30      -      0      0      0      0      0      0    405    210      1      2      0 
    0     11     30      -      0      0      0      0      0      0    405    210      1      2      0 
    0     11     30      -      0      0      0      0      0      0    405    210      4      5      0 
    0     11     30      -      0      0      0      0      0      0    405    210      4      5      0 
    0     11     30      -      0      0      0      0      0      0    405    210      1      2      0 
    0     11     30      -      0      0      0      0      0      0    405    210      1      2      0 
    0     11     30      -      0      0      0      0      0      0    405    210      1      2      0 
    0     11     30      -      0      0      0      0      0      0    405    210      1      2      0 
    0     11     30      -      0      0      0      0      0      0    405    210      1      2      0 
    0     12     30      -      0      0      0      0      0      0    405    210      1      2      0 
    0     11     30      -      0      0      0      0      0      0    405    210      1      2      0 
    0     11     30      -      0      0      0      0      0      0    405    210      1      2      0 
    0     11     30      -      0      0      0      0      0      0    405    210      1      2      0 
    0     11     30      -      0      0      0      0      0      0    405    210      1      2      0 
    0     11     30      -      0      0      0      0      0      0    405    210      1      2      0 
    0     11     30      -      0      0      0      0      0      0    405    210      1      2      0 
    0     11     30      -      0      0      0      0      0      0    405    210      1      2      0 
    0     11     30      -      0      0      0      0      0      0    405    210      1      2      0 
    0     11     30      -      0      0      0      0      0      0    405    210      1      2      0 
    0     12     30      -      0      0      0      0      0      0    405    210      1      2      0 
# gpu    pwr  gtemp  mtemp     sm    mem    enc    dec    jpg    ofa   mclk   pclk     fb   bar1   ccpm 
# Idx      W      C      C      %      %      %      %      %      %    MHz    MHz     MB     MB     MB 
    0     11     30      -      0      0      0      0      0      0    405    210      1      2      0 
    0     11     30      -      0      0      0      0      0      0    405    210      1      2      0 
    0     11     30      -      0      0      0      0      0      0    405    210      1      2      0 
    0     11     30      -      0      0      0      0      0      0    405    210      1      2      0 
    0     11     30      -      0      0      0      0      0      0    405    210      1      2      0 
    0     11     30      -      0      0      0      0      0      0    405    210      1      2      0 
    0     11     30      -      0      0      0      0      0      0    405    210      1      2      0 
    0     11     30      -      0      0      0      0      0      0    405    210      1      2      0 
    0     12     30      -      0      0      0      0      0      0    405    210      1      2      0 
    0     12     30      -      0      0      0      0      0      0    405    210      1      2      0 
    0     11     30      -      0      0      0      0      0      0    405    210      1      2      0 
    0     11     30      -      0      0      0      0      0      0    405    210      1      2      0 
    0     11     30      -      0      0      0      0      0      0    405    210      1      2      0 
    0     11     30      -      0      0      0      0      0      0    405    210      1      2      0 
    0     11     30      -      0      0      0      0      0      0    405    210      1      2      0 
    0     11     30      -      0      0      0      0      0      0    405    210      1      2      0 
    0     11     30      -      0      0      0      0      0      0    405    210      1      2      0 
    0     11     30      -      0      0      0      0      0      0    405    210      1      2      0 
    0     12     30      -      0      0      0      0      0      0    405    210      1      2      0 
    0     11     30      -      0      0      0      0      0      0    405    210      1      2      0 
    0     11     30      -      0      0      0      0      0      0    405    210      1      2      0 
    0     12     30      -      0      0      0      0      0      0    405    210      1      2      0 
    0     11     30      -      0      0      0      0      0      0    405    210      1      2      0 
    0     11     30      -      0      0      0      0      0      0    405    210      1      2      0 
    0     11     30      -      0      0      0      0      0      0    405    210      1      2      0 
    0     11     30      -      0      0      0      0      0      0    405    210      1      2      0 
    0     11     30      -      0      0      0      0      0      0    405    210      1      2      0 
    0     11     30      -      0      0      0      0      0      0    405    210      1      2      0 
    0     11     30      -      0      0      0      0      0      0    405    210      1      2      0 
    0     11     30      -      0      0      0      0      0      0    405    210      1      2      0 
    0     11     30      -      0      0      0      0      0      0    405    210      1      2      0 
    0     11     30      -      0      0      0      0      0      0    405    210      1      2      0 
    0     11     30      -      0      0      0      0      0      0    405    210      1      2      0 
    0     11     30      -      0      0      0      0      0      0    405    210      1      2      0 
    0     11     30      -      0      0      0      0      0      0    405    210      1      2      0 
    0     12     30      -      0      0      0      0      0      0    405    210      1      2      0 
    0     11     30      -      0      0      0      0      0      0    405    210      1      2      0 
    0     11     30      -      0      0      0      0      0      0    405    210      1      2      0 
    0     12     30      -      0      0      0      0      0      0    405    210      1      2      0 
    0     11     30      -      0      0      0      0      0      0    405    210      1      2      0 
    0     11     30      -      0      0      0      0      0      0    405    210      1      2      0 
    0     12     30      -      0      0      0      0      0      0    405    210      1      2      0 
    0     11     30      -      0      0      0      0      0      0    405    210      1      2      0 
    0     11     30      -      0      0      0      0      0      0    405    210      1      2      0 
# gpu    pwr  gtemp  mtemp     sm    mem    enc    dec    jpg    ofa   mclk   pclk     fb   bar1   ccpm 
# Idx      W      C      C      %      %      %      %      %      %    MHz    MHz     MB     MB     MB 
    0     11     30      -      0      0      0      0      0      0    405    210      1      2      0 
    0     11     30      -      0      0      0      0      0      0    405    210      1      2      0 
    0     11     30      -      0      0      0      0      0      0    405    210      1      2      0 
    0     11     30      -      0      0      0      0      0      0    405    210      1      2      0 
    0     11     30      -      0      0      0      0      0      0    405    210      1      2      0 
    0     11     30      -      0      0      0      0      0      0    405    210      1      2      0 
    0     11     30      -      0      0      0      0      0      0    405    210      1      2      0 
    0     11     30      -      0      0      0      0      0      0    405    210      1      2      0 
    0     11     30      -      0      0      0      0      0      0    405    210      1      2      0 
    0     11     30      -      0      0      0      0      0      0    405    210      1      2      0 
    0     11     30      -      0      0      0      0      0      0    405    210      1      2      0 
    0     11     30      -      0      0      0      0      0      0    405    210      1      2      0 
    0     11     30      -      0      0      0      0      0      0    405    210      1      2      0 
    0     11     30      -      0      0      0      0      0      0    405    210      1      2      0 
    0     11     30      -      0      0      0      0      0      0    405    210      1      2      0 
    0     11     30      -      0      0      0      0      0      0    405    210      1      2      0 
    0     11     30      -      0      0      0      0      0      0    405    210      1      2      0 
    0     11     30      -      0      0      0      0      0      0    405    210      1      2      0 
    0     11     30      -      0      0      0      0      0      0    405    210      1      2      0 
    0     11     30      -      0      0      0      0      0      0    405    210      1      2      0 
    0     12     30      -      0      0      0      0      0      0    405    210      1      2      0 
    0     11     30      -      0      0      0      0      0      0    405    210      1      2      0 
    0     12     30      -      0      0      0      0      0      0    405    210      1      2      0 
    0     12     30      -      0      0      0      0      0      0    405    210      1      2      0 
    0     11     30      -      0      0      0      0      0      0    405    210      1      2      0 
    0     11     30      -      0      0      0      0      0      0    405    210      1      2      0 
    0     12     30      -      0      0      0      0      0      0    405    210      1      2      0 
    0     11     30      -      0      0      0      0      0      0    405    210      1      2      0 
    0     11     30      -      0      0      0      0      0      0    405    210      1      2      0 
    0     11     30      -      0      0      0      0      0      0    405    210      1      2      0 
    0     11     30      -      0      0      0      0      0      0    405    210      1      2      0 
    0     11     30      -      0      0      0      0      0      0    405    210      1      2      0 
    0     11     30      -      0      0      0      0      0      0    405    210      1      2      0 
    0     11     30      -      0      0      0      0      0      0    405    210      1      2      0 
    0     11     30      -      0      0      0      0      0      0    405    210      1      2      0 
    0     11     30      -      0      0      0      0      0      0    405    210      1      2      0 
    0     11     30      -      0      0      0      0      0      0    405    210      1      2      0 
    0     11     30      -      0      0      0      0      0      0    405    210      1      2      0 
    0     11     30      -      0      0      0      0      0      0    405    210      1      2      0 
    0     11     30      -      0      0      0      0      0      0    405    210      1      2      0 
    0     11     30      -      0      0      0      0      0      0    405    210      1      2      0 
    0     11     30      -      0      0      0      0      0      0    405    210      1      2      0 
    0     11     30      -      0      0      0      0      0      0    405    210      1      2      0 
    0     11     30      -      0      0      0      0      0      0    405    210      1      2      0 
# gpu    pwr  gtemp  mtemp     sm    mem    enc    dec    jpg    ofa   mclk   pclk     fb   bar1   ccpm 
# Idx      W      C      C      %      %      %      %      %      %    MHz    MHz     MB     MB     MB 
    0     11     30      -      0      0      0      0      0      0    405    210      1      2      0 
    0     12     30      -      0      0      0      0      0      0    405    210      1      2      0 
    0     11     30      -      0      0      0      0      0      0    405    210      1      2      0 
    0     11     30      -      0      0      0      0      0      0    405    210      1      2      0 
    0     11     30      -      0      0      0      0      0      0    405    210      1      2      0 
    0     11     30      -      0      0      0      0      0      0    405    210      1      2      0 
    0     11     30      -      0      0      0      0      0      0    405    210      1      2      0 
    0     12     30      -      0      0      0      0      0      0    405    210      1      2      0 
    0     11     30      -      0      0      0      0      0      0    405    210      1      2      0 
    0     11     30      -      0      0      0      0      0      0    405    210      1      2      0 
    0     12     30      -      0      0      0      0      0      0    405    210      1      2      0 
    0     12     30      -      0      0      0      0      0      0    405    210      1      2      0 
    0     11     30      -      0      0      0      0      0      0    405    210      1      2      0 
    0     11     30      -      0      0      0      0      0      0    405    210      1      2      0 
    0     12     30      -      0      0      0      0      0      0    405    210      1      2      0 
    0     12     30      -      0      0      0      0      0      0    405    210      1      2      0 
    0     12     30      -      0      0      0      0      0      0    405    210      1      2      0 
    0     12     30      -      0      0      0      0      0      0    405    210      1      2      0 
    0     11     30      -      0      0      0      0      0      0    405    210      1      2      0 
    0     11     30      -      0      0      0      0      0      0    405    210      1      2      0 
    0     11     30      -      0      0      0      0      0      0    405    210      1      2      0 
    0     11     30      -      0      0      0      0      0      0    405    210      1      2      0 
    0     11     30      -      0      0      0      0      0      0    405    210      1      2      0 
    0     11     30      -      0      0      0      0      0      0    405    210      1      2      0 
    0     11     30      -      0      0      0      0      0      0    405    210      1      2      0 
    0     11     30      -      0      0      0      0      0      0    405    210      1      2      0 
    0     11     30      -      0      0      0      0      0      0    405    210      1      2      0 
    0     11     30      -      0      0      0      0      0      0    405    210      1      2      0 
    0     11     30      -      0      0      0      0      0      0    405    210      1      2      0 
    0     11     30      -      0      0      0      0      0      0    405    210      1      2      0 
    0     11     30      -      0      0      0      0      0      0    405    210      1      2      0 
    0     11     30      -      0      0      0      0      0      0    405    210      1      2      0 
    0     12     30      -      0      0      0      0      0      0    405    210      1      2      0 
    0     12     30      -      0      0      0      0      0      0    405    210      1      2      0 
    0     11     30      -      0      0      0      0      0      0    405    210      1      2      0 
    0     11     30      -      0      0      0      0      0      0    405    210      1      2      0 
    0     11     30      -      0      0      0      0      0      0    405    210      1      2      0 
    0     11     30      -      0      0      0      0      0      0    405    210      1      2      0 
    0     11     30      -      0      0      0      0      0      0    405    210      1      2      0 
    0     11     30      -      0      0      0      0      0      0    405    210      1      2      0 
    0     11     30      -      0      0      0      0      0      0    405    210      1      2      0 
    0     11     30      -      0      0      0      0      0      0    405    210      1      2      0 
    0     11     30      -      0      0      0      0      0      0    405    210      1      2      0 
    0     11     30      -      0      0      0      0      0      0    405    210      1      2      0 
# gpu    pwr  gtemp  mtemp     sm    mem    enc    dec    jpg    ofa   mclk   pclk     fb   bar1   ccpm 
# Idx      W      C      C      %      %      %      %      %      %    MHz    MHz     MB     MB     MB 
    0     11     30      -      0      0      0      0      0      0    405    210      1      2      0 
    0     12     30      -      0      0      0      0      0      0    405    210      1      2      0 
    0     11     30      -      0      0      0      0      0      0    405    210      1      2      0 
    0     11     30      -      0      0      0      0      0      0    405    210      1      2      0 
    0     11     30      -      0      0      0      0      0      0    405    210      1      2      0 
    0     11     30      -      0      0      0      0      0      0    405    210      1      2      0 
    0     11     30      -      0      0      0      0      0      0    405    210      1      2      0 
    0     11     30      -      0      0      0      0      0      0    405    210      1      2      0 
    0     11     30      -      0      0      0      0      0      0    405    210      1      2      0 
    0     11     30      -      0      0      0      0      0      0    405    210      1      2      0 
    0     11     30      -      0      0      0      0      0      0    405    210      1      2      0 
    0     11     30      -      0      0      0      0      0      0    405    210      1      2      0 
    0     11     30      -      0      0      0      0      0      0    405    210      1      2      0 
    0     11     30      -      0      0      0      0      0      0    405    210      1      2      0 
    0     11     30      -      0      0      0      0      0      0    405    210      1      2      0 
    0     11     30      -      0      0      0      0      0      0    405    210      1      2      0 
    0     11     30      -      0      0      0      0      0      0    405    210      1      2      0 
    0     11     30      -      0      0      0      0      0      0    405    210      1      2      0 
    0     11     30      -      0      0      0      0      0      0    405    210      1      2      0 
    0     11     30      -      0      0      0      0      0      0    405    210      1      2      0 
    0     11     30      -      0      0      0      0      0      0    405    210      1      2      0 
    0     12     30      -      0      0      0      0      0      0    405    210      1      2      0 
    0     11     30      -      0      0      0      0      0      0    405    210      1      2      0 
    0     11     30      -      0      0      0      0      0      0    405    210      1      2      0 
    0     11     30      -      0      0      0      0      0      0    405    210      1      2      0 
    0     11     30      -      0      0      0      0      0      0    405    210      1      2      0 
    0     11     30      -      0      0      0      0      0      0    405    210      1      2      0 
    0     11     30      -      0      0      0      0      0      0    405    210      1      2      0 
    0     11     30      -      0      0      0      0      0      0    405    210      1      2      0 
    0     11     30      -      0      0      0      0      0      0    405    210      1      2      0 
    0     11     30      -      0      0      0      0      0      0    405    210      1      2      0 
    0     12     30      -      0      0      0      0      0      0    405    210      1      2      0 
    0     11     30      -      0      0      0      0      0      0    405    210      1      2      0 
    0     11     30      -      0      0      0      0      0      0    405    210      1      2      0 
    0     12     30      -      0      0      0      0      0      0    405    210      1      2      0 
    0     11     30      -      0      0      0      0      0      0    405    210      1      2      0 
    0     11     30      -      0      0      0      0      0      0    405    210      1      2      0 
    0     11     30      -      0      0      0      0      0      0    405    210      1      2      0 
    0     12     30      -      0      0      0      0      0      0    405    210      1      2      0 
    0     11     30      -      0      0      0      0      0      0    405    210      1      2      0 
    0     11     30      -      0      0      0      0      0      0    405    210      1      2      0 
    0     12     30      -      0      0      0      0      0      0    405    210      1      2      0 
    0     11     30      -      0      0      0      0      0      0    405    210      1      2      0 
    0     11     30      -      0      0      0      0      0      0    405    210      1      2      0 
# gpu    pwr  gtemp  mtemp     sm    mem    enc    dec    jpg    ofa   mclk   pclk     fb   bar1   ccpm 
# Idx      W      C      C      %      %      %      %      %      %    MHz    MHz     MB     MB     MB 
    0     12     30      -      0      0      0      0      0      0    405    210      1      2      0 
    0     11     30      -      0      0      0      0      0      0    405    210      1      2      0 
    0     11     30      -      0      0      0      0      0      0    405    210      1      2      0 
    0     11     30      -      0      0      0      0      0      0    405    210      1      2      0 
    0     11     30      -      0      0      0      0      0      0    405    210      1      2      0 
    0     11     30      -      0      0      0      0      0      0    405    210      1      2      0 
    0     11     30      -      0      0      0      0      0      0    405    210      1      2      0 
    0     12     30      -      0      0      0      0      0      0    405    210      1      2      0 
    0     11     30      -      0      0      0      0      0      0    405    210      1      2      0 
    0     11     30      -      0      0      0      0      0      0    405    210      1      2      0 
    0     11     30      -      0      0      0      0      0      0    405    210      1      2      0 
    0     11     30      -      0      0      0      0      0      0    405    210      1      2      0 
    0     11     30      -      0      0      0      0      0      0    405    210      1      2      0 
    0     11     30      -      0      0      0      0      0      0    405    210      1      2      0 
    0     11     30      -      0      0      0      0      0      0    405    210      1      2      0 
    0     11     30      -      0      0      0      0      0      0    405    210      1      2      0 
    0     11     30      -      0      0      0      0      0      0    405    210      1      2      0 
    0     11     30      -      0      0      0      0      0      0    405    210      1      2      0 
    0     11     30      -      0      0      0      0      0      0    405    210      1      2      0 
    0     11     30      -      0      0      0      0      0      0    405    210      1      2      0 
    0     12     30      -      0      0      0      0      0      0    405    210      1      2      0 
    0     11     30      -      0      0      0      0      0      0    405    210      1      2      0 
    0     11     30      -      0      0      0      0      0      0    405    210      1      2      0 
    0     11     30      -      0      0      0      0      0      0    405    210      1      2      0 
    0     11     30      -      0      0      0      0      0      0    405    210      1      2      0 
    0     11     30      -      0      0      0      0      0      0    405    210      1      2      0 
    0     11     30      -      0      0      0      0      0      0    405    210      1      2      0 
    0     11     30      -      0      0      0      0      0      0    405    210      1      2      0 
    0     11     30      -      0      0      0      0      0      0    405    210      1      2      0 
    0     11     30      -      0      0      0      0      0      0    405    210      1      2      0 
    0     11     30      -      0      0      0      0      0      0    405    210      1      2      0 
    0     11     30      -      0      0      0      0      0      0    405    210      1      2      0 
    0     16     31      -      8      0      0      0      0      0  10251   2520      1      2      0 
    0     48     31      -      0      0      0      0      0      0  10501   2520      1      2      0 
    0     47     31      -      0      0      0      0      0      0  10501   2520      1      2      0 
    0     27     30      -      0      0      0      0      0      0    810    450      1      2      0 
    0     20     30      -      0      0      0      0      0      0    405    285      1      2      0 
    0     13     30      -      0      0      0      0      0      0    405    210      1      2      0 
    0     11     30      -      0      0      0      0      0      0    405    210      1      2      0 
    0     11     30      -      0      0      0      0      0      0    405    210      1      2      0 
    0     11     30      -      0      0      0      0      0      0    405    210      1      2      0 
    0     11     30      -      0      0      0      0      0      0    405    210      1      2      0 
    0     11     30      -      0      0      0      0      0      0    405    210      1      2      0 
    0     11     30      -      0      0      0      0      0      0    405    210      1      2      0 
# gpu    pwr  gtemp  mtemp     sm    mem    enc    dec    jpg    ofa   mclk   pclk     fb   bar1   ccpm 
# Idx      W      C      C      %      %      %      %      %      %    MHz    MHz     MB     MB     MB 
    0     11     30      -      0      0      0      0      0      0    405    210      1      2      0 
    0     11     30      -      0      0      0      0      0      0    405    210      1      2      0 
    0     11     30      -      0      0      0      0      0      0    405    210      1      2      0 
    0     11     30      -      0      0      0      0      0      0    405    210      1      2      0 
    0     11     30      -      0      0      0      0      0      0    405    210      1      2      0 
    0     11     30      -      0      0      0      0      0      0    405    210      1      2      0 
    0     11     30      -      0      0      0      0      0      0    405    210      1      2      0 
    0     11     30      -      0      0      0      0      0      0    405    210      1      2      0 
    0     11     30      -      0      0      0      0      0      0    405    210      1      2      0 
    0     11     30      -      0      0      0      0      0      0    405    210      1      2      0 
    0     12     30      -      0      0      0      0      0      0    405    210      4      5      0 
    0     36     31      -      0      0      0      0      0      0  10251   2520    480    480      0 
    0     48     31      -      1      1      0      0      0      0  10251   2520   8294   8294      0 
    0     71     32      -     21      4      0      0      0      0  10251   2520  10890  10890      0 
    0    166     37      -     99    100      0      0      0      0  10251   2805  16378  16378      0 
    0    215     38      -     99    100      0      0      0      0  10251   2805  16378  16378      0 
    0    215     38      -     99    100      0      0      0      0  10251   2805  16378  16378      0 
    0    216     38      -     99    100      0      0      0      0  10251   2805  16378  16378      0 
    0    216     39      -     99    100      0      0      0      0  10251   2805  16378  16378      0 
    0    217     39      -     99    100      0      0      0      0  10251   2805  16378  16378      0 
    0    216     40      -     99    100      0      0      0      0  10251   2805  16378  16378      0 
    0    183     38      -     99    100      0      0      0      0  10251   2805  23106  23106      0 
    0    159     40      -     97    100      0      0      0      0  10251   2805  23106  23106      0 
    0    218     41      -     99    100      0      0      0      0  10251   2805  23106  23106      0 
    0    219     41      -     99    100      0      0      0      0  10251   2805  23106  23106      0 
    0    221     41      -     99    100      0      0      0      0  10251   2805  23106  23106      0 
    0    221     42      -     99    100      0      0      0      0  10251   2805  23106  23106      0 
    0    222     42      -     99    100      0      0      0      0  10251   2805  23106  23106      0 
    0    223     42      -     99    100      0      0      0      0  10251   2805  23106  23106      0 
    0    214     41      -     99    100      0      0      0      0  10251   2805  23106  23106      0 
    0    135     42      -     16      3      0      0      0      0  10251   2805  23106  23106      0 
    0    219     43      -     99    100      0      0      0      0  10251   2805  23106  23106      0 
    0    220     43      -     99    100      0      0      0      0  10251   2805  23106  23106      0 
    0    222     43      -     99    100      0      0      0      0  10251   2805  23106  23106      0 
    0    223     44      -     99    100      0      0      0      0  10251   2805  23106  23106      0 
    0    224     44      -     99    100      0      0      0      0  10251   2805  23106  23106      0 
    0    225     44      -     99    100      0      0      0      0  10251   2790  23106  23106      0 
    0    227     44      -     99    100      0      0      0      0  10251   2790  23106  23106      0 
    0    139     43      -     19      4      0      0      0      0  10251   2790  23106  23106      0 
    0    220     44      -     99    100      0      0      0      0  10251   2790  23106  23106      0 
    0    221     45      -     99    100      0      0      0      0  10251   2790  23106  23106      0 
    0    222     45      -     99    100      0      0      0      0  10251   2790  23106  23106      0 
    0    224     45      -     99    100      0      0      0      0  10251   2790  23106  23106      0 
    0    224     45      -     99    100      0      0      0      0  10251   2790  23106  23106      0 
# gpu    pwr  gtemp  mtemp     sm    mem    enc    dec    jpg    ofa   mclk   pclk     fb   bar1   ccpm 
# Idx      W      C      C      %      %      %      %      %      %    MHz    MHz     MB     MB     MB 
    0    225     46      -     99    100      0      0      0      0  10251   2790  23106  23106      0 
    0    226     46      -     99    100      0      0      0      0  10251   2790  23106  23106      0 
    0    146     43      -     19      4      0      0      0      0  10251   2790  23106  23106      0 
    0    205     46      -     99    100      0      0      0      0  10251   2790  23106  23106      0 
    0    222     46      -     99    100      0      0      0      0  10251   2790  23106  23106      0 
    0    222     46      -     99    100      0      0      0      0  10251   2790  23106  23106      0 
    0    224     47      -     99    100      0      0      0      0  10251   2790  23106  23106      0 
    0    226     47      -     99    100      0      0      0      0  10251   2790  23106  23106      0 
    0    226     47      -     99    100      0      0      0      0  10251   2790  23106  23106      0 
    0    227     47      -     99    100      0      0      0      0  10251   2790  23106  23106      0 
    0    172     44      -     80     92      0      0      0      0  10251   2790  23106  23106      0 
    0    181     47      -     99    100      0      0      0      0  10251   2790  23106  23106      0 
    0    223     47      -     99    100      0      0      0      0  10251   2790  23106  23106      0 
    0    224     47      -     99    100      0      0      0      0  10251   2790  23106  23106      0 
    0    226     48      -     99    100      0      0      0      0  10251   2790  23106  23106      0 
    0    226     48      -     99    100      0      0      0      0  10251   2790  23106  23106      0 
    0    227     48      -     99    100      0      0      0      0  10251   2790  23106  23106      0 
    0    228     48      -     99    100      0      0      0      0  10251   2790  23106  23106      0 
    0    196     46      -     99    100      0      0      0      0  10251   2790  23106  23106      0 
    0    159     48      -     74     86      0      0      0      0  10251   2790  23106  23106      0 
    0    223     48      -     99    100      0      0      0      0  10251   2790  23106  23106      0 
    0    224     48      -     99    100      0      0      0      0  10251   2790  23106  23106      0 
    0    225     49      -     99    100      0      0      0      0  10251   2790  23106  23106      0 
    0    226     49      -     99    100      0      0      0      0  10251   2790  23106  23106      0 
    0    228     49      -     99    100      0      0      0      0  10251   2790  23106  23106      0 
    0    229     49      -     99    100      0      0      0      0  10251   2790  23106  23106      0 
    0    203     46      -     99    100      0      0      0      0  10251   2790  23098  23098      0 
    0     71     44      -      0      0      0      0      0      0  10501   2790      1      2      0 
    0     66     44      -      0      0      0      0      0      0  10501   2790      1      2      0 
    0     59     43      -      0      0      0      0      0      0   5001    570      1      2      0 
    0     43     42      -      0      0      0      0      0      0   5001    360      1      2      0 
    0     27     41      -      0      0      0      0      0      0    810    225      1      2      0 
    0     22     41      -      0      0      0      0      0      0    810    210      1      2      0 
    0     17     40      -      0      0      0      0      0      0    405    210      1      2      0 
    0     15     40      -      0      0      0      0      0      0    405    210      1      2      0 
    0     12     40      -      0      0      0      0      0      0    405    210      1      2      0 
    0     12     40      -      0      0      0      0      0      0    405    210      1      2      0 
    0     12     39      -      0      0      0      0      0      0    405    210      1      2      0 
    0     12     39      -      0      0      0      0      0      0    405    210      1      2      0 
    0     12     39      -      0      0      0      0      0      0    405    210      1      2      0 
    0     13     39      -      0      0      0      0      0      0    405    210      1      2      0 
    0     13     38      -      0      0      0      0      0      0    405    210      1      2      0 
    0     12     38      -      0      0      0      0      0      0    405    210      1      2      0 
    0     12     38      -      0      0      0      0      0      0    405    210      1      2      0 
# gpu    pwr  gtemp  mtemp     sm    mem    enc    dec    jpg    ofa   mclk   pclk     fb   bar1   ccpm 
# Idx      W      C      C      %      %      %      %      %      %    MHz    MHz     MB     MB     MB 
    0     13     38      -      0      0      0      0      0      0    405    210      1      2      0 
    0     12     38      -      0      0      0      0      0      0    405    210      1      2      0 
    0     12     37      -      0      0      0      0      0      0    405    210      1      2      0 
    0     12     37      -      0      0      0      0      0      0    405    210      1      2      0 
    0     12     37      -      0      0      0      0      0      0    405    210      1      2      0 
    0     12     37      -      0      0      0      0      0      0    405    210      1      2      0 
    0     12     37      -      0      0      0      0      0      0    405    210      1      2      0 
    0     12     37      -      0      0      0      0      0      0    405    210      1      2      0 
    0     11     36      -      0      0      0      0      0      0    405    210      1      2      0 
    0     12     36      -      0      0      0      0      0      0    405    210      1      2      0 
    0     12     36      -      0      0      0      0      0      0    405    210      1      2      0 
    0     12     36      -      0      0      0      0      0      0    405    210      1      2      0 
    0     12     36      -      0      0      0      0      0      0    405    210      1      2      0 
    0     12     36      -      0      0      0      0      0      0    405    210      1      2      0 
    0     12     36      -      0      0      0      0      0      0    405    210      1      2      0 
    0     12     35      -      0      0      0      0      0      0    405    210      1      2      0 
    0     12     35      -      0      0      0      0      0      0    405    210      1      2      0 
    0     12     35      -      0      0      0      0      0      0    405    210      1      2      0 
    0     11     35      -      0      0      0      0      0      0    405    210      1      2      0 
    0     12     35      -      0      0      0      0      0      0    405    210      1      2      0 
    0     12     35      -      0      0      0      0      0      0    405    210      1      2      0 
    0     12     35      -      0      0      0      0      0      0    405    210      1      2      0 
    0     11     35      -      0      0      0      0      0      0    405    210      1      2      0 
    0     12     34      -      0      0      0      0      0      0    405    210      1      2      0 
    0     12     34      -      0      0      0      0      0      0    405    210      1      2      0 
    0     12     34      -      0      0      0      0      0      0    405    210      1      2      0 
    0     12     34      -      0      0      0      0      0      0    405    210      1      2      0 
    0     12     34      -      0      0      0      0      0      0    405    210      1      2      0 
    0     12     34      -      0      0      0      0      0      0    405    210      1      2      0 
    0     12     34      -      0      0      0      0      0      0    405    210      1      2      0 
    0     12     34      -      0      0      0      0      0      0    405    210      1      2      0 
    0     12     34      -      0      0      0      0      0      0    405    210      1      2      0 
    0     12     34      -      0      0      0      0      0      0    405    210      1      2      0 
    0     12     34      -      0      0      0      0      0      0    405    210      1      2      0 
    0     12     33      -      0      0      0      0      0      0    405    210      1      2      0 
    0     12     33      -      0      0      0      0      0      0    405    210      1      2      0 
    0     12     33      -      0      0      0      0      0      0    405    210      1      2      0 
    0     12     33      -      0      0      0      0      0      0    405    210      1      2      0 
    0     12     33      -      0      0      0      0      0      0    405    210      1      2      0 
    0     12     33      -      0      0      0      0      0      0    405    210      1      2      0 
    0     12     33      -      0      0      0      0      0      0    405    210      1      2      0 
    0     12     33      -      0      0      0      0      0      0    405    210      1      2      0 
    0     12     33      -      0      0      0      0      0      0    405    210      1      2      0 
    0     12     33      -      0      0      0      0      0      0    405    210      1      2      0 
# gpu    pwr  gtemp  mtemp     sm    mem    enc    dec    jpg    ofa   mclk   pclk     fb   bar1   ccpm 
# Idx      W      C      C      %      %      %      %      %      %    MHz    MHz     MB     MB     MB 
    0     12     33      -      0      0      0      0      0      0    405    210      1      2      0 
    0     12     33      -      0      0      0      0      0      0    405    210      1      2      0 
    0     12     33      -      0      0      0      0      0      0    405    210      1      2      0 
    0     12     33      -      0      0      0      0      0      0    405    210      1      2      0 
    0     12     33      -      0      0      0      0      0      0    405    210      1      2      0 
    0     12     32      -      0      0      0      0      0      0    405    210      1      2      0 
    0     11     32      -      0      0      0      0      0      0    405    210      1      2      0 
    0     12     32      -      0      0      0      0      0      0    405    210      1      2      0 
    0     12     32      -      0      0      0      0      0      0    405    210      1      2      0 
    0     12     32      -      0      0      0      0      0      0    405    210      1      2      0 
    0     12     32      -      0      0      0      0      0      0    405    210      1      2      0 
    0     12     32      -      0      0      0      0      0      0    405    210      1      2      0 
    0     12     32      -      0      0      0      0      0      0    405    210      1      2      0 
    0     11     32      -      0      0      0      0      0      0    405    210      1      2      0 
    0     12     32      -      0      0      0      0      0      0    405    210      1      2      0 
    0     12     32      -      0      0      0      0      0      0    405    210      1      2      0 
    0     11     32      -      0      0      0      0      0      0    405    210      1      2      0 
    0     12     32      -      0      0      0      0      0      0    405    210      1      2      0 
    0     12     32      -      0      0      0      0      0      0    405    210      1      2      0 
    0     11     32      -      0      0      0      0      0      0    405    210      1      2      0 
    0     11     32      -      0      0      0      0      0      0    405    210      1      2      0 
    0     12     32      -      0      0      0      0      0      0    405    210      1      2      0 
    0     12     32      -      0      0      0      0      0      0    405    210      1      2      0 
    0     12     32      -      0      0      0      0      0      0    405    210      1      2      0 
    0     12     32      -      0      0      0      0      0      0    405    210      1      2      0 
    0     12     32      -      0      0      0      0      0      0    405    210      1      2      0 
    0     11     31      -      0      0      0      0      0      0    405    210      1      2      0 
    0     12     31      -      0      0      0      0      0      0    405    210      1      2      0 
    0     12     31      -      0      0      0      0      0      0    405    210      1      2      0 
    0     12     31      -      0      0      0      0      0      0    405    210      1      2      0 
    0     11     31      -      0      0      0      0      0      0    405    210      1      2      0 
    0     12     31      -      0      0      0      0      0      0    405    210      1      2      0 
    0     12     31      -      0      0      0      0      0      0    405    210      1      2      0 
    0     12     31      -      0      0      0      0      0      0    405    210      1      2      0 
    0     12     31      -      0      0      0      0      0      0    405    210      1      2      0 
    0     12     31      -      0      0      0      0      0      0    405    210      1      2      0 
    0     12     31      -      0      0      0      0      0      0    405    210      1      2      0 
    0     12     31      -      0      0      0      0      0      0    405    210      1      2      0 
    0     12     31      -      0      0      0      0      0      0    405    210      1      2      0 
    0     11     31      -      0      0      0      0      0      0    405    210      1      2      0 
    0     11     31      -      0      0      0      0      0      0    405    210      1      2      0 
    0     11     31      -      0      0      0      0      0      0    405    210      1      2      0 
    0     11     31      -      0      0      0      0      0      0    405    210      1      2      0 
    0     11     31      -      0      0      0      0      0      0    405    210      1      2      0 
# gpu    pwr  gtemp  mtemp     sm    mem    enc    dec    jpg    ofa   mclk   pclk     fb   bar1   ccpm 
# Idx      W      C      C      %      %      %      %      %      %    MHz    MHz     MB     MB     MB 
    0     12     31      -      0      0      0      0      0      0    405    210      1      2      0 
    0     12     31      -      0      0      0      0      0      0    405    210      1      2      0 
    0     11     31      -      0      0      0      0      0      0    405    210      1      2      0 
    0     12     31      -      0      0      0      0      0      0    405    210      1      2      0 
    0     12     31      -      0      0      0      0      0      0    405    210      1      2      0 
    0     12     31      -      0      0      0      0      0      0    405    210      4      5      0 
    0     12     31      -      0      0      0      0      0      0    405    210      4      5      0 
    0     11     31      -      0      0      0      0      0      0    405    210      1      2      0 
    0     11     31      -      0      0      0      0      0      0    405    210      1      2      0 
    0     12     31      -      0      0      0      0      0      0    405    210      1      2      0 
    0     11     31      -      0      0      0      0      0      0    405    210      1      2      0 
    0     11     31      -      0      0      0      0      0      0    405    210      1      2      0 
    0     12     31      -      0      0      0      0      0      0    405    210      1      2      0 
    0     12     31      -      0      0      0      0      0      0    405    210      1      2      0 
    0     11     31      -      0      0      0      0      0      0    405    210      1      2      0 
    0     11     31      -      0      0      0      0      0      0    405    210      1      2      0 
    0     12     31      -      0      0      0      0      0      0    405    210      1      2      0 
    0     12     31      -      0      0      0      0      0      0    405    210      1      2      0 
    0     12     31      -      0      0      0      0      0      0    405    210      1      2      0 
    0     12     31      -      0      0      0      0      0      0    405    210      1      2      0 
    0     11     31      -      0      0      0      0      0      0    405    210      1      2      0 
    0     11     31      -      0      0      0      0      0      0    405    210      1      2      0 
    0     12     31      -      0      0      0      0      0      0    405    210      1      2      0 
    0     11     31      -      0      0      0      0      0      0    405    210      1      2      0 
    0     11     31      -      0      0      0      0      0      0    405    210      1      2      0 
    0     12     31      -      0      0      0      0      0      0    405    210      1      2      0 
    0     11     31      -      0      0      0      0      0      0    405    210      1      2      0 
    0     11     31      -      0      0      0      0      0      0    405    210      1      2      0 
    0     11     31      -      0      0      0      0      0      0    405    210      1      2      0 
    0     11     31      -      0      0      0      0      0      0    405    210      1      2      0 
    0     11     31      -      0      0      0      0      0      0    405    210      1      2      0 
    0     11     30      -      0      0      0      0      0      0    405    210      1      2      0 
    0     11     30      -      0      0      0      0      0      0    405    210      1      2      0 
    0     11     30      -      0      0      0      0      0      0    405    210      1      2      0 
    0     11     30      -      0      0      0      0      0      0    405    210      1      2      0 
    0     11     30      -      0      0      0      0      0      0    405    210      1      2      0 
    0     11     30      -      0      0      0      0      0      0    405    210      1      2      0 
    0     11     30      -      0      0      0      0      0      0    405    210      1      2      0 
    0     11     30      -      0      0      0      0      0      0    405    210      1      2      0 
    0     11     30      -      0      0      0      0      0      0    405    210      1      2      0 
    0     11     30      -      0      0      0      0      0      0    405    210      1      2      0 
    0     11     30      -      0      0      0      0      0      0    405    210      1      2      0 
    0     11     30      -      0      0      0      0      0      0    405    210      1      2      0 
    0     11     30      -      0      0      0      0      0      0    405    210      1      2      0 
# gpu    pwr  gtemp  mtemp     sm    mem    enc    dec    jpg    ofa   mclk   pclk     fb   bar1   ccpm 
# Idx      W      C      C      %      %      %      %      %      %    MHz    MHz     MB     MB     MB 
    0     11     30      -      0      0      0      0      0      0    405    210      1      2      0 
    0     11     30      -      0      0      0      0      0      0    405    210      1      2      0 
    0     11     30      -      0      0      0      0      0      0    405    210      1      2      0 
    0     11     30      -      0      0      0      0      0      0    405    210      1      2      0 
    0     11     30      -      0      0      0      0      0      0    405    210      1      2      0 
    0     11     30      -      0      0      0      0      0      0    405    210      1      2      0 
    0     11     30      -      0      0      0      0      0      0    405    210      1      2      0 
    0     11     30      -      0      0      0      0      0      0    405    210      1      2      0 
    0     11     30      -      0      0      0      0      0      0    405    210      1      2      0 
    0     11     30      -      0      0      0      0      0      0    405    210      1      2      0 
    0     11     30      -      0      0      0      0      0      0    405    210      1      2      0 
    0     11     30      -      0      0      0      0      0      0    405    210      1      2      0 
    0     11     30      -      0      0      0      0      0      0    405    210      1      2      0 
    0     11     30      -      0      0      0      0      0      0    405    210      1      2      0 
    0     11     30      -      0      0      0      0      0      0    405    210      1      2      0 
    0     11     30      -      0      0      0      0      0      0    405    210      1      2      0 
    0     11     30      -      0      0      0      0      0      0    405    210      1      2      0 
    0     11     30      -      0      0      0      0      0      0    405    210      1      2      0 
    0     11     30      -      0      0      0      0      0      0    405    210      1      2      0 
    0     11     30      -      0      0      0      0      0      0    405    210      1      2      0 
    0     11     30      -      0      0      0      0      0      0    405    210      1      2      0 
    0     11     30      -      0      0      0      0      0      0    405    210      1      2      0 
    0     11     30      -      0      0      0      0      0      0    405    210      1      2      0 
    0     11     30      -      0      0      0      0      0      0    405    210      1      2      0 
    0     11     30      -      0      0      0      0      0      0    405    210      1      2      0 
    0     11     30      -      0      0      0      0      0      0    405    210      1      2      0 
    0     11     30      -      0      0      0      0      0      0    405    210      1      2      0 
    0     11     30      -      0      0      0      0      0      0    405    210      1      2      0 
    0     11     30      -      0      0      0      0      0      0    405    210      1      2      0 
    0     11     30      -      0      0      0      0      0      0    405    210      1      2      0 
    0     11     30      -      0      0      0      0      0      0    405    210      1      2      0 
    0     11     30      -      0      0      0      0      0      0    405    210      1      2      0 
    0     11     30      -      0      0      0      0      0      0    405    210      1      2      0 
    0     11     30      -      0      0      0      0      0      0    405    210      1      2      0 
    0     11     30      -      0      0      0      0      0      0    405    210      1      2      0 
    0     11     30      -      0      0      0      0      0      0    405    210      1      2      0 
    0     11     30      -      0      0      0      0      0      0    405    210      1      2      0 
    0     11     30      -      0      0      0      0      0      0    405    210      1      2      0 
    0     11     30      -      0      0      0      0      0      0    405    210      1      2      0 
    0     11     30      -      0      0      0      0      0      0    405    210      1      2      0 
    0     11     30      -      0      0      0      0      0      0    405    210      1      2      0 
    0     11     30      -      0      0      0      0      0      0    405    210      1      2      0 
    0     11     30      -      0      0      0      0      0      0    405    210      1      2      0 
    0     11     30      -      0      0      0      0      0      0    405    210      1      2      0 
# gpu    pwr  gtemp  mtemp     sm    mem    enc    dec    jpg    ofa   mclk   pclk     fb   bar1   ccpm 
# Idx      W      C      C      %      %      %      %      %      %    MHz    MHz     MB     MB     MB 
    0     11     30      -      0      0      0      0      0      0    405    210      1      2      0 
    0     11     30      -      0      0      0      0      0      0    405    210      1      2      0 
    0     11     30      -      0      0      0      0      0      0    405    210      1      2      0 
    0     12     30      -      0      0      0      0      0      0    405    210      1      2      0 
    0     11     30      -      0      0      0      0      0      0    405    210      1      2      0 
    0     11     30      -      0      0      0      0      0      0    405    210      1      2      0 
    0     11     30      -      0      0      0      0      0      0    405    210      1      2      0 
    0     11     30      -      0      0      0      0      0      0    405    210      1      2      0 
    0     11     30      -      0      0      0      0      0      0    405    210      1      2      0 
    0     11     30      -      0      0      0      0      0      0    405    210      1      2      0 
    0     11     30      -      0      0      0      0      0      0    405    210      1      2      0 
    0     11     30      -      0      0      0      0      0      0    405    210      1      2      0 
    0     11     30      -      0      0      0      0      0      0    405    210      1      2      0 
    0     11     30      -      0      0      0      0      0      0    405    210      1      2      0 
    0     11     30      -      0      0      0      0      0      0    405    210      1      2      0 
    0     11     30      -      0      0      0      0      0      0    405    210      1      2      0 
    0     11     30      -      0      0      0      0      0      0    405    210      1      2      0 
    0     11     30      -      0      0      0      0      0      0    405    210      1      2      0 
    0     11     30      -      0      0      0      0      0      0    405    210      1      2      0 
    0     11     30      -      0      0      0      0      0      0    405    210      1      2      0 
    0     11     30      -      0      0      0      0      0      0    405    210      1      2      0 
    0     11     30      -      0      0      0      0      0      0    405    210      1      2      0 
    0     11     30      -      0      0      0      0      0      0    405    210      1      2      0 
    0     11     30      -      0      0      0      0      0      0    405    210      1      2      0 
    0     11     30      -      0      0      0      0      0      0    405    210      1      2      0 
    0     11     30      -      0      0      0      0      0      0    405    210      1      2      0 
    0     11     30      -      0      0      0      0      0      0    405    210      1      2      0 
    0     11     30      -      0      0      0      0      0      0    405    210      1      2      0 
    0     11     30      -      0      0      0      0      0      0    405    210      1      2      0 
    0     11     30      -      0      0      0      0      0      0    405    210      1      2      0 
    0     11     30      -      0      0      0      0      0      0    405    210      1      2      0 
    0     11     30      -      0      0      0      0      0      0    405    210      1      2      0 
    0     11     30      -      0      0      0      0      0      0    405    210      1      2      0 
    0     11     30      -      0      0      0      0      0      0    405    210      1      2      0 
    0     11     30      -      0      0      0      0      0      0    405    210      1      2      0 
    0     11     30      -      0      0      0      0      0      0    405    210      1      2      0 
    0     11     30      -      0      0      0      0      0      0    405    210      1      2      0 
    0     11     30      -      0      0      0      0      0      0    405    210      1      2      0 
    0     11     30      -      0      0      0      0      0      0    405    210      1      2      0 
    0     11     30      -      0      0      0      0      0      0    405    210      1      2      0 
    0     11     30      -      0      0      0      0      0      0    405    210      1      2      0 
    0     11     30      -      0      0      0      0      0      0    405    210      1      2      0 
    0     11     30      -      0      0      0      0      0      0    405    210      1      2      0 
    0     11     30      -      0      0      0      0      0      0    405    210      1      2      0 
# gpu    pwr  gtemp  mtemp     sm    mem    enc    dec    jpg    ofa   mclk   pclk     fb   bar1   ccpm 
# Idx      W      C      C      %      %      %      %      %      %    MHz    MHz     MB     MB     MB 
    0     11     30      -      0      0      0      0      0      0    405    210      1      2      0 
    0     11     30      -      0      0      0      0      0      0    405    210      1      2      0 
    0     11     30      -      0      0      0      0      0      0    405    210      1      2      0 
    0     11     30      -      0      0      0      0      0      0    405    210      1      2      0 
    0     11     30      -      0      0      0      0      0      0    405    210      1      2      0 
    0     11     30      -      0      0      0      0      0      0    405    210      1      2      0 
    0     11     30      -      0      0      0      0      0      0    405    210      1      2      0 
    0     11     30      -      0      0      0      0      0      0    405    210      1      2      0 
    0     11     30      -      0      0      0      0      0      0    405    210      1      2      0 
    0     11     30      -      0      0      0      0      0      0    405    210      1      2      0 
    0     11     30      -      0      0      0      0      0      0    405    210      1      2      0 
    0     11     30      -      0      0      0      0      0      0    405    210      1      2      0 
    0     11     30      -      0      0      0      0      0      0    405    210      1      2      0 
    0     11     30      -      0      0      0      0      0      0    405    210      1      2      0 
    0     11     30      -      0      0      0      0      0      0    405    210      1      2      0 
    0     11     30      -      0      0      0      0      0      0    405    210      1      2      0 
    0     11     30      -      0      0      0      0      0      0    405    210      1      2      0 
    0     11     30      -      0      0      0      0      0      0    405    210      1      2      0 
    0     11     30      -      0      0      0      0      0      0    405    210      1      2      0 
    0     11     30      -      0      0      0      0      0      0    405    210      1      2      0 
    0     11     30      -      0      0      0      0      0      0    405    210      1      2      0 
    0     11     30      -      0      0      0      0      0      0    405    210      1      2      0 
    0     11     30      -      0      0      0      0      0      0    405    210      1      2      0 
    0     11     30      -      0      0      0      0      0      0    405    210      1      2      0 
    0     11     30      -      0      0      0      0      0      0    405    210      1      2      0 
    0     11     30      -      0      0      0      0      0      0    405    210      1      2      0 
    0     11     30      -      0      0      0      0      0      0    405    210      1      2      0 
    0     11     30      -      0      0      0      0      0      0    405    210      1      2      0 
    0     11     30      -      0      0      0      0      0      0    405    210      1      2      0 
    0     11     30      -      0      0      0      0      0      0    405    210      1      2      0 
    0     11     30      -      0      0      0      0      0      0    405    210      1      2      0 
    0     11     30      -      0      0      0      0      0      0    405    210      1      2      0 
    0     11     30      -      0      0      0      0      0      0    405    210     21     21      0 
    0     30     31      -      1      0      0      0      0      0  10251   2520      1      2      0 
    0     47     31      -      0      0      0      0      0      0  10501   2520      1      2      0 
    0     22     31      -      0      0      0      0      0      0  10501   2520      1      2      0 
    0     16     30      -      0      0      0      0      0      0    810    480      1      2      0 
    0     12     30      -      0      0      0      0      0      0    405    300      1      2      0 
    0     11     30      -      0      0      0      0      0      0    405    210      1      2      0 
    0     11     30      -      0      0      0      0      0      0    405    210      1      2      0 
    0     11     30      -      0      0      0      0      0      0    405    210      1      2      0 
    0     11     30      -      0      0      0      0      0      0    405    210      1      2      0 
    0     11     30      -      0      0      0      0      0      0    405    210      1      2      0 
    0     11     30      -      0      0      0      0      0      0    405    210      1      2      0 
# gpu    pwr  gtemp  mtemp     sm    mem    enc    dec    jpg    ofa   mclk   pclk     fb   bar1   ccpm 
# Idx      W      C      C      %      %      %      %      %      %    MHz    MHz     MB     MB     MB 
    0     11     30      -      0      0      0      0      0      0    405    210      1      2      0 
    0     11     30      -      0      0      0      0      0      0    405    210      1      2      0 
    0     11     30      -      0      0      0      0      0      0    405    210      1      2      0 
    0     11     30      -      0      0      0      0      0      0    405    210      1      2      0 
    0     11     30      -      0      0      0      0      0      0    405    210      1      2      0 
    0     11     30      -      0      0      0      0      0      0    405    210      1      2      0 
    0     11     30      -      0      0      0      0      0      0    405    210      1      2      0 
    0     11     30      -      0      0      0      0      0      0    405    210      1      2      0 
    0     11     30      -      0      0      0      0      0      0    405    210      1      2      0 
    0     11     30      -      0      0      0      0      0      0    405    210      1      2      0 
    0     11     30      -      0      0      0      0      0      0    405    210      4      5      0 
    0     19     31      -      0      0      0      0      0      0  10251   2520    480    480      0 
    0     46     31      -      0      0      0      0      0      0  10251   2520   8422   8422      0 
    0     92     35      -     23     27      0      0      0      0  10251   2805  17022  17022      0 
    0    224     38      -     99     97      0      0      0      0  10251   2790  23752  23752      0 
    0    233     39      -    100    100      0      0      0      0  10251   2790  23752  23752      0 
    0    234     40      -    100    100      0      0      0      0  10251   2790  23752  23752      0 
    0    233     40      -    100    100      0      0      0      0  10251   2790  23752  23752      0 
    0    234     41      -    100    100      0      0      0      0  10251   2790  23752  23752      0 
    0    234     41      -    100    100      0      0      0      0  10251   2790  23752  23752      0 
    0    234     41      -    100    100      0      0      0      0  10251   2790  23752  23752      0 
    0    117     36      -      0      0      0      0      0      0  10251   2790      1      2      0 
    0     67     36      -     63      5      0      0      0      0  10501   2790      1      2      0 
    0     57     34      -      0      0      0      0      0      0   5001    570      1      2      0 
    0     39     34      -      0      0      0      0      0      0    810    360      1      2      0 
    0     18     33      -      0      0      0      0      0      0    810    225      1      2      0 
    0     14     33      -      0      0      0      0      0      0    405    210      1      2      0 
    0     12     33      -      0      0      0      0      0      0    405    210      1      2      0 
    0     11     33      -      0      0      0      0      0      0    405    210      1      2      0 
    0     11     33      -      0      0      0      0      0      0    405    210      1      2      0 
    0     11     33      -      0      0      0      0      0      0    405    210      1      2      0 
    0     11     33      -      0      0      0      0      0      0    405    210      1      2      0 
    0     11     33      -      0      0      0      0      0      0    405    210      1      2      0 
    0     11     32      -      0      0      0      0      0      0    405    210      1      2      0 
    0     11     32      -      0      0      0      0      0      0    405    210      1      2      0 
    0     11     32      -      0      0      0      0      0      0    405    210      1      2      0 
    0     11     32      -      0      0      0      0      0      0    405    210      1      2      0 
    0     11     32      -      0      0      0      0      0      0    405    210      1      2      0 
    0     11     32      -      0      0      0      0      0      0    405    210      1      2      0 
    0     11     32      -      0      0      0      0      0      0    405    210      1      2      0 
    0     11     32      -      0      0      0      0      0      0    405    210      1      2      0 
    0     11     32      -      0      0      0      0      0      0    405    210      1      2      0 
    0     11     32      -      0      0      0      0      0      0    405    210      1      2      0 
    0     11     32      -      0      0      0      0      0      0    405    210      1      2      0 
# gpu    pwr  gtemp  mtemp     sm    mem    enc    dec    jpg    ofa   mclk   pclk     fb   bar1   ccpm 
# Idx      W      C      C      %      %      %      %      %      %    MHz    MHz     MB     MB     MB 
    0     11     32      -      0      0      0      0      0      0    405    210      1      2      0 
    0     11     32      -      0      0      0      0      0      0    405    210      1      2      0 
    0     11     32      -      0      0      0      0      0      0    405    210      1      2      0 
    0     11     32      -      0      0      0      0      0      0    405    210      1      2      0 
    0     11     31      -      0      0      0      0      0      0    405    210      1      2      0 
    0     11     31      -      0      0      0      0      0      0    405    210      1      2      0 
    0     11     31      -      0      0      0      0      0      0    405    210      1      2      0 
    0     11     31      -      0      0      0      0      0      0    405    210      1      2      0 
    0     11     31      -      0      0      0      0      0      0    405    210      1      2      0 
    0     11     31      -      0      0      0      0      0      0    405    210      1      2      0 
    0     11     31      -      0      0      0      0      0      0    405    210      1      2      0 
    0     11     31      -      0      0      0      0      0      0    405    210      1      2      0 
    0     11     31      -      0      0      0      0      0      0    405    210      1      2      0 
    0     11     31      -      0      0      0      0      0      0    405    210      1      2      0 
    0     11     31      -      0      0      0      0      0      0    405    210      1      2      0 
    0     11     31      -      0      0      0      0      0      0    405    210      1      2      0 
    0     11     31      -      0      0      0      0      0      0    405    210      1      2      0 
    0     11     31      -      0      0      0      0      0      0    405    210      1      2      0 
    0     11     31      -      0      0      0      0      0      0    405    210      1      2      0 
    0     11     31      -      0      0      0      0      0      0    405    210      1      2      0 
    0     11     31      -      0      0      0      0      0      0    405    210      1      2      0 
    0     11     31      -      0      0      0      0      0      0    405    210      1      2      0 
    0     11     31      -      0      0      0      0      0      0    405    210      1      2      0 
    0     11     31      -      0      0      0      0      0      0    405    210      1      2      0 
    0     11     31      -      0      0      0      0      0      0    405    210      1      2      0 
    0     11     31      -      0      0      0      0      0      0    405    210      1      2      0 
    0     11     31      -      0      0      0      0      0      0    405    210      1      2      0 
    0     11     31      -      0      0      0      0      0      0    405    210      1      2      0 
    0     11     31      -      0      0      0      0      0      0    405    210      1      2      0 
    0     11     31      -      0      0      0      0      0      0    405    210      1      2      0 
    0     11     31      -      0      0      0      0      0      0    405    210      1      2      0 
    0     11     31      -      0      0      0      0      0      0    405    210      1      2      0 
    0     11     31      -      0      0      0      0      0      0    405    210      1      2      0 
    0     11     31      -      0      0      0      0      0      0    405    210      1      2      0 
    0     11     31      -      0      0      0      0      0      0    405    210      1      2      0 
    0     11     30      -      0      0      0      0      0      0    405    210      1      2      0 
    0     11     30      -      0      0      0      0      0      0    405    210      1      2      0 
    0     11     30      -      0      0      0      0      0      0    405    210      1      2      0 
    0     11     30      -      0      0      0      0      0      0    405    210      1      2      0 
    0     11     30      -      0      0      0      0      0      0    405    210      1      2      0 
    0     11     30      -      0      0      0      0      0      0    405    210      1      2      0 
    0     11     30      -      0      0      0      0      0      0    405    210      1      2      0 
    0     11     30      -      0      0      0      0      0      0    405    210      1      2      0 
    0     11     30      -      0      0      0      0      0      0    405    210      1      2      0 
# gpu    pwr  gtemp  mtemp     sm    mem    enc    dec    jpg    ofa   mclk   pclk     fb   bar1   ccpm 
# Idx      W      C      C      %      %      %      %      %      %    MHz    MHz     MB     MB     MB 
    0     11     30      -      0      0      0      0      0      0    405    210      1      2      0 
    0     11     30      -      0      0      0      0      0      0    405    210      1      2      0 
    0     11     30      -      0      0      0      0      0      0    405    210      1      2      0 
    0     11     30      -      0      0      0      0      0      0    405    210      1      2      0 
    0     11     30      -      0      0      0      0      0      0    405    210      1      2      0 
    0     11     30      -      0      0      0      0      0      0    405    210      1      2      0 
    0     11     30      -      0      0      0      0      0      0    405    210      1      2      0 
    0     11     30      -      0      0      0      0      0      0    405    210      1      2      0 
    0     11     30      -      0      0      0      0      0      0    405    210      1      2      0 
    0     11     30      -      0      0      0      0      0      0    405    210      1      2      0 
    0     11     30      -      0      0      0      0      0      0    405    210      1      2      0 
    0     11     30      -      0      0      0      0      0      0    405    210      1      2      0 
    0     11     30      -      0      0      0      0      0      0    405    210      1      2      0 
    0     11     30      -      0      0      0      0      0      0    405    210      1      2      0 
    0     11     30      -      0      0      0      0      0      0    405    210      1      2      0 
    0     11     30      -      0      0      0      0      0      0    405    210      1      2      0 
    0     11     30      -      0      0      0      0      0      0    405    210      4      5      0 
    0     11     30      -      0      0      0      0      0      0    405    210      4      5      0 
    0     11     30      -      0      0      0      0      0      0    405    210      4      5      0 
    0     11     30      -      0      0      0      0      0      0    405    210      4      5      0 
    0     11     30      -      0      0      0      0      0      0    405    210      4      5      0 
    0     11     30      -      0      0      0      0      0      0    405    210      4      5      0 
    0     11     30      -      0      0      0      0      0      0    405    210      4      5      0 
    0     11     30      -      0      0      0      0      0      0    405    210      4      5      0 
    0     11     30      -      0      0      0      0      0      0    405    210      4      5      0 
    0     11     30      -      0      0      0      0      0      0    405    210      4      5      0 
    0     11     30      -      0      0      0      0      0      0    405    210      4      5      0 
    0     11     30      -      0      0      0      0      0      0    405    210      4      5      0 
    0     11     30      -      0      0      0      0      0      0    405    210      4      5      0 
    0     11     30      -      0      0      0      0      0      0    405    210      4      5      0 
    0     11     30      -      0      0      0      0      0      0    405    210      4      5      0 
    0     11     30      -      0      0      0      0      0      0    405    210      4      5      0 
    0     11     30      -      0      0      0      0      0      0    405    210      4      5      0 
    0     19     31      -      0      0      0      0      0      0  10251   2520    480    480      0 
    0     46     31      -      0      0      0      0      0      0  10251   2520   1054   1054      0 
    0     75     32      -      0      0      0      0      0      0  10251   2805  16862  16862      0 
    0    200     39      -    100    100      0      0      0      0  10251   2805  18656  18656      0 
    0    229     39      -    100    100      0      0      0      0  10251   2790  18656  18656      0 
    0    233     42      -    100    100      0      0      0      0  10251   2790  18656  18656      0 
    0    233     40      -     99    100      0      0      0      0  10251   2790  18656  18656      0 
    0    233     41      -     99    100      0      0      0      0  10251   2790  18656  18656      0 
    0    234     42      -     93    100      0      0      0      0  10251   2790  18656  18656      0 
    0    234     41      -     96    100      0      0      0      0  10251   2790  18656  18656      0 
    0    235     42      -     95    100      0      0      0      0  10251   2790  18656  18656      0 
# gpu    pwr  gtemp  mtemp     sm    mem    enc    dec    jpg    ofa   mclk   pclk     fb   bar1   ccpm 
# Idx      W      C      C      %      %      %      %      %      %    MHz    MHz     MB     MB     MB 
    0    234     42      -     91     93      0      0      0      0  10251   2790  18656  18656      0 
    0    235     42      -    100     76      0      0      0      0  10251   2790  18656  18656      0 
    0    235     42      -    100    100      0      0      0      0  10251   2790  18656  18656      0 
    0    235     43      -    100     98      0      0      0      0  10251   2790  18656  18656      0 
    0    236     43      -    100     98      0      0      0      0  10251   2790  18656  18656      0 
    0    237     44      -    100    100      0      0      0      0  10251   2790  18656  18656      0 
    0    237     44      -    100    100      0      0      0      0  10251   2790  18656  18656      0 
    0    238     45      -    100    100      0      0      0      0  10251   2790  18656  18656      0 
    0    237     44      -    100    100      0      0      0      0  10251   2790  18656  18656      0 
    0    237     47      -    100    100      0      0      0      0  10251   2790  18656  18656      0 
    0    237     46      -    100    100      0      0      0      0  10251   2790  18656  18656      0 
    0    237     45      -    100    100      0      0      0      0  10251   2790  18656  18656      0 
    0    238     47      -     93    100      0      0      0      0  10251   2790  18656  18656      0 
    0    238     45      -     97    100      0      0      0      0  10251   2790  18656  18656      0 
    0    238     46      -     95    100      0      0      0      0  10251   2790  18656  18656      0 
    0    238     46      -     96     88      0      0      0      0  10251   2790  18656  18656      0 
    0    238     46      -    100     76      0      0      0      0  10251   2790  18656  18656      0 
    0    239     47      -    100    100      0      0      0      0  10251   2790  18656  18656      0 
    0    239     47      -    100    100      0      0      0      0  10251   2790  18656  18656      0 
    0    238     47      -    100     98      0      0      0      0  10251   2790  18656  18656      0 
    0    239     48      -    100    100      0      0      0      0  10251   2790  18656  18656      0 
    0    239     48      -    100    100      0      0      0      0  10251   2790  18656  18656      0 
    0    239     48      -    100    100      0      0      0      0  10251   2790  18656  18656      0 
    0    239     49      -    100    100      0      0      0      0  10251   2790  18656  18656      0 
    0    239     48      -    100    100      0      0      0      0  10251   2790  18656  18656      0 
    0    239     50      -    100    100      0      0      0      0  10251   2790  18656  18656      0 
    0    240     49      -    100    100      0      0      0      0  10251   2790  18656  18656      0 
    0    240     49      -     93    100      0      0      0      0  10251   2790  18656  18656      0 
    0    240     49      -     95    100      0      0      0      0  10251   2790  18656  18656      0 
    0    240     49      -     92    100      0      0      0      0  10251   2790  18656  18656      0 
    0    240     49      -     96     73      0      0      0      0  10251   2775  18656  18656      0 
    0    241     49      -    100     82      0      0      0      0  10251   2775  18656  18656      0 
    0    240     49      -    100     98      0      0      0      0  10251   2775  18656  18656      0 
    0    239     50      -    100     97      0      0      0      0  10251   2775  18656  18656      0 
    0    240     50      -    100     97      0      0      0      0  10251   2775  18656  18656      0 
    0    241     50      -    100    100      0      0      0      0  10251   2775  18656  18656      0 
    0    240     51      -    100    100      0      0      0      0  10251   2775  18656  18656      0 
    0    242     52      -    100    100      0      0      0      0  10251   2775  18656  18656      0 
    0    241     54      -    100    100      0      0      0      0  10251   2775  18656  18656      0 
    0    243     51      -    100    100      0      0      0      0  10251   2775  18656  18656      0 
    0    243     51      -     95    100      0      0      0      0  10251   2775  18656  18656      0 
    0    242     51      -     93    100      0      0      0      0  10251   2775  18656  18656      0 
    0    243     52      -     96    100      0      0      0      0  10251   2775  18656  18656      0 
    0    244     52      -     96    100      0      0      0      0  10251   2775  18656  18656      0 
# gpu    pwr  gtemp  mtemp     sm    mem    enc    dec    jpg    ofa   mclk   pclk     fb   bar1   ccpm 
# Idx      W      C      C      %      %      %      %      %      %    MHz    MHz     MB     MB     MB 
    0    243     52      -    100     77      0      0      0      0  10251   2775  18656  18656      0 
    0    243     54      -    100    100      0      0      0      0  10251   2775  18656  18656      0 
    0    243     52      -    100    100      0      0      0      0  10251   2775  18656  18656      0 
    0    244     52      -    100    100      0      0      0      0  10251   2775  18656  18656      0 
    0    243     52      -    100    100      0      0      0      0  10251   2775  18656  18656      0 
    0    243     52      -    100    100      0      0      0      0  10251   2775  18656  18656      0 
    0    243     52      -    100    100      0      0      0      0  10251   2775  18656  18656      0 
    0    243     52      -    100    100      0      0      0      0  10251   2775  18656  18656      0 
    0    243     52      -    100    100      0      0      0      0  10251   2775  18656  18656      0 
    0    244     52      -    100    100      0      0      0      0  10251   2775  18656  18656      0 
    0    244     52      -    100    100      0      0      0      0  10251   2775  18656  18656      0 
    0    244     53      -     92    100      0      0      0      0  10251   2775  18656  18656      0 
    0    245     53      -     97    100      0      0      0      0  10251   2775  18656  18656      0 
    0    246     53      -     96    100      0      0      0      0  10251   2775  18656  18656      0 
    0    246     53      -     96     94      0      0      0      0  10251   2775  18656  18656      0 
    0    245     53      -    100     76      0      0      0      0  10251   2775  18656  18656      0 
    0    244     55      -    100    100      0      0      0      0  10251   2775  18656  18656      0 
    0    244     54      -    100    100      0      0      0      0  10251   2775  18656  18656      0 
    0    245     53      -    100     98      0      0      0      0  10251   2775  18656  18656      0 
    0    246     54      -    100    100      0      0      0      0  10251   2775  18656  18656      0 
    0    245     53      -    100    100      0      0      0      0  10251   2775  18656  18656      0 
    0    245     53      -    100    100      0      0      0      0  10251   2775  18656  18656      0 
    0    246     53      -    100    100      0      0      0      0  10251   2775  18656  18656      0 
    0    246     53      -    100    100      0      0      0      0  10251   2775  18656  18656      0 
    0    246     54      -    100    100      0      0      0      0  10251   2775  18656  18656      0 
    0    246     54      -    100    100      0      0      0      0  10251   2775  18656  18656      0 
    0    246     54      -    100    100      0      0      0      0  10251   2775  18656  18656      0 
    0    245     54      -     95    100      0      0      0      0  10251   2775  18656  18656      0 
    0    246     54      -     93    100      0      0      0      0  10251   2775  18656  18656      0 
    0    247     54      -     96    100      0      0      0      0  10251   2775  18656  18656      0 
    0    247     55      -     96    100      0      0      0      0  10251   2775  18656  18656      0 
    0    246     56      -    100     77      0      0      0      0  10251   2775  18656  18656      0 
    0    246     55      -    100    100      0      0      0      0  10251   2775  18656  18656      0 
    0    246     54      -    100    100      0      0      0      0  10251   2775  18656  18656      0 
    0    247     54      -    100    100      0      0      0      0  10251   2775  18656  18656      0 
    0    246     54      -    100    100      0      0      0      0  10251   2775  18656  18656      0 
    0    247     54      -    100    100      0      0      0      0  10251   2775  18656  18656      0 
    0    246     54      -    100    100      0      0      0      0  10251   2775  18656  18656      0 
    0    245     54      -    100    100      0      0      0      0  10251   2775  18656  18656      0 
    0    246     54      -    100    100      0      0      0      0  10251   2775  18656  18656      0 
    0    246     55      -    100    100      0      0      0      0  10251   2775  18656  18656      0 
    0    246     55      -    100    100      0      0      0      0  10251   2775  18656  18656      0 
    0    246     55      -     94    100      0      0      0      0  10251   2775  18656  18656      0 
    0    247     55      -     97    100      0      0      0      0  10251   2775  18656  18656      0 
# gpu    pwr  gtemp  mtemp     sm    mem    enc    dec    jpg    ofa   mclk   pclk     fb   bar1   ccpm 
# Idx      W      C      C      %      %      %      %      %      %    MHz    MHz     MB     MB     MB 
    0    248     55      -     96    100      0      0      0      0  10251   2775  18656  18656      0 
    0    248     56      -     96     91      0      0      0      0  10251   2775  18656  18656      0 
    0    246     55      -    100     76      0      0      0      0  10251   2775  18656  18656      0 
    0    246     55      -    100     98      0      0      0      0  10251   2775  18656  18656      0 
    0    245     55      -    100     98      0      0      0      0  10251   2775  18656  18656      0 
    0    247     56      -    100     97      0      0      0      0  10251   2775  18656  18656      0 
    0    247     55      -    100    100      0      0      0      0  10251   2775  18656  18656      0 
    0    247     55      -    100    100      0      0      0      0  10251   2775  18656  18656      0 
    0    247     55      -    100    100      0      0      0      0  10251   2775  18656  18656      0 
    0    245     55      -    100    100      0      0      0      0  10251   2775  18656  18656      0 
    0    247     55      -    100    100      0      0      0      0  10251   2775  18656  18656      0 
    0    247     55      -    100    100      0      0      0      0  10251   2775  18656  18656      0 
    0    247     56      -     97    100      0      0      0      0  10251   2775  18656  18656      0 
    0    247     56      -     93    100      0      0      0      0  10251   2775  18656  18656      0 
    0    248     56      -     95    100      0      0      0      0  10251   2775  18656  18656      0 
    0    248     55      -     92    100      0      0      0      0  10251   2775  18656  18656      0 
    0    248     55      -     96     72      0      0      0      0  10251   2775  18656  18656      0 
    0    247     55      -    100     91      0      0      0      0  10251   2775  18656  18656      0 
    0    247     56      -    100     97      0      0      0      0  10251   2775  18656  18656      0 
    0    247     55      -    100    100      0      0      0      0  10251   2775  18656  18656      0 
    0    247     56      -    100    100      0      0      0      0  10251   2775  18656  18656      0 
    0    248     56      -    100    100      0      0      0      0  10251   2775  18656  18656      0 
    0    248     55      -    100    100      0      0      0      0  10251   2775  18656  18656      0 
    0    248     58      -    100    100      0      0      0      0  10251   2775  18656  18656      0 
    0    248     56      -    100    100      0      0      0      0  10251   2775  18656  18656      0 
    0    248     56      -    100    100      0      0      0      0  10251   2775  18656  18656      0 
    0    248     57      -    100    100      0      0      0      0  10251   2775  18656  18656      0 
    0    247     55      -     96    100      0      0      0      0  10251   2775  18656  18656      0 
    0    248     55      -     92    100      0      0      0      0  10251   2775  18656  18656      0 
    0    248     55      -     95    100      0      0      0      0  10251   2775  18656  18656      0 
    0    248     55      -     96    100      0      0      0      0  10251   2775  18656  18656      0 
    0    247     56      -    100     77      0      0      0      0  10251   2775  18656  18656      0 
    0    248     55      -    100    100      0      0      0      0  10251   2775  18656  18656      0 
    0    247     56      -    100    100      0      0      0      0  10251   2775  18656  18656      0 
    0    248     56      -    100     97      0      0      0      0  10251   2775  18656  18656      0 
    0    248     56      -    100    100      0      0      0      0  10251   2775  18656  18656      0 
    0    249     56      -    100    100      0      0      0      0  10251   2775  18656  18656      0 
    0    250     57      -    100    100      0      0      0      0  10251   2775  18656  18656      0 
    0    249     56      -    100    100      0      0      0      0  10251   2775  18656  18656      0 
    0    248     56      -    100    100      0      0      0      0  10251   2775  18656  18656      0 
    0    249     56      -    100    100      0      0      0      0  10251   2775  18656  18656      0 
    0    248     56      -    100    100      0      0      0      0  10251   2775  18656  18656      0 
    0    248     56      -     94    100      0      0      0      0  10251   2775  18656  18656      0 
    0    248     56      -     97    100      0      0      0      0  10251   2775  18656  18656      0 
# gpu    pwr  gtemp  mtemp     sm    mem    enc    dec    jpg    ofa   mclk   pclk     fb   bar1   ccpm 
# Idx      W      C      C      %      %      %      %      %      %    MHz    MHz     MB     MB     MB 
    0    248     55      -     95    100      0      0      0      0  10251   2775  18656  18656      0 
    0    248     56      -     95     90      0      0      0      0  10251   2775  18656  18656      0 
    0    248     56      -    100     76      0      0      0      0  10251   2775  18656  18656      0 
    0    248     56      -    100    100      0      0      0      0  10251   2775  18656  18656      0 
    0    249     56      -    100    100      0      0      0      0  10251   2775  18656  18656      0 
    0    248     56      -    100     97      0      0      0      0  10251   2775  18656  18656      0 
    0    249     57      -    100    100      0      0      0      0  10251   2775  18656  18656      0 
    0    249     57      -    100    100      0      0      0      0  10251   2775  18656  18656      0 
    0    248     57      -    100    100      0      0      0      0  10251   2775  18656  18656      0 
    0    249     56      -    100    100      0      0      0      0  10251   2775  18656  18656      0 
    0    249     56      -    100    100      0      0      0      0  10251   2775  18656  18656      0 
    0    248     56      -     99    100      0      0      0      0  10251   2775  18656  18656      0 
    0    249     57      -    100    100      0      0      0      0  10251   2775  18656  18656      0 
    0    248     56      -     93    100      0      0      0      0  10251   2775  18656  18656      0 
    0    249     56      -     98    100      0      0      0      0  10251   2775  18656  18656      0 
    0    248     56      -     84     96      0      0      0      0  10251   2775  18656  18656      0 
    0    249     56      -     96     72      0      0      0      0  10251   2775  18656  18656      0 
    0    249     56      -    100     84      0      0      0      0  10251   2775  18656  18656      0 
    0    249     56      -    100     98      0      0      0      0  10251   2775  18656  18656      0 
    0    248     56      -    100     98      0      0      0      0  10251   2775  18656  18656      0 
    0    249     57      -    100     97      0      0      0      0  10251   2775  18656  18656      0 
    0    249     57      -    100    100      0      0      0      0  10251   2775  18656  18656      0 
    0    249     57      -    100    100      0      0      0      0  10251   2775  18656  18656      0 
    0    248     59      -    100    100      0      0      0      0  10251   2775  18656  18656      0 
    0    249     56      -    100    100      0      0      0      0  10251   2775  18656  18656      0 
    0    249     57      -    100    100      0      0      0      0  10251   2775  18656  18656      0 
    0    250     56      -    100    100      0      0      0      0  10251   2775  18656  18656      0 
    0    249     56      -    100    100      0      0      0      0  10251   2775  18656  18656      0 
    0    249     56      -     93    100      0      0      0      0  10251   2775  18656  18656      0 
    0    249     56      -     95    100      0      0      0      0  10251   2775  18656  18656      0 
    0    249     56      -     92    100      0      0      0      0  10251   2775  18656  18656      0 
    0    249     56      -     96     70      0      0      0      0  10251   2775  18656  18656      0 
    0    249     56      -    100     84      0      0      0      0  10251   2775  18656  18656      0 
    0    249     56      -    100     97      0      0      0      0  10251   2775  18656  18656      0 
    0    249     56      -    100    100      0      0      0      0  10251   2775  18656  18656      0 
    0    248     57      -    100     97      0      0      0      0  10251   2775  18656  18656      0 
    0    250     57      -    100    100      0      0      0      0  10251   2775  18656  18656      0 
    0    249     57      -    100    100      0      0      0      0  10251   2775  18656  18656      0 
    0    249     59      -    100    100      0      0      0      0  10251   2775  18656  18656      0 
    0    250     58      -    100    100      0      0      0      0  10251   2775  18656  18656      0 
    0    249     56      -    100    100      0      0      0      0  10251   2775  18656  18656      0 
    0    249     57      -     99    100      0      0      0      0  10251   2775  18656  18656      0 
    0    249     56      -     93    100      0      0      0      0  10251   2775  18656  18656      0 
    0    250     57      -     95    100      0      0      0      0  10251   2775  18656  18656      0 
# gpu    pwr  gtemp  mtemp     sm    mem    enc    dec    jpg    ofa   mclk   pclk     fb   bar1   ccpm 
# Idx      W      C      C      %      %      %      %      %      %    MHz    MHz     MB     MB     MB 
    0    250     57      -     92    100      0      0      0      0  10251   2775  18656  18656      0 
    0    249     57      -     96     70      0      0      0      0  10251   2775  18656  18656      0 
    0    250     57      -    100     87      0      0      0      0  10251   2775  18656  18656      0 
    0    250     56      -    100     98      0      0      0      0  10251   2775  18656  18656      0 
    0    250     56      -    100    100      0      0      0      0  10251   2775  18656  18656      0 
    0    249     56      -    100    100      0      0      0      0  10251   2775  18656  18656      0 
    0    250     57      -    100    100      0      0      0      0  10251   2775  18656  18656      0 
    0    249     56      -    100    100      0      0      0      0  10251   2775  18656  18656      0 
    0    249     56      -    100    100      0      0      0      0  10251   2775  18656  18656      0 
    0    249     56      -    100    100      0      0      0      0  10251   2775  18656  18656      0 
    0    249     56      -    100    100      0      0      0      0  10251   2775  18656  18656      0 
    0    249     56      -    100    100      0      0      0      0  10251   2775  18656  18656      0 
    0    249     56      -     96    100      0      0      0      0  10251   2775  18656  18656      0 
    0    248     56      -     93    100      0      0      0      0  10251   2775  18656  18656      0 
    0    249     57      -     95    100      0      0      0      0  10251   2775  18656  18656      0 
    0    250     57      -     92    100      0      0      0      0  10251   2775  18656  18656      0 
    0    249     57      -    100     77      0      0      0      0  10251   2775  18656  18656      0 
    0    249     58      -    100     99      0      0      0      0  10251   2775  18656  18656      0 
    0    248     56      -    100     97      0      0      0      0  10251   2775  18656  18656      0 
    0    248     57      -    100    100      0      0      0      0  10251   2775  18656  18656      0 
    0    248     56      -    100    100      0      0      0      0  10251   2775  18656  18656      0 
    0    249     56      -    100    100      0      0      0      0  10251   2775  18656  18656      0 
    0    249     56      -    100    100      0      0      0      0  10251   2775  18656  18656      0 
    0    248     56      -    100    100      0      0      0      0  10251   2775  18656  18656      0 
    0    249     56      -    100    100      0      0      0      0  10251   2775  18656  18656      0 
    0    249     56      -    100    100      0      0      0      0  10251   2775  18656  18656      0 
    0    248     56      -    100    100      0      0      0      0  10251   2775  18656  18656      0 
    0    249     56      -     94    100      0      0      0      0  10251   2775  18656  18656      0 
    0    216     52      -      0      0      0      0      0      0  10251   2775  18656  18656      0 
    0     74     50      -     51      4      0      0      0      0  10501   2775      1      2      0 
    0     70     49      -      0      0      0      0      0      0  10501   2775      1      2      0 
    0     60     48      -      0      0      0      0      0      0   5001    660      1      2      0 
    0     45     47      -      0      0      0      0      0      0    810    420      1      2      0 
    0     26     46      -      0      0      0      0      0      0    810    270      1      2      0 
    0     21     46      -      0      0      0      0      0      0    405    210      1      2      0 
    0     17     45      -      0      0      0      0      0      0    405    210      1      2      0 
    0     15     45      -      0      0      0      0      0      0    405    210      1      2      0 
    0     14     44      -      0      0      0      0      0      0    405    210      1      2      0 
    0     14     44      -      0      0      0      0      0      0    405    210      1      2      0 
    0     14     43      -      0      0      0      0      0      0    405    210      1      2      0 
    0     14     43      -      0      0      0      0      0      0    405    210      1      2      0 
    0     14     43      -      0      0      0      0      0      0    405    210      1      2      0 
    0     14     42      -      0      0      0      0      0      0    405    210      1      2      0 
    0     14     42      -      0      0      0      0      0      0    405    210      1      2      0 
# gpu    pwr  gtemp  mtemp     sm    mem    enc    dec    jpg    ofa   mclk   pclk     fb   bar1   ccpm 
# Idx      W      C      C      %      %      %      %      %      %    MHz    MHz     MB     MB     MB 
    0     14     42      -      0      0      0      0      0      0    405    210      1      2      0 
    0     14     42      -      0      0      0      0      0      0    405    210      1      2      0 
    0     14     41      -      0      0      0      0      0      0    405    210      1      2      0 
    0     13     41      -      0      0      0      0      0      0    405    210      1      2      0 
    0     13     41      -      0      0      0      0      0      0    405    210      1      2      0 
    0     13     40      -      0      0      0      0      0      0    405    210      1      2      0 
    0     13     40      -      0      0      0      0      0      0    405    210      1      2      0 
    0     13     40      -      0      0      0      0      0      0    405    210      1      2      0 
    0     13     40      -      0      0      0      0      0      0    405    210      1      2      0 
    0     13     39      -      0      0      0      0      0      0    405    210      1      2      0 
    0     12     39      -      0      0      0      0      0      0    405    210      1      2      0 
    0     12     39      -      0      0      0      0      0      0    405    210      1      2      0 
    0     12     39      -      0      0      0      0      0      0    405    210      1      2      0 
    0     12     39      -      0      0      0      0      0      0    405    210      1      2      0 
    0     12     38      -      0      0      0      0      0      0    405    210      1      2      0 
    0     12     38      -      0      0      0      0      0      0    405    210      1      2      0 
    0     12     38      -      0      0      0      0      0      0    405    210      1      2      0 
    0     12     38      -      0      0      0      0      0      0    405    210      1      2      0 
    0     12     38      -      0      0      0      0      0      0    405    210      1      2      0 
    0     12     37      -      0      0      0      0      0      0    405    210      1      2      0 
    0     12     37      -      0      0      0      0      0      0    405    210      1      2      0 
    0     12     37      -      0      0      0      0      0      0    405    210      1      2      0 
    0     12     37      -      0      0      0      0      0      0    405    210      1      2      0 
    0     11     37      -      0      0      0      0      0      0    405    210      1      2      0 
    0     12     37      -      0      0      0      0      0      0    405    210      1      2      0 
    0     12     37      -      0      0      0      0      0      0    405    210      1      2      0 
    0     11     36      -      0      0      0      0      0      0    405    210      1      2      0 
    0     11     36      -      0      0      0      0      0      0    405    210      1      2      0 
    0     12     36      -      0      0      0      0      0      0    405    210      1      2      0 
    0     11     36      -      0      0      0      0      0      0    405    210      1      2      0 
    0     11     36      -      0      0      0      0      0      0    405    210      1      2      0 
    0     11     36      -      0      0      0      0      0      0    405    210      1      2      0 
    0     11     36      -      0      0      0      0      0      0    405    210      1      2      0 
    0     11     35      -      0      0      0      0      0      0    405    210      1      2      0 
    0     11     35      -      0      0      0      0      0      0    405    210      1      2      0 
    0     11     35      -      0      0      0      0      0      0    405    210      1      2      0 
    0     11     35      -      0      0      0      0      0      0    405    210      1      2      0 
    0     11     35      -      0      0      0      0      0      0    405    210      1      2      0 
    0     11     35      -      0      0      0      0      0      0    405    210      1      2      0 
    0     11     35      -      0      0      0      0      0      0    405    210      1      2      0 
    0     11     35      -      0      0      0      0      0      0    405    210      1      2      0 
    0     11     34      -      0      0      0      0      0      0    405    210      1      2      0 
    0     11     34      -      0      0      0      0      0      0    405    210      1      2      0 
    0     11     34      -      0      0      0      0      0      0    405    210      1      2      0 
# gpu    pwr  gtemp  mtemp     sm    mem    enc    dec    jpg    ofa   mclk   pclk     fb   bar1   ccpm 
# Idx      W      C      C      %      %      %      %      %      %    MHz    MHz     MB     MB     MB 
    0     11     34      -      0      0      0      0      0      0    405    210      1      2      0 
    0     11     34      -      0      0      0      0      0      0    405    210      1      2      0 
    0     11     34      -      0      0      0      0      0      0    405    210      1      2      0 
    0     11     34      -      0      0      0      0      0      0    405    210      1      2      0 
    0     11     34      -      0      0      0      0      0      0    405    210      1      2      0 
    0     11     34      -      0      0      0      0      0      0    405    210      1      2      0 
    0     11     34      -      0      0      0      0      0      0    405    210      1      2      0 
    0     11     34      -      0      0      0      0      0      0    405    210      1      2      0 
    0     11     33      -      0      0      0      0      0      0    405    210      1      2      0 
    0     11     33      -      0      0      0      0      0      0    405    210      1      2      0 
    0     11     33      -      0      0      0      0      0      0    405    210      1      2      0 
    0     11     33      -      0      0      0      0      0      0    405    210      1      2      0 
    0     11     33      -      0      0      0      0      0      0    405    210      1      2      0 
    0     11     33      -      0      0      0      0      0      0    405    210      1      2      0 
    0     11     33      -      0      0      0      0      0      0    405    210      1      2      0 
    0     11     33      -      0      0      0      0      0      0    405    210      1      2      0 
    0     11     33      -      0      0      0      0      0      0    405    210      1      2      0 
    0     11     33      -      0      0      0      0      0      0    405    210      1      2      0 
    0     11     33      -      0      0      0      0      0      0    405    210      1      2      0 
    0     11     33      -      0      0      0      0      0      0    405    210      1      2      0 
    0     11     33      -      0      0      0      0      0      0    405    210      1      2      0 
    0     11     32      -      0      0      0      0      0      0    405    210      1      2      0 
    0     11     32      -      0      0      0      0      0      0    405    210      1      2      0 
    0     11     32      -      0      0      0      0      0      0    405    210      1      2      0 
    0     11     32      -      0      0      0      0      0      0    405    210      1      2      0 
    0     11     32      -      0      0      0      0      0      0    405    210      1      2      0 
    0     11     32      -      0      0      0      0      0      0    405    210      1      2      0 
    0     11     32      -      0      0      0      0      0      0    405    210      1      2      0 
    0     11     32      -      0      0      0      0      0      0    405    210      1      2      0 
    0     11     32      -      0      0      0      0      0      0    405    210      1      2      0 
    0     11     32      -      0      0      0      0      0      0    405    210      1      2      0 
    0     11     32      -      0      0      0      0      0      0    405    210      1      2      0 
    0     11     32      -      0      0      0      0      0      0    405    210      1      2      0 
    0     11     32      -      0      0      0      0      0      0    405    210      4      5      0 
    0     11     32      -      0      0      0      0      0      0    405    210      4      5      0 
    0     11     32      -      0      0      0      0      0      0    405    210      4      5      0 
    0     11     32      -      0      0      0      0      0      0    405    210      4      5      0 
    0     11     32      -      0      0      0      0      0      0    405    210      4      5      0 
    0     11     32      -      0      0      0      0      0      0    405    210      4      5      0 
    0     11     32      -      0      0      0      0      0      0    405    210      4      5      0 
    0     11     32      -      0      0      0      0      0      0    405    210      4      5      0 
    0     11     31      -      0      0      0      0      0      0    405    210      4      5      0 
    0     11     31      -      0      0      0      0      0      0    405    210      4      5      0 
    0     11     31      -      0      0      0      0      0      0    405    210      4      5      0 
# gpu    pwr  gtemp  mtemp     sm    mem    enc    dec    jpg    ofa   mclk   pclk     fb   bar1   ccpm 
# Idx      W      C      C      %      %      %      %      %      %    MHz    MHz     MB     MB     MB 
    0     11     31      -      0      0      0      0      0      0    405    210      4      5      0 
    0     11     31      -      0      0      0      0      0      0    405    210      4      5      0 
    0     11     31      -      0      0      0      0      0      0    405    210      4      5      0 
    0     11     31      -      0      0      0      0      0      0    405    210      4      5      0 
    0     11     31      -      0      0      0      0      0      0    405    210      4      5      0 
    0     14     32      -      0      0      0      0      0      0  10251   2520    480    480      0 
    0     47     32      -      0      0      0      0      0      0  10251   2520   1054   1054      0 
    0     48     33      -      1      1      0      0      0      0  10251   2520  11486  11486      0 
    0    140     38      -      6      6      0      0      0      0  10251   2805  16862  16862      0 
    0    227     40      -     84     72      0      0      0      0  10251   2805  18656  18656      0 
    0    234     40      -    100     84      0      0      0      0  10251   2805  18656  18656      0 
    0    235     41      -    100     97      0      0      0      0  10251   2790  18656  18656      0 
    0    235     41      -    100     97      0      0      0      0  10251   2790  18656  18656      0 
    0    235     42      -    100    100      0      0      0      0  10251   2790  18656  18656      0 
    0    235     42      -    100    100      0      0      0      0  10251   2790  18656  18656      0 
    0    235     42      -    100    100      0      0      0      0  10251   2790  18656  18656      0 
    0    235     43      -    100    100      0      0      0      0  10251   2790  18656  18656      0 
    0    236     43      -    100    100      0      0      0      0  10251   2790  18656  18656      0 
    0    237     43      -    100    100      0      0      0      0  10251   2790  18656  18656      0 
    0    236     44      -     96    100      0      0      0      0  10251   2790  18656  18656      0 
    0    237     44      -     93    100      0      0      0      0  10251   2790  18656  18656      0 
    0    237     45      -     89    100      0      0      0      0  10251   2790  18656  18656      0 
    0    237     45      -     97    100      0      0      0      0  10251   2790  18656  18656      0 
    0    236     46      -    100     77      0      0      0      0  10251   2790  18656  18656      0 
    0    238     48      -    100    100      0      0      0      0  10251   2790  18656  18656      0 
    0    236     46      -    100     98      0      0      0      0  10251   2790  18656  18656      0 
    0    238     46      -    100     98      0      0      0      0  10251   2790  18656  18656      0 
    0    238     47      -    100    100      0      0      0      0  10251   2790  18656  18656      0 
    0    239     46      -    100    100      0      0      0      0  10251   2790  18656  18656      0 
    0    239     46      -    100    100      0      0      0      0  10251   2790  18656  18656      0 
    0    238     46      -    100    100      0      0      0      0  10251   2790  18656  18656      0 
    0    238     47      -    100    100      0      0      0      0  10251   2790  18656  18656      0 
    0    238     47      -    100    100      0      0      0      0  10251   2790  18656  18656      0 
    0    238     48      -    100    100      0      0      0      0  10251   2790  18656  18656      0 
    0    239     47      -    100    100      0      0      0      0  10251   2790  18656  18656      0 
    0    239     48      -     94    100      0      0      0      0  10251   2790  18656  18656      0 
    0    240     48      -     91    100      0      0      0      0  10251   2790  18656  18656      0 
    0    239     49      -     92    100      0      0      0      0  10251   2790  18656  18656      0 
    0    240     49      -     96    100      0      0      0      0  10251   2790  18656  18656      0 
    0    240     49      -    100     77      0      0      0      0  10251   2790  18656  18656      0 
    0    240     50      -    100    100      0      0      0      0  10251   2790  18656  18656      0 
    0    239     49      -    100    100      0      0      0      0  10251   2790  18656  18656      0 
    0    241     49      -    100    100      0      0      0      0  10251   2790  18656  18656      0 
    0    241     49      -    100    100      0      0      0      0  10251   2790  18656  18656      0 
# gpu    pwr  gtemp  mtemp     sm    mem    enc    dec    jpg    ofa   mclk   pclk     fb   bar1   ccpm 
# Idx      W      C      C      %      %      %      %      %      %    MHz    MHz     MB     MB     MB 
    0    241     49      -    100    100      0      0      0      0  10251   2790  18656  18656      0 
    0    241     50      -    100    100      0      0      0      0  10251   2790  18656  18656      0 
    0    241     49      -    100    100      0      0      0      0  10251   2790  18656  18656      0 
    0    241     50      -    100    100      0      0      0      0  10251   2790  18656  18656      0 
    0    242     50      -    100    100      0      0      0      0  10251   2790  18656  18656      0 
    0    242     50      -    100    100      0      0      0      0  10251   2790  18656  18656      0 
    0    242     51      -     94    100      0      0      0      0  10251   2775  18656  18656      0 
    0    242     51      -     95    100      0      0      0      0  10251   2775  18656  18656      0 
    0    242     51      -     95    100      0      0      0      0  10251   2775  18656  18656      0 
    0    243     52      -     96     89      0      0      0      0  10251   2775  18656  18656      0 
    0    243     51      -    100     76      0      0      0      0  10251   2775  18656  18656      0 
    0    242     51      -    100    100      0      0      0      0  10251   2775  18656  18656      0 
    0    243     51      -    100     98      0      0      0      0  10251   2775  18656  18656      0 
    0    244     51      -    100     98      0      0      0      0  10251   2775  18656  18656      0 
    0    244     51      -    100    100      0      0      0      0  10251   2775  18656  18656      0 
    0    243     51      -    100    100      0      0      0      0  10251   2775  18656  18656      0 
    0    243     52      -    100    100      0      0      0      0  10251   2775  18656  18656      0 
    0    244     52      -    100    100      0      0      0      0  10251   2775  18656  18656      0 
    0    242     52      -    100    100      0      0      0      0  10251   2775  18656  18656      0 
    0    244     52      -    100    100      0      0      0      0  10251   2775  18656  18656      0 
    0    243     52      -     96    100      0      0      0      0  10251   2775  18656  18656      0 
    0    244     53      -     93    100      0      0      0      0  10251   2775  18656  18656      0 
    0    245     53      -     96    100      0      0      0      0  10251   2775  18656  18656      0 
    0    244     52      -     95    100      0      0      0      0  10251   2775  18656  18656      0 
    0    244     54      -    100     77      0      0      0      0  10251   2775  18656  18656      0 
    0    244     53      -    100    100      0      0      0      0  10251   2775  18656  18656      0 
    0    245     53      -    100    100      0      0      0      0  10251   2775  18656  18656      0 
    0    244     53      -    100    100      0      0      0      0  10251   2775  18656  18656      0 
    0    245     53      -    100    100      0      0      0      0  10251   2775  18656  18656      0 
    0    245     53      -    100    100      0      0      0      0  10251   2775  18656  18656      0 
    0    245     53      -    100    100      0      0      0      0  10251   2775  18656  18656      0 
    0    245     53      -    100    100      0      0      0      0  10251   2775  18656  18656      0 
    0    245     53      -    100    100      0      0      0      0  10251   2775  18656  18656      0 
    0    245     53      -    100    100      0      0      0      0  10251   2775  18656  18656      0 
    0    245     53      -    100    100      0      0      0      0  10251   2775  18656  18656      0 
    0    244     53      -     91    100      0      0      0      0  10251   2775  18656  18656      0 
    0    246     54      -     97    100      0      0      0      0  10251   2775  18656  18656      0 
    0    246     54      -     96    100      0      0      0      0  10251   2775  18656  18656      0 
    0    247     55      -     95     91      0      0      0      0  10251   2775  18656  18656      0 
    0    246     53      -    100     76      0      0      0      0  10251   2775  18656  18656      0 
    0    246     54      -    100    100      0      0      0      0  10251   2775  18656  18656      0 
    0    245     54      -    100    100      0      0      0      0  10251   2775  18656  18656      0 
    0    245     54      -    100     97      0      0      0      0  10251   2775  18656  18656      0 
    0    247     54      -    100    100      0      0      0      0  10251   2775  18656  18656      0 
# gpu    pwr  gtemp  mtemp     sm    mem    enc    dec    jpg    ofa   mclk   pclk     fb   bar1   ccpm 
# Idx      W      C      C      %      %      %      %      %      %    MHz    MHz     MB     MB     MB 
    0    246     55      -    100    100      0      0      0      0  10251   2775  18656  18656      0 
    0    246     56      -    100    100      0      0      0      0  10251   2775  18656  18656      0 
    0    247     54      -    100    100      0      0      0      0  10251   2775  18656  18656      0 
    0    246     54      -    100    100      0      0      0      0  10251   2775  18656  18656      0 
    0    245     54      -     99    100      0      0      0      0  10251   2775  18656  18656      0 
    0    246     55      -    100    100      0      0      0      0  10251   2775  18656  18656      0 
    0    246     54      -     93    100      0      0      0      0  10251   2775  18656  18656      0 
    0    246     54      -     95    100      0      0      0      0  10251   2775  18656  18656      0 
    0    247     54      -     91    100      0      0      0      0  10251   2775  18656  18656      0 
    0    246     54      -     95     69      0      0      0      0  10251   2775  18656  18656      0 
    0    246     54      -    100     84      0      0      0      0  10251   2775  18656  18656      0 
    0    246     55      -    100     98      0      0      0      0  10251   2775  18656  18656      0 
    0    246     55      -    100     97      0      0      0      0  10251   2775  18656  18656      0 
    0    246     55      -    100     97      0      0      0      0  10251   2775  18656  18656      0 
    0    247     56      -    100    100      0      0      0      0  10251   2775  18656  18656      0 
    0    246     55      -    100    100      0      0      0      0  10251   2775  18656  18656      0 
    0    247     57      -    100    100      0      0      0      0  10251   2775  18656  18656      0 
    0    247     55      -    100    100      0      0      0      0  10251   2775  18656  18656      0 
    0    248     55      -    100    100      0      0      0      0  10251   2775  18656  18656      0 
    0    247     55      -    100    100      0      0      0      0  10251   2775  18656  18656      0 
    0    247     55      -     94    100      0      0      0      0  10251   2775  18656  18656      0 
    0    248     55      -     92    100      0      0      0      0  10251   2775  18656  18656      0 
    0    247     55      -     96    100      0      0      0      0  10251   2775  18656  18656      0 
    0    246     55      -     95    100      0      0      0      0  10251   2775  18656  18656      0 
    0    247     55      -    100     76      0      0      0      0  10251   2775  18656  18656      0 
    0    248     55      -    100    100      0      0      0      0  10251   2775  18656  18656      0 
    0    246     55      -    100     98      0      0      0      0  10251   2775  18656  18656      0 
    0    247     56      -    100     98      0      0      0      0  10251   2775  18656  18656      0 
    0    248     56      -    100    100      0      0      0      0  10251   2775  18656  18656      0 
    0    248     56      -    100    100      0      0      0      0  10251   2775  18656  18656      0 
    0    249     56      -    100    100      0      0      0      0  10251   2775  18656  18656      0 
    0    248     55      -    100    100      0      0      0      0  10251   2775  18656  18656      0 
    0    247     55      -    100    100      0      0      0      0  10251   2775  18656  18656      0 
    0    248     55      -    100    100      0      0      0      0  10251   2775  18656  18656      0 
    0    248     56      -    100    100      0      0      0      0  10251   2775  18656  18656      0 
    0    248     55      -     92    100      0      0      0      0  10251   2775  18656  18656      0 
    0    248     55      -     97    100      0      0      0      0  10251   2775  18656  18656      0 
    0    247     55      -     92    100      0      0      0      0  10251   2775  18656  18656      0 
    0    248     56      -     96     78      0      0      0      0  10251   2775  18656  18656      0 
    0    247     55      -    100     78      0      0      0      0  10251   2775  18656  18656      0 
    0    247     55      -    100     98      0      0      0      0  10251   2775  18656  18656      0 
    0    247     56      -    100     98      0      0      0      0  10251   2775  18656  18656      0 
    0    248     56      -    100    100      0      0      0      0  10251   2775  18656  18656      0 
    0    249     56      -    100    100      0      0      0      0  10251   2775  18656  18656      0 
# gpu    pwr  gtemp  mtemp     sm    mem    enc    dec    jpg    ofa   mclk   pclk     fb   bar1   ccpm 
# Idx      W      C      C      %      %      %      %      %      %    MHz    MHz     MB     MB     MB 
    0    248     56      -    100    100      0      0      0      0  10251   2775  18656  18656      0 
    0    248     56      -    100    100      0      0      0      0  10251   2775  18656  18656      0 
    0    249     57      -    100    100      0      0      0      0  10251   2775  18656  18656      0 
    0    248     56      -    100    100      0      0      0      0  10251   2775  18656  18656      0 
    0    249     56      -    100    100      0      0      0      0  10251   2775  18656  18656      0 
    0    248     56      -     96    100      0      0      0      0  10251   2775  18656  18656      0 
    0    248     56      -     94    100      0      0      0      0  10251   2775  18656  18656      0 
    0    248     56      -     95    100      0      0      0      0  10251   2775  18656  18656      0 
    0    248     55      -     91    100      0      0      0      0  10251   2775  18656  18656      0 
    0    248     56      -    100     77      0      0      0      0  10251   2775  18656  18656      0 
    0    249     56      -    100    100      0      0      0      0  10251   2775  18656  18656      0 
    0    249     56      -    100     97      0      0      0      0  10251   2775  18656  18656      0 
    0    248     56      -    100    100      0      0      0      0  10251   2775  18656  18656      0 
    0    249     56      -    100    100      0      0      0      0  10251   2775  18656  18656      0 
    0    249     56      -    100    100      0      0      0      0  10251   2775  18656  18656      0 
    0    250     57      -    100    100      0      0      0      0  10251   2775  18656  18656      0 
    0    249     56      -    100    100      0      0      0      0  10251   2775  18656  18656      0 
    0    249     59      -    100    100      0      0      0      0  10251   2775  18656  18656      0 
    0    249     56      -    100    100      0      0      0      0  10251   2775  18656  18656      0 
    0    249     56      -    100    100      0      0      0      0  10251   2775  18656  18656      0 
    0    248     56      -     94    100      0      0      0      0  10251   2775  18656  18656      0 
    0    247     56      -     96    100      0      0      0      0  10251   2775  18656  18656      0 
    0    248     56      -     96    100      0      0      0      0  10251   2775  18656  18656      0 
    0    248     56      -     95     96      0      0      0      0  10251   2775  18656  18656      0 
    0    249     56      -    100     76      0      0      0      0  10251   2775  18656  18656      0 
    0    249     57      -    100    100      0      0      0      0  10251   2775  18656  18656      0 
    0    249     57      -    100     98      0      0      0      0  10251   2775  18656  18656      0 
    0    249     57      -    100    100      0      0      0      0  10251   2775  18656  18656      0 
    0    249     56      -    100    100      0      0      0      0  10251   2775  18656  18656      0 
    0    249     56      -    100    100      0      0      0      0  10251   2775  18656  18656      0 
    0    249     56      -    100    100      0      0      0      0  10251   2775  18656  18656      0 
    0    249     56      -    100    100      0      0      0      0  10251   2775  18656  18656      0 
    0    249     56      -    100    100      0      0      0      0  10251   2775  18656  18656      0 
    0    249     56      -    100    100      0      0      0      0  10251   2775  18656  18656      0 
    0    248     56      -     93    100      0      0      0      0  10251   2775  18656  18656      0 
    0    250     57      -     95    100      0      0      0      0  10251   2775  18656  18656      0 
    0    249     57      -     92    100      0      0      0      0  10251   2775  18656  18656      0 
    0    249     57      -     96     71      0      0      0      0  10251   2775  18656  18656      0 
    0    249     57      -    100     84      0      0      0      0  10251   2775  18656  18656      0 
    0    249     56      -    100    100      0      0      0      0  10251   2775  18656  18656      0 
    0    249     57      -    100     98      0      0      0      0  10251   2775  18656  18656      0 
    0    250     56      -    100    100      0      0      0      0  10251   2775  18656  18656      0 
    0    249     56      -    100    100      0      0      0      0  10251   2775  18656  18656      0 
    0    249     56      -    100    100      0      0      0      0  10251   2775  18656  18656      0 
# gpu    pwr  gtemp  mtemp     sm    mem    enc    dec    jpg    ofa   mclk   pclk     fb   bar1   ccpm 
# Idx      W      C      C      %      %      %      %      %      %    MHz    MHz     MB     MB     MB 
    0    250     57      -    100    100      0      0      0      0  10251   2775  18656  18656      0 
    0    249     56      -    100    100      0      0      0      0  10251   2775  18656  18656      0 
    0    249     56      -    100    100      0      0      0      0  10251   2775  18656  18656      0 
    0    249     56      -    100    100      0      0      0      0  10251   2775  18656  18656      0 
    0    249     57      -     97    100      0      0      0      0  10251   2775  18656  18656      0 
    0    250     56      -     93    100      0      0      0      0  10251   2775  18656  18656      0 
    0    249     57      -     89    100      0      0      0      0  10251   2775  18656  18656      0 
    0    249     57      -     94    100      0      0      0      0  10251   2775  18656  18656      0 
    0    250     58      -    100     77      0      0      0      0  10251   2775  18656  18656      0 
    0    249     59      -    100    100      0      0      0      0  10251   2775  18656  18656      0 
    0    250     56      -    100     98      0      0      0      0  10251   2775  18656  18656      0 
    0    250     56      -    100     98      0      0      0      0  10251   2775  18656  18656      0 
    0    249     57      -    100    100      0      0      0      0  10251   2775  18656  18656      0 
    0    250     57      -    100    100      0      0      0      0  10251   2775  18656  18656      0 
    0    250     56      -    100    100      0      0      0      0  10251   2775  18656  18656      0 
    0    249     56      -    100    100      0      0      0      0  10251   2775  18656  18656      0 
    0    250     56      -    100    100      0      0      0      0  10251   2775  18656  18656      0 
    0    250     56      -    100    100      0      0      0      0  10251   2775  18656  18656      0 
    0    249     56      -    100    100      0      0      0      0  10251   2775  18656  18656      0 
    0    250     56      -     94    100      0      0      0      0  10251   2775  18656  18656      0 
    0    249     57      -     93    100      0      0      0      0  10251   2775  18656  18656      0 
    0    250     57      -     95    100      0      0      0      0  10251   2775  18656  18656      0 
    0    251     57      -     96    100      0      0      0      0  10251   2775  18656  18656      0 
    0    250     57      -    100     76      0      0      0      0  10251   2775  18656  18656      0 
    0    250     59      -    100    100      0      0      0      0  10251   2775  18656  18656      0 
    0    249     56      -    100    100      0      0      0      0  10251   2775  18656  18656      0 
    0    249     57      -    100     97      0      0      0      0  10251   2775  18656  18656      0 
    0    249     57      -    100    100      0      0      0      0  10251   2775  18656  18656      0 
    0    249     56      -    100    100      0      0      0      0  10251   2775  18656  18656      0 
    0    250     56      -    100    100      0      0      0      0  10251   2775  18656  18656      0 
    0    249     56      -    100    100      0      0      0      0  10251   2775  18656  18656      0 
    0    250     56      -    100    100      0      0      0      0  10251   2775  18656  18656      0 
    0    249     57      -    100    100      0      0      0      0  10251   2775  18656  18656      0 
    0    249     56      -    100    100      0      0      0      0  10251   2775  18656  18656      0 
    0    249     56      -     93    100      0      0      0      0  10251   2775  18656  18656      0 
    0    250     57      -     93    100      0      0      0      0  10251   2775  18656  18656      0 
    0    249     57      -     90    100      0      0      0      0  10251   2775  18656  18656      0 
    0    249     57      -     96     71      0      0      0      0  10251   2775  18656  18656      0 
    0    250     57      -    100     84      0      0      0      0  10251   2775  18656  18656      0 
    0    249     56      -    100     98      0      0      0      0  10251   2775  18656  18656      0 
    0    249     58      -    100     98      0      0      0      0  10251   2775  18656  18656      0 
    0    249     56      -    100     97      0      0      0      0  10251   2775  18656  18656      0 
    0    249     56      -    100    100      0      0      0      0  10251   2775  18656  18656      0 
    0    249     56      -    100    100      0      0      0      0  10251   2775  18656  18656      0 
# gpu    pwr  gtemp  mtemp     sm    mem    enc    dec    jpg    ofa   mclk   pclk     fb   bar1   ccpm 
# Idx      W      C      C      %      %      %      %      %      %    MHz    MHz     MB     MB     MB 
    0    249     56      -    100    100      0      0      0      0  10251   2775  18656  18656      0 
    0    249     56      -    100    100      0      0      0      0  10251   2775  18656  18656      0 
    0    250     56      -    100    100      0      0      0      0  10251   2775  18656  18656      0 
    0    250     56      -    100    100      0      0      0      0  10251   2775  18656  18656      0 
    0    249     56      -     96    100      0      0      0      0  10251   2775  18656  18656      0 
    0    249     56      -     93    100      0      0      0      0  10251   2775  18656  18656      0 
    0    249     56      -     96    100      0      0      0      0  10251   2775  18656  18656      0 
    0    250     56      -     92    100      0      0      0      0  10251   2775  18656  18656      0 
    0    249     56      -    100     77      0      0      0      0  10251   2775  18656  18656      0 
    0    249     56      -    100    100      0      0      0      0  10251   2775  18656  18656      0 
    0    249     56      -    100     97      0      0      0      0  10251   2775  18656  18656      0 
    0    248     56      -    100    100      0      0      0      0  10251   2775  18656  18656      0 
    0    249     56      -    100    100      0      0      0      0  10251   2775  18656  18656      0 
    0    250     57      -    100    100      0      0      0      0  10251   2775  18656  18656      0 
    0    251     57      -    100    100      0      0      0      0  10251   2775  18656  18656      0 
    0    249     57      -    100    100      0      0      0      0  10251   2775  18656  18656      0 
    0    249     58      -    100    100      0      0      0      0  10251   2775  18656  18656      0 
    0    250     57      -    100    100      0      0      0      0  10251   2775  18656  18656      0 
    0    249     56      -    100    100      0      0      0      0  10251   2775  18656  18656      0 
    0    250     57      -     93    100      0      0      0      0  10251   2775  18656  18656      0 
    0    250     56      -     97    100      0      0      0      0  10251   2775  18656  18656      0 
    0    250     56      -     96    100      0      0      0      0  10251   2775  18656  18656      0 
    0    250     56      -     95     86      0      0      0      0  10251   2775  18656  18656      0 
    0    250     56      -    100     76      0      0      0      0  10251   2775  18656  18656      0 
    0    249     56      -    100    100      0      0      0      0  10251   2775  18656  18656      0 
    0    249     56      -    100    100      0      0      0      0  10251   2775  18656  18656      0 
    0    250     56      -    100     97      0      0      0      0  10251   2775  18656  18656      0 
    0    250     57      -    100    100      0      0      0      0  10251   2775  18656  18656      0 
    0    250     57      -    100    100      0      0      0      0  10251   2775  18656  18656      0 
    0    249     57      -    100    100      0      0      0      0  10251   2775  18656  18656      0 
    0    250     57      -    100    100      0      0      0      0  10251   2775  18656  18656      0 
    0    250     56      -    100    100      0      0      0      0  10251   2775  18656  18656      0 
    0    249     56      -    100    100      0      0      0      0  10251   2775  18656  18656      0 
    0    250     56      -    100    100      0      0      0      0  10251   2775  18656  18656      0 
    0    250     56      -     93    100      0      0      0      0  10251   2775  18656  18656      0 
    0    249     56      -     89    100      0      0      0      0  10251   2775  18656  18656      0 
    0    249     56      -     87     99      0      0      0      0  10251   2775  18656  18656      0 
    0    249     56      -     96     73      0      0      0      0  10251   2775  18656  18656      0 
    0    249     56      -    100     93      0      0      0      0  10251   2775  18656  18656      0 
    0    249     56      -    100     98      0      0      0      0  10251   2775  18656  18656      0 
    0    249     56      -    100     98      0      0      0      0  10251   2775  18656  18656      0 
    0    249     56      -    100    100      0      0      0      0  10251   2775  18656  18656      0 
    0    250     57      -    100    100      0      0      0      0  10251   2775  18656  18656      0 
    0    250     57      -    100    100      0      0      0      0  10251   2775  18656  18656      0 
# gpu    pwr  gtemp  mtemp     sm    mem    enc    dec    jpg    ofa   mclk   pclk     fb   bar1   ccpm 
# Idx      W      C      C      %      %      %      %      %      %    MHz    MHz     MB     MB     MB 
    0    250     57      -    100    100      0      0      0      0  10251   2775  18656  18656      0 
    0    250     59      -    100    100      0      0      0      0  10251   2775  18656  18656      0 
    0    250     56      -    100    100      0      0      0      0  10251   2775  18656  18656      0 
    0    250     56      -    100    100      0      0      0      0  10251   2775  18656  18656      0 
    0    250     57      -     93    100      0      0      0      0  10251   2775  18656  18656      0 
    0    250     56      -     92    100      0      0      0      0  10251   2775  18656  18656      0 
    0    250     56      -     96    100      0      0      0      0  10251   2775  18656  18656      0 
    0    248     56      -     95    100      0      0      0      0  10251   2775  18656  18656      0 
    0    250     56      -    100     76      0      0      0      0  10251   2775  18656  18656      0 
    0    249     56      -    100    100      0      0      0      0  10251   2775  18656  18656      0 
    0    249     56      -    100    100      0      0      0      0  10251   2775  18656  18656      0 
    0    249     56      -    100     97      0      0      0      0  10251   2775  18656  18656      0 
    0    249     57      -    100    100      0      0      0      0  10251   2775  18656  18656      0 
    0    249     56      -    100    100      0      0      0      0  10251   2775  18656  18656      0 
    0    249     56      -    100    100      0      0      0      0  10251   2775  18656  18656      0 
    0    249     56      -    100    100      0      0      0      0  10251   2775  18656  18656      0 
    0    249     56      -     99    100      0      0      0      0  10251   2775  18656  18656      0 
    0    249     56      -    100    100      0      0      0      0  10251   2775  18656  18656      0 
    0    249     56      -    100    100      0      0      0      0  10251   2775  18656  18656      0 
    0    249     56      -     93    100      0      0      0      0  10251   2775  18656  18656      0 
    0    249     56      -     92    100      0      0      0      0  10251   2775  18656  18656      0 
    0    249     56      -     96    100      0      0      0      0  10251   2775  18656  18656      0 
    0    250     57      -     95    100      0      0      0      0  10251   2775  18656  18656      0 
    0    250     56      -    100     76      0      0      0      0  10251   2775  18656  18656      0 
    0    250     57      -    100    100      0      0      0      0  10251   2775  18656  18656      0 
    0    249     56      -    100    100      0      0      0      0  10251   2775  18656  18656      0 
    0    250     56      -    100     98      0      0      0      0  10251   2775  18656  18656      0 
    0    250     56      -    100    100      0      0      0      0  10251   2775  18656  18656      0 
    0    248     55      -    100    100      0      0      0      0  10251   2775  18656  18656      0 
    0    249     56      -    100    100      0      0      0      0  10251   2775  18656  18656      0 
    0    250     56      -    100    100      0      0      0      0  10251   2775  18656  18656      0 
    0    250     56      -    100    100      0      0      0      0  10251   2775  18656  18656      0 
    0    249     56      -    100    100      0      0      0      0  10251   2775  18656  18656      0 
    0    248     56      -    100    100      0      0      0      0  10251   2775  18656  18656      0 
    0    248     56      -     93    100      0      0      0      0  10251   2775  18656  18656      0 
    0    250     57      -     95    100      0      0      0      0  10251   2775  18656  18656      0 
    0    249     57      -     90    100      0      0      0      0  10251   2775  18656  18656      0 
    0    248     59      -     96     69      0      0      0      0  10251   2775  18656  18656      0 
    0    249     56      -    100     84      0      0      0      0  10251   2775  18656  18656      0 
    0    249     57      -    100     98      0      0      0      0  10251   2775  18656  18656      0 
    0    249     57      -    100    100      0      0      0      0  10251   2775  18656  18656      0 
    0    249     55      -    100     99      0      0      0      0  10251   2775  18656  18656      0 
    0    249     56      -    100    100      0      0      0      0  10251   2775  18656  18656      0 
    0    249     55      -    100    100      0      0      0      0  10251   2775  18656  18656      0 
# gpu    pwr  gtemp  mtemp     sm    mem    enc    dec    jpg    ofa   mclk   pclk     fb   bar1   ccpm 
# Idx      W      C      C      %      %      %      %      %      %    MHz    MHz     MB     MB     MB 
    0    249     56      -    100    100      0      0      0      0  10251   2775  18656  18656      0 
    0    249     56      -    100    100      0      0      0      0  10251   2775  18656  18656      0 
    0    249     56      -    100    100      0      0      0      0  10251   2775  18656  18656      0 
    0    249     56      -    100    100      0      0      0      0  10251   2775  18656  18656      0 
    0    249     56      -     95    100      0      0      0      0  10251   2775  18656  18656      0 
    0    249     56      -     92    100      0      0      0      0  10251   2775  18656  18656      0 
    0    250     56      -     95    100      0      0      0      0  10251   2775  18656  18656      0 
    0    250     57      -     96    100      0      0      0      0  10251   2775  18656  18656      0 
    0    249     57      -    100     76      0      0      0      0  10251   2775  18656  18656      0 
    0    249     58      -    100    100      0      0      0      0  10251   2775  18656  18656      0 
    0    249     57      -    100     98      0      0      0      0  10251   2775  18656  18656      0 
    0    249     56      -    100    100      0      0      0      0  10251   2775  18656  18656      0 
    0    249     56      -    100    100      0      0      0      0  10251   2775  18656  18656      0 
    0    249     56      -    100    100      0      0      0      0  10251   2775  18656  18656      0 
    0    248     55      -    100    100      0      0      0      0  10251   2775  18656  18656      0 
    0    250     56      -    100    100      0      0      0      0  10251   2775  18656  18656      0 
    0    249     56      -    100    100      0      0      0      0  10251   2775  18656  18656      0 
    0    249     56      -    100    100      0      0      0      0  10251   2775  18656  18656      0 
    0    249     56      -    100    100      0      0      0      0  10251   2775  18656  18656      0 
    0    250     57      -     93    100      0      0      0      0  10251   2775  18656  18656      0 
    0    250     57      -     97    100      0      0      0      0  10251   2775  18656  18656      0 
    0    251     57      -     94    100      0      0      0      0  10251   2775  18656  18656      0 
    0    250     57      -     95     83      0      0      0      0  10251   2775  18656  18656      0 
    0    249     56      -    100     79      0      0      0      0  10251   2775  18656  18656      0 
    0    249     56      -    100    100      0      0      0      0  10251   2775  18656  18656      0 
    0    249     56      -    100     98      0      0      0      0  10251   2775  18656  18656      0 
    0    250     57      -    100     97      0      0      0      0  10251   2775  18656  18656      0 
    0    249     56      -    100    100      0      0      0      0  10251   2775  18656  18656      0 
    0    249     56      -    100    100      0      0      0      0  10251   2775  18656  18656      0 
    0    250     55      -    100    100      0      0      0      0  10251   2775  18656  18656      0 
    0    249     56      -    100    100      0      0      0      0  10251   2775  18656  18656      0 
    0    249     56      -    100    100      0      0      0      0  10251   2775  18656  18656      0 
    0    248     56      -     99    100      0      0      0      0  10251   2775  18656  18656      0 
    0    249     56      -     95    100      0      0      0      0  10251   2775  18656  18656      0 
    0    249     56      -     93    100      0      0      0      0  10251   2775  18656  18656      0 
    0    250     56      -     94    100      0      0      0      0  10251   2775  18656  18656      0 
    0    249     56      -     96    100      0      0      0      0  10251   2775  18656  18656      0 
    0    249     56      -    100     76      0      0      0      0  10251   2775  18656  18656      0 
    0    250     56      -    100    100      0      0      0      0  10251   2775  18656  18656      0 
    0    249     56      -     99    100      0      0      0      0  10251   2775  18656  18656      0 
    0    249     57      -    100    100      0      0      0      0  10251   2775  18656  18656      0 
    0    250     56      -    100    100      0      0      0      0  10251   2775  18656  18656      0 
    0    249     56      -    100    100      0      0      0      0  10251   2775  18656  18656      0 
    0    251     57      -    100    100      0      0      0      0  10251   2775  18656  18656      0 
# gpu    pwr  gtemp  mtemp     sm    mem    enc    dec    jpg    ofa   mclk   pclk     fb   bar1   ccpm 
# Idx      W      C      C      %      %      %      %      %      %    MHz    MHz     MB     MB     MB 
    0    249     56      -     99    100      0      0      0      0  10251   2775  18656  18656      0 
    0    250     56      -    100    100      0      0      0      0  10251   2775  18656  18656      0 
    0    250     56      -    100    100      0      0      0      0  10251   2775  18656  18656      0 
    0    250     56      -    100    100      0      0      0      0  10251   2775  18656  18656      0 
    0    250     56      -     93    100      0      0      0      0  10251   2775  18656  18656      0 
    0    249     56      -     96    100      0      0      0      0  10251   2775  18656  18656      0 
    0    250     56      -     96    100      0      0      0      0  10251   2775  18656  18656      0 
    0    250     56      -     95     89      0      0      0      0  10251   2775  18656  18656      0 
    0    249     56      -    100     76      0      0      0      0  10251   2775  18656  18656      0 
    0    250     56      -    100    100      0      0      0      0  10251   2775  18656  18656      0 
    0    249     56      -    100    100      0      0      0      0  10251   2775  18656  18656      0 
    0    249     56      -    100     97      0      0      0      0  10251   2775  18656  18656      0 
    0    250     56      -    100    100      0      0      0      0  10251   2775  18656  18656      0 
    0    250     57      -    100    100      0      0      0      0  10251   2775  18656  18656      0 
    0    250     58      -    100    100      0      0      0      0  10251   2775  18656  18656      0 
    0    250     56      -    100    100      0      0      0      0  10251   2775  18656  18656      0 
    0    250     56      -    100    100      0      0      0      0  10251   2775  18656  18656      0 
    0    250     56      -    100    100      0      0      0      0  10251   2775  18656  18656      0 
    0    250     57      -    100    100      0      0      0      0  10251   2775  18656  18656      0 
    0    249     56      -     93    100      0      0      0      0  10251   2775  18656  18656      0 
    0    250     56      -     95    100      0      0      0      0  10251   2775  18656  18656      0 
    0    249     56      -     91    100      0      0      0      0  10251   2775  18656  18656      0 
    0    250     56      -     96     69      0      0      0      0  10251   2775  18656  18656      0 
    0    249     56      -    100     84      0      0      0      0  10251   2775  18656  18656      0 
    0    249     56      -    100     98      0      0      0      0  10251   2775  18656  18656      0 
    0    249     56      -    100     98      0      0      0      0  10251   2775  18656  18656      0 
    0    249     57      -    100     97      0      0      0      0  10251   2775  18656  18656      0 
    0    250     57      -    100    100      0      0      0      0  10251   2775  18656  18656      0 
    0    250     57      -    100    100      0      0      0      0  10251   2775  18656  18656      0 
    0    249     57      -     99    100      0      0      0      0  10251   2775  18656  18656      0 
    0    250     57      -    100    100      0      0      0      0  10251   2775  18656  18656      0 
    0    249     56      -    100    100      0      0      0      0  10251   2775  18656  18656      0 
    0    250     56      -    100    100      0      0      0      0  10251   2775  18656  18656      0 
    0    249     56      -     96    100      0      0      0      0  10251   2775  18656  18656      0 
    0    250     56      -     93    100      0      0      0      0  10251   2775  18656  18656      0 
    0    250     56      -     96    100      0      0      0      0  10251   2775  18656  18656      0 
    0    250     56      -     95    100      0      0      0      0  10251   2775  18656  18656      0 
    0    250     56      -    100     77      0      0      0      0  10251   2775  18656  18656      0 
    0    249     56      -    100    100      0      0      0      0  10251   2775  18656  18656      0 
    0    250     56      -    100     98      0      0      0      0  10251   2775  18656  18656      0 
    0    250     56      -    100    100      0      0      0      0  10251   2775  18656  18656      0 
    0    250     56      -    100    100      0      0      0      0  10251   2775  18656  18656      0 
    0    251     57      -    100    100      0      0      0      0  10251   2775  18656  18656      0 
    0    251     57      -    100    100      0      0      0      0  10251   2775  18656  18656      0 
# gpu    pwr  gtemp  mtemp     sm    mem    enc    dec    jpg    ofa   mclk   pclk     fb   bar1   ccpm 
# Idx      W      C      C      %      %      %      %      %      %    MHz    MHz     MB     MB     MB 
    0    249     56      -    100    100      0      0      0      0  10251   2775  18656  18656      0 
    0    249     56      -    100    100      0      0      0      0  10251   2775  18656  18656      0 
    0    248     56      -    100    100      0      0      0      0  10251   2775  18656  18656      0 
    0    249     56      -     93    100      0      0      0      0  10251   2775  18656  18656      0 
    0    249     56      -     98    100      0      0      0      0  10251   2775  18656  18656      0 
    0    250     56      -     88    100      0      0      0      0  10251   2775  18656  18656      0 
    0    249     57      -     96     75      0      0      0      0  10251   2775  18656  18656      0 
    0    250     57      -    100     84      0      0      0      0  10251   2775  18656  18656      0 
    0    250     56      -    100    100      0      0      0      0  10251   2775  18656  18656      0 
    0    249     56      -    100     97      0      0      0      0  10251   2775  18656  18656      0 
    0    249     56      -    100     97      0      0      0      0  10251   2775  18656  18656      0 
    0    248     56      -    100    100      0      0      0      0  10251   2775  18656  18656      0 
    0    249     56      -    100    100      0      0      0      0  10251   2775  18656  18656      0 
    0    249     56      -    100    100      0      0      0      0  10251   2775  18656  18656      0 
    0    248     56      -    100    100      0      0      0      0  10251   2775  18656  18656      0 
    0    249     56      -    100    100      0      0      0      0  10251   2775  18656  18656      0 
    0    249     57      -    100    100      0      0      0      0  10251   2775  18656  18656      0 
    0    249     56      -     95    100      0      0      0      0  10251   2775  18656  18656      0 
    0    249     56      -     92    100      0      0      0      0  10251   2775  18656  18656      0 
    0    250     57      -     95    100      0      0      0      0  10251   2775  18656  18656      0 
    0    250     57      -     95    100      0      0      0      0  10251   2775  18656  18656      0 
    0    248     57      -    100     76      0      0      0      0  10251   2775  18656  18656      0 
    0    249     59      -    100    100      0      0      0      0  10251   2775  18656  18656      0 
    0    248     56      -    100    100      0      0      0      0  10251   2775  18656  18656      0 
    0    249     56      -    100     98      0      0      0      0  10251   2775  18656  18656      0 
    0    249     57      -    100    100      0      0      0      0  10251   2775  18656  18656      0 
    0    249     56      -    100    100      0      0      0      0  10251   2775  18656  18656      0 
    0    249     56      -    100    100      0      0      0      0  10251   2775  18656  18656      0 
    0    249     56      -    100    100      0      0      0      0  10251   2775  18656  18656      0 
    0    248     56      -     99    100      0      0      0      0  10251   2775  18656  18656      0 
    0    249     56      -    100    100      0      0      0      0  10251   2775  18656  18656      0 
    0    249     56      -    100    100      0      0      0      0  10251   2775  18656  18656      0 
    0    249     56      -     93    100      0      0      0      0  10251   2775  18656  18656      0 
    0    250     56      -     94    100      0      0      0      0  10251   2775  18656  18656      0 
    0    249     57      -     90    100      0      0      0      0  10251   2775  18656  18656      0 
    0    248     57      -     95     69      0      0      0      0  10251   2775  18656  18656      0 
    0    249     57      -    100     87      0      0      0      0  10251   2775  18656  18656      0 
    0    249     56      -    100     98      0      0      0      0  10251   2775  18656  18656      0 
    0    248     56      -    100     98      0      0      0      0  10251   2775  18656  18656      0 
    0    249     56      -    100    100      0      0      0      0  10251   2775  18656  18656      0 
    0    249     57      -    100    100      0      0      0      0  10251   2775  18656  18656      0 
    0    249     56      -    100    100      0      0      0      0  10251   2775  18656  18656      0 
    0    250     56      -    100    100      0      0      0      0  10251   2775  18656  18656      0 
    0    249     56      -    100    100      0      0      0      0  10251   2775  18656  18656      0 
# gpu    pwr  gtemp  mtemp     sm    mem    enc    dec    jpg    ofa   mclk   pclk     fb   bar1   ccpm 
# Idx      W      C      C      %      %      %      %      %      %    MHz    MHz     MB     MB     MB 
    0    249     56      -    100    100      0      0      0      0  10251   2775  18656  18656      0 
    0    250     56      -     99    100      0      0      0      0  10251   2775  18656  18656      0 
    0    249     56      -     94    100      0      0      0      0  10251   2775  18656  18656      0 
    0    249     57      -     93    100      0      0      0      0  10251   2775  18656  18656      0 
    0    250     57      -     96    100      0      0      0      0  10251   2775  18656  18656      0 
    0    250     57      -     95    100      0      0      0      0  10251   2775  18656  18656      0 
    0    249     57      -    100     76      0      0      0      0  10251   2775  18656  18656      0 
    0    249     59      -    100    100      0      0      0      0  10251   2775  18656  18656      0 
    0    249     56      -    100    100      0      0      0      0  10251   2775  18656  18656      0 
    0    250     58      -    100    100      0      0      0      0  10251   2775  18656  18656      0 
    0    250     58      -    100    100      0      0      0      0  10251   2775  18656  18656      0 
    0    249     56      -    100    100      0      0      0      0  10251   2775  18656  18656      0 
    0    249     56      -    100    100      0      0      0      0  10251   2775  18656  18656      0 
    0    249     56      -    100    100      0      0      0      0  10251   2775  18656  18656      0 
    0    248     56      -    100    100      0      0      0      0  10251   2775  18656  18656      0 
    0    249     57      -    100    100      0      0      0      0  10251   2775  18656  18656      0 
    0    249     56      -     99    100      0      0      0      0  10251   2775  18656  18656      0 
    0    250     56      -     93    100      0      0      0      0  10251   2775  18656  18656      0 
    0    250     57      -     98    100      0      0      0      0  10251   2775  18656  18656      0 
    0    251     57      -     92    100      0      0      0      0  10251   2775  18656  18656      0 
    0    249     57      -     95     78      0      0      0      0  10251   2775  18656  18656      0 
    0    250     57      -    100     80      0      0      0      0  10251   2775  18656  18656      0 
    0    249     56      -    100    100      0      0      0      0  10251   2775  18656  18656      0 
    0    249     57      -    100     98      0      0      0      0  10251   2775  18656  18656      0 
    0    250     56      -    100     97      0      0      0      0  10251   2775  18656  18656      0 
    0    250     57      -    100    100      0      0      0      0  10251   2775  18656  18656      0 
    0    249     57      -    100    100      0      0      0      0  10251   2775  18656  18656      0 
    0    249     57      -    100    100      0      0      0      0  10251   2775  18656  18656      0 
    0    249     58      -    100    100      0      0      0      0  10251   2775  18656  18656      0 
    0    249     56      -    100    100      0      0      0      0  10251   2775  18656  18656      0 
    0    250     58      -    100    100      0      0      0      0  10251   2775  18656  18656      0 
    0    250     56      -     96    100      0      0      0      0  10251   2775  18656  18656      0 
    0    250     57      -     93    100      0      0      0      0  10251   2775  18656  18656      0 
    0    249     56      -     95    100      0      0      0      0  10251   2775  18656  18656      0 
    0    249     56      -     91    100      0      0      0      0  10251   2775  18656  18656      0 
    0    249     56      -     99     76      0      0      0      0  10251   2775  18656  18656      0 
    0    248     57      -    100     95      0      0      0      0  10251   2775  18656  18656      0 
    0    248     56      -    100     99      0      0      0      0  10251   2775  18656  18656      0 
    0    248     57      -    100    100      0      0      0      0  10251   2775  18656  18656      0 
    0    249     56      -    100    100      0      0      0      0  10251   2775  18656  18656      0 
    0    250     57      -    100    100      0      0      0      0  10251   2775  18656  18656      0 
    0    251     57      -    100    100      0      0      0      0  10251   2775  18656  18656      0 
    0    250     57      -    100    100      0      0      0      0  10251   2775  18656  18656      0 
    0    250     58      -    100    100      0      0      0      0  10251   2775  18656  18656      0 
# gpu    pwr  gtemp  mtemp     sm    mem    enc    dec    jpg    ofa   mclk   pclk     fb   bar1   ccpm 
# Idx      W      C      C      %      %      %      %      %      %    MHz    MHz     MB     MB     MB 
    0    249     57      -    100    100      0      0      0      0  10251   2775  18656  18656      0 
    0    250     56      -    100    100      0      0      0      0  10251   2775  18656  18656      0 
    0    250     56      -     93    100      0      0      0      0  10251   2775  18656  18656      0 
    0    250     56      -     97    100      0      0      0      0  10251   2775  18656  18656      0 
    0    250     56      -     92    100      0      0      0      0  10251   2775  18656  18656      0 
    0    249     56      -     95     76      0      0      0      0  10251   2775  18656  18656      0 
    0    250     56      -    100     84      0      0      0      0  10251   2775  18656  18656      0 
    0    250     56      -    100    100      0      0      0      0  10251   2775  18656  18656      0 
    0    250     56      -    100     98      0      0      0      0  10251   2775  18656  18656      0 
    0    250     57      -    100    100      0      0      0      0  10251   2775  18656  18656      0 
    0    251     57      -    100    100      0      0      0      0  10251   2775  18656  18656      0 
    0    249     57      -    100    100      0      0      0      0  10251   2775  18656  18656      0 
    0    249     57      -    100    100      0      0      0      0  10251   2775  18656  18656      0 
    0    250     58      -    100    100      0      0      0      0  10251   2775  18656  18656      0 
    0    250     56      -    100    100      0      0      0      0  10251   2775  18656  18656      0 
    0    249     57      -    100    100      0      0      0      0  10251   2775  18656  18656      0 
    0    249     56      -     94    100      0      0      0      0  10251   2775  18656  18656      0 
    0    251     57      -     93    100      0      0      0      0  10251   2775  18656  18656      0 
    0    250     56      -     95    100      0      0      0      0  10251   2775  18656  18656      0 
    0    250     56      -     96    100      0      0      0      0  10251   2775  18656  18656      0 
    0    249     56      -    100     76      0      0      0      0  10251   2775  18656  18656      0 
    0    250     56      -    100    100      0      0      0      0  10251   2775  18656  18656      0 
    0    250     56      -    100    100      0      0      0      0  10251   2775  18656  18656      0 
    0    250     56      -    100     97      0      0      0      0  10251   2775  18656  18656      0 
    0    250     56      -    100    100      0      0      0      0  10251   2775  18656  18656      0 
    0    250     57      -    100    100      0      0      0      0  10251   2775  18656  18656      0 
    0    250     56      -    100    100      0      0      0      0  10251   2775  18656  18656      0 
    0    250     57      -    100    100      0      0      0      0  10251   2775  18656  18656      0 
    0    250     56      -    100    100      0      0      0      0  10251   2775  18656  18656      0 
    0    250     58      -    100    100      0      0      0      0  10251   2775  18656  18656      0 
    0    250     57      -    100    100      0      0      0      0  10251   2775  18656  18656      0 
    0    250     56      -    100    100      0      0      0      0  10251   2775  18656  18656      0 
    0    250     56      -     93    100      0      0      0      0  10251   2775  18656  18656      0 
    0    250     56      -     96    100      0      0      0      0  10251   2775  18656  18656      0 
    0    250     56      -     95    100      0      0      0      0  10251   2775  18656  18656      0 
    0    250     56      -     96     91      0      0      0      0  10251   2775  18656  18656      0 
    0    250     56      -    100     76      0      0      0      0  10251   2775  18656  18656      0 
    0    250     57      -    100    100      0      0      0      0  10251   2775  18656  18656      0 
    0    250     56      -    100     98      0      0      0      0  10251   2775  18656  18656      0 
    0    250     57      -    100     98      0      0      0      0  10251   2775  18656  18656      0 
    0    251     57      -    100    100      0      0      0      0  10251   2775  18656  18656      0 
    0    251     57      -     99    100      0      0      0      0  10251   2775  18656  18656      0 
    0    250     58      -     99    100      0      0      0      0  10251   2775  18656  18656      0 
    0    251     56      -    100    100      0      0      0      0  10251   2775  18656  18656      0 
# gpu    pwr  gtemp  mtemp     sm    mem    enc    dec    jpg    ofa   mclk   pclk     fb   bar1   ccpm 
# Idx      W      C      C      %      %      %      %      %      %    MHz    MHz     MB     MB     MB 
    0    249     56      -    100    100      0      0      0      0  10251   2775  18656  18656      0 
    0    250     57      -    100    100      0      0      0      0  10251   2775  18656  18656      0 
    0    251     56      -    100    100      0      0      0      0  10251   2775  18656  18656      0 
    0    250     56      -     93    100      0      0      0      0  10251   2775  18656  18656      0 
    0    250     56      -     95    100      0      0      0      0  10251   2775  18656  18656      0 
    0    249     56      -     89    100      0      0      0      0  10251   2775  18656  18656      0 
    0    250     56      -     96     70      0      0      0      0  10251   2775  18656  18656      0 
    0    250     56      -    100     96      0      0      0      0  10251   2775  18656  18656      0 
    0    250     57      -    100    100      0      0      0      0  10251   2775  18656  18656      0 
    0    250     56      -    100    100      0      0      0      0  10251   2775  18656  18656      0 
    0    249     56      -    100    100      0      0      0      0  10251   2775  18656  18656      0 
    0    249     56      -    100    100      0      0      0      0  10251   2775  18656  18656      0 
    0    250     56      -    100    100      0      0      0      0  10251   2775  18656  18656      0 
    0    250     56      -    100    100      0      0      0      0  10251   2775  18656  18656      0 
    0    249     56      -    100    100      0      0      0      0  10251   2775  18656  18656      0 
    0    249     56      -    100    100      0      0      0      0  10251   2775  18656  18656      0 
    0    249     57      -     94    100      0      0      0      0  10251   2775  18656  18656      0 
    0    249     56      -     92    100      0      0      0      0  10251   2775  18656  18656      0 
    0    250     57      -     96    100      0      0      0      0  10251   2775  18656  18656      0 
    0    251     57      -     96    100      0      0      0      0  10251   2775  18656  18656      0 
    0    250     56      -    100     76      0      0      0      0  10251   2775  18656  18656      0 
    0    250     57      -    100    100      0      0      0      0  10251   2775  18656  18656      0 
    0    250     57      -    100    100      0      0      0      0  10251   2775  18656  18656      0 
    0    250     56      -    100     98      0      0      0      0  10251   2775  18656  18656      0 
    0    250     56      -    100    100      0      0      0      0  10251   2775  18656  18656      0 
    0    249     56      -    100    100      0      0      0      0  10251   2775  18656  18656      0 
    0    250     56      -    100    100      0      0      0      0  10251   2775  18656  18656      0 
    0    250     56      -    100    100      0      0      0      0  10251   2775  18656  18656      0 
    0    249     56      -    100    100      0      0      0      0  10251   2775  18656  18656      0 
    0    250     56      -    100    100      0      0      0      0  10251   2775  18656  18656      0 
    0    250     56      -    100    100      0      0      0      0  10251   2775  18656  18656      0 
    0    250     57      -     93    100      0      0      0      0  10251   2775  18656  18656      0 
    0    250     56      -     97    100      0      0      0      0  10251   2775  18656  18656      0 
    0    251     57      -     91    100      0      0      0      0  10251   2775  18656  18656      0 
    0    249     58      -     95     78      0      0      0      0  10251   2775  18656  18656      0 
    0    250     56      -    100     78      0      0      0      0  10251   2775  18656  18656      0 
    0    249     56      -    100     98      0      0      0      0  10251   2775  18656  18656      0 
    0    250     56      -    100     98      0      0      0      0  10251   2775  18656  18656      0 
    0    250     57      -    100     97      0      0      0      0  10251   2775  18656  18656      0 
    0    249     56      -    100    100      0      0      0      0  10251   2775  18656  18656      0 
    0    250     56      -     99    100      0      0      0      0  10251   2775  18656  18656      0 
    0    249     56      -    100    100      0      0      0      0  10251   2775  18656  18656      0 
    0    249     56      -    100    100      0      0      0      0  10251   2775  18656  18656      0 
    0    250     56      -    100    100      0      0      0      0  10251   2775  18656  18656      0 
# gpu    pwr  gtemp  mtemp     sm    mem    enc    dec    jpg    ofa   mclk   pclk     fb   bar1   ccpm 
# Idx      W      C      C      %      %      %      %      %      %    MHz    MHz     MB     MB     MB 
    0    250     56      -     99    100      0      0      0      0  10251   2775  18656  18656      0 
    0    249     56      -     96    100      0      0      0      0  10251   2775  18656  18656      0 
    0    249     57      -     92    100      0      0      0      0  10251   2775  18656  18656      0 
    0    251     57      -     95    100      0      0      0      0  10251   2775  18656  18656      0 
    0    250     56      -     91    100      0      0      0      0  10251   2775  18656  18656      0 
    0    250     58      -    100     77      0      0      0      0  10251   2775  18656  18656      0 
    0    250     57      -    100    100      0      0      0      0  10251   2775  18656  18656      0 
    0    250     56      -    100     98      0      0      0      0  10251   2775  18656  18656      0 
    0    250     56      -    100    100      0      0      0      0  10251   2775  18656  18656      0 
    0    250     57      -    100    100      0      0      0      0  10251   2775  18656  18656      0 
    0    250     56      -    100    100      0      0      0      0  10251   2775  18656  18656      0 
    0    251     57      -    100    100      0      0      0      0  10251   2775  18656  18656      0 
    0    250     57      -    100    100      0      0      0      0  10251   2775  18656  18656      0 
    0    250     57      -    100    100      0      0      0      0  10251   2775  18656  18656      0 
    0    250     56      -    100    100      0      0      0      0  10251   2775  18656  18656      0 
    0    250     56      -    100    100      0      0      0      0  10251   2775  18656  18656      0 
    0    251     56      -     93    100      0      0      0      0  10251   2775  18656  18656      0 
    0    249     56      -     93    100      0      0      0      0  10251   2775  18656  18656      0 
    0    250     56      -     96    100      0      0      0      0  10251   2775  18656  18656      0 
    0    250     56      -     96    100      0      0      0      0  10251   2775  18656  18656      0 
    0    249     56      -    100     76      0      0      0      0  10251   2775  18656  18656      0 
    0    250     56      -    100    100      0      0      0      0  10251   2775  18656  18656      0 
    0    249     56      -    100     98      0      0      0      0  10251   2775  18656  18656      0 
    0    249     57      -    100     98      0      0      0      0  10251   2775  18656  18656      0 
    0    251     56      -    100    100      0      0      0      0  10251   2775  18656  18656      0 
    0    251     57      -    100    100      0      0      0      0  10251   2775  18656  18656      0 
    0    251     57      -    100    100      0      0      0      0  10251   2775  18656  18656      0 
    0    251     56      -    100    100      0      0      0      0  10251   2775  18656  18656      0 
    0    250     58      -    100    100      0      0      0      0  10251   2775  18656  18656      0 
    0    250     56      -    100    100      0      0      0      0  10251   2775  18656  18656      0 
    0    250     57      -    100    100      0      0      0      0  10251   2775  18656  18656      0 
    0    250     57      -     93    100      0      0      0      0  10251   2775  18656  18656      0 
    0    249     56      -     96    100      0      0      0      0  10251   2775  18656  18656      0 
    0    250     56      -     89    100      0      0      0      0  10251   2775  18656  18656      0 
    0    249     56      -     96     75      0      0      0      0  10251   2775  18656  18656      0 
    0    250     56      -    100     84      0      0      0      0  10251   2775  18656  18656      0 
    0    250     56      -    100    100      0      0      0      0  10251   2775  18656  18656      0 
    0    250     56      -    100     97      0      0      0      0  10251   2775  18656  18656      0 
    0    249     57      -    100     97      0      0      0      0  10251   2775  18656  18656      0 
    0    250     56      -    100    100      0      0      0      0  10251   2775  18656  18656      0 
    0    249     57      -    100    100      0      0      0      0  10251   2775  18656  18656      0 
    0    250     57      -    100    100      0      0      0      0  10251   2775  18656  18656      0 
    0    250     57      -    100    100      0      0      0      0  10251   2775  18656  18656      0 
    0    250     56      -    100    100      0      0      0      0  10251   2775  18656  18656      0 
# gpu    pwr  gtemp  mtemp     sm    mem    enc    dec    jpg    ofa   mclk   pclk     fb   bar1   ccpm 
# Idx      W      C      C      %      %      %      %      %      %    MHz    MHz     MB     MB     MB 
    0    250     56      -     99    100      0      0      0      0  10251   2775  18656  18656      0 
    0    249     56      -     96    100      0      0      0      0  10251   2775  18656  18656      0 
    0    250     57      -     93    100      0      0      0      0  10251   2775  18656  18656      0 
    0    250     56      -     96    100      0      0      0      0  10251   2775  18656  18656      0 
    0    249     57      -    100     77      0      0      0      0  10251   2775  18656  18656      0 
    0    250     59      -    100    100      0      0      0      0  10251   2775  18656  18656      0 
    0    249     56      -    100     98      0      0      0      0  10251   2775  18656  18656      0 
    0    250     56      -    100    100      0      0      0      0  10251   2775  18656  18656      0 
    0    249     56      -    100    100      0      0      0      0  10251   2775  18656  18656      0 
    0    250     56      -    100    100      0      0      0      0  10251   2775  18656  18656      0 
    0    250     56      -    100    100      0      0      0      0  10251   2775  18656  18656      0 
    0    249     56      -    100    100      0      0      0      0  10251   2775  18656  18656      0 
    0    250     56      -    100    100      0      0      0      0  10251   2775  18656  18656      0 
    0    250     56      -    100    100      0      0      0      0  10251   2775  18656  18656      0 
    0    249     56      -    100    100      0      0      0      0  10251   2775  18656  18656      0 
    0    249     56      -     92    100      0      0      0      0  10251   2775  18656  18656      0 
    0    250     56      -     98    100      0      0      0      0  10251   2775  18656  18656      0 
    0    250     56      -     92    100      0      0      0      0  10251   2775  18656  18656      0 
    0    248     56      -     95     72      0      0      0      0  10251   2775  18656  18656      0 
    0    250     57      -    100     84      0      0      0      0  10251   2775  18656  18656      0 
    0    248     56      -    100     98      0      0      0      0  10251   2775  18656  18656      0 
    0    250     58      -    100     98      0      0      0      0  10251   2775  18656  18656      0 
    0    250     56      -    100     97      0      0      0      0  10251   2775  18656  18656      0 
    0    249     56      -    100    100      0      0      0      0  10251   2775  18656  18656      0 
    0    249     55      -    100    100      0      0      0      0  10251   2775  18656  18656      0 
    0    250     56      -    100    100      0      0      0      0  10251   2775  18656  18656      0 
    0    250     56      -    100    100      0      0      0      0  10251   2775  18656  18656      0 
    0    250     56      -    100    100      0      0      0      0  10251   2775  18656  18656      0 
    0    249     56      -    100    100      0      0      0      0  10251   2775  18656  18656      0 
    0    248     56      -     94    100      0      0      0      0  10251   2775  18656  18656      0 
    0    249     56      -     92    100      0      0      0      0  10251   2775  18656  18656      0 
    0    250     56      -     96    100      0      0      0      0  10251   2775  18656  18656      0 
    0    251     57      -     96    100      0      0      0      0  10251   2775  18656  18656      0 
    0    250     56      -    100     77      0      0      0      0  10251   2775  18656  18656      0 
    0    249     59      -    100    100      0      0      0      0  10251   2775  18656  18656      0 
    0    250     56      -    100    100      0      0      0      0  10251   2775  18656  18656      0 
    0    250     57      -    100    100      0      0      0      0  10251   2775  18656  18656      0 
    0    250     56      -    100    100      0      0      0      0  10251   2775  18656  18656      0 
    0    249     56      -    100    100      0      0      0      0  10251   2775  18656  18656      0 
    0    249     56      -    100    100      0      0      0      0  10251   2775  18656  18656      0 
    0    249     55      -    100    100      0      0      0      0  10251   2775  18656  18656      0 
    0    250     56      -    100    100      0      0      0      0  10251   2775  18656  18656      0 
    0    250     56      -    100    100      0      0      0      0  10251   2775  18656  18656      0 
    0    249     56      -    100    100      0      0      0      0  10251   2775  18656  18656      0 
# gpu    pwr  gtemp  mtemp     sm    mem    enc    dec    jpg    ofa   mclk   pclk     fb   bar1   ccpm 
# Idx      W      C      C      %      %      %      %      %      %    MHz    MHz     MB     MB     MB 
    0    250     56      -     93    100      0      0      0      0  10251   2775  18656  18656      0 
    0    251     56      -     97    100      0      0      0      0  10251   2775  18656  18656      0 
    0    251     56      -     95    100      0      0      0      0  10251   2775  18656  18656      0 
    0    251     56      -     95     89      0      0      0      0  10251   2775  18656  18656      0 
    0    249     56      -    100     76      0      0      0      0  10251   2775  18656  18656      0 
    0    249     57      -    100     98      0      0      0      0  10251   2775  18656  18656      0 
    0    249     58      -    100     98      0      0      0      0  10251   2775  18656  18656      0 
    0    250     56      -    100     97      0      0      0      0  10251   2775  18656  18656      0 
    0    250     56      -    100    100      0      0      0      0  10251   2775  18656  18656      0 
    0    249     56      -    100    100      0      0      0      0  10251   2775  18656  18656      0 
    0    249     56      -    100    100      0      0      0      0  10251   2775  18656  18656      0 
    0    249     56      -    100    100      0      0      0      0  10251   2775  18656  18656      0 
    0    249     56      -    100    100      0      0      0      0  10251   2775  18656  18656      0 
    0    250     56      -    100    100      0      0      0      0  10251   2775  18656  18656      0 
    0    249     56      -    100    100      0      0      0      0  10251   2775  18656  18656      0 
    0    250     56      -     93    100      0      0      0      0  10251   2775  18656  18656      0 
    0    251     56      -     95    100      0      0      0      0  10251   2775  18656  18656      0 
    0    249     56      -     92    100      0      0      0      0  10251   2775  18656  18656      0 
    0    249     57      -     95     69      0      0      0      0  10251   2775  18656  18656      0 
    0    250     57      -    100     88      0      0      0      0  10251   2775  18656  18656      0 
    0    249     56      -    100     98      0      0      0      0  10251   2775  18656  18656      0 
    0    249     56      -    100     97      0      0      0      0  10251   2775  18656  18656      0 
    0    249     57      -    100    100      0      0      0      0  10251   2775  18656  18656      0 
    0    249     56      -    100    100      0      0      0      0  10251   2775  18656  18656      0 
    0    249     55      -    100    100      0      0      0      0  10251   2775  18656  18656      0 
    0    249     56      -    100    100      0      0      0      0  10251   2775  18656  18656      0 
    0    250     56      -    100    100      0      0      0      0  10251   2775  18656  18656      0 
    0    248     55      -    100    100      0      0      0      0  10251   2775  18656  18656      0 
    0    250     57      -    100    100      0      0      0      0  10251   2775  18656  18656      0 
    0    249     56      -     93    100      0      0      0      0  10251   2775  18656  18656      0 
    0    249     55      -     95    100      0      0      0      0  10251   2775  18656  18656      0 
    0    249     56      -     90    100      0      0      0      0  10251   2775  18656  18656      0 
    0    249     56      -     96     96      0      0      0      0  10251   2775  18656  18656      0 
    0    250     56      -    100     76      0      0      0      0  10251   2775  18656  18656      0 
    0    250     56      -    100    100      0      0      0      0  10251   2775  18656  18656      0 
    0    250     56      -    100    100      0      0      0      0  10251   2775  18656  18656      0 
    0    250     56      -    100     97      0      0      0      0  10251   2775  18656  18656      0 
    0    251     56      -    100    100      0      0      0      0  10251   2775  18656  18656      0 
    0    251     56      -    100    100      0      0      0      0  10251   2775  18656  18656      0 
    0    250     56      -    100    100      0      0      0      0  10251   2775  18656  18656      0 
    0    250     56      -    100    100      0      0      0      0  10251   2775  18656  18656      0 
    0    249     56      -    100    100      0      0      0      0  10251   2775  18656  18656      0 
    0    250     58      -    100    100      0      0      0      0  10251   2775  18656  18656      0 
    0    251     56      -    100    100      0      0      0      0  10251   2775  18656  18656      0 
# gpu    pwr  gtemp  mtemp     sm    mem    enc    dec    jpg    ofa   mclk   pclk     fb   bar1   ccpm 
# Idx      W      C      C      %      %      %      %      %      %    MHz    MHz     MB     MB     MB 
    0    250     56      -     93    100      0      0      0      0  10251   2775  18656  18656      0 
    0    250     56      -     95    100      0      0      0      0  10251   2775  18656  18656      0 
    0    250     56      -     92    100      0      0      0      0  10251   2775  18656  18656      0 
    0    250     56      -     95     73      0      0      0      0  10251   2775  18656  18656      0 
    0    249     56      -    100     83      0      0      0      0  10251   2775  18656  18656      0 
    0    249     56      -    100     98      0      0      0      0  10251   2775  18656  18656      0 
    0    249     56      -    100     98      0      0      0      0  10251   2775  18656  18656      0 
    0    249     56      -    100     97      0      0      0      0  10251   2775  18656  18656      0 
    0    251     56      -    100    100      0      0      0      0  10251   2775  18656  18656      0 
    0    249     57      -    100    100      0      0      0      0  10251   2775  18656  18656      0 
    0    250     57      -    100    100      0      0      0      0  10251   2775  18656  18656      0 
    0    250     58      -    100    100      0      0      0      0  10251   2775  18656  18656      0 
    0    251     56      -    100    100      0      0      0      0  10251   2775  18656  18656      0 
    0    249     56      -    100    100      0      0      0      0  10251   2775  18656  18656      0 
    0    250     56      -     95    100      0      0      0      0  10251   2775  18656  18656      0 
    0    249     56      -     87     98      0      0      0      0  10251   2775  18656  18656      0 
    0    250     56      -     96    100      0      0      0      0  10251   2775  18656  18656      0 
    0    249     56      -     96    100      0      0      0      0  10251   2775  18656  18656      0 
    0    249     56      -    100     77      0      0      0      0  10251   2775  18656  18656      0 
    0    250     56      -    100    100      0      0      0      0  10251   2775  18656  18656      0 
    0    250     56      -    100    100      0      0      0      0  10251   2775  18656  18656      0 
    0    250     56      -    100    100      0      0      0      0  10251   2775  18656  18656      0 
    0    250     56      -    100    100      0      0      0      0  10251   2775  18656  18656      0 
    0    250     57      -    100    100      0      0      0      0  10251   2775  18656  18656      0 
    0    251     57      -    100    100      0      0      0      0  10251   2775  18656  18656      0 
    0    250     57      -    100    100      0      0      0      0  10251   2775  18656  18656      0 
    0    250     59      -    100    100      0      0      0      0  10251   2775  18656  18656      0 
    0    250     56      -    100    100      0      0      0      0  10251   2775  18656  18656      0 
    0    251     58      -    100    100      0      0      0      0  10251   2775  18656  18656      0 
    0    250     57      -     93    100      0      0      0      0  10251   2775  18656  18656      0 
    0    250     56      -     96    100      0      0      0      0  10251   2775  18656  18656      0 
    0    250     56      -     96    100      0      0      0      0  10251   2775  18656  18656      0 
    0    249     56      -     96     95      0      0      0      0  10251   2775  18656  18656      0 
    0    250     56      -     96    100      0      0      0      0  10251   2775  18656  18656      0 
    0    249     56      -    100     77      0      0      0      0  10251   2775  18656  18656      0 
    0    248     56      -    100    100      0      0      0      0  10251   2775  18656  18656      0 
    0    250     56      -    100    100      0      0      0      0  10251   2775  18656  18656      0 
    0    250     56      -    100     98      0      0      0      0  10251   2775  18656  18656      0 
    0    250     57      -    100    100      0      0      0      0  10251   2775  18656  18656      0 
    0    250     57      -    100    100      0      0      0      0  10251   2775  18656  18656      0 
    0    251     57      -    100    100      0      0      0      0  10251   2775  18656  18656      0 
    0    250     56      -    100    100      0      0      0      0  10251   2775  18656  18656      0 
    0    250     56      -    100    100      0      0      0      0  10251   2775  18656  18656      0 
    0    246     57      -     99    100      0      0      0      0  10251   2775  18656  18656      0 
# gpu    pwr  gtemp  mtemp     sm    mem    enc    dec    jpg    ofa   mclk   pclk     fb   bar1   ccpm 
# Idx      W      C      C      %      %      %      %      %      %    MHz    MHz     MB     MB     MB 
    0    251     56      -    100    100      0      0      0      0  10251   2775  18656  18656      0 
    0    250     56      -     92    100      0      0      0      0  10251   2775  18656  18656      0 
    0    250     56      -     95    100      0      0      0      0  10251   2775  18656  18656      0 
    0    250     56      -     92    100      0      0      0      0  10251   2775  18656  18656      0 
    0    249     56      -     95     69      0      0      0      0  10251   2775  18656  18656      0 
    0    249     56      -    100     89      0      0      0      0  10251   2775  18656  18656      0 
    0    249     57      -    100     97      0      0      0      0  10251   2775  18656  18656      0 
    0    250     56      -    100    100      0      0      0      0  10251   2775  18656  18656      0 
    0    249     57      -    100    100      0      0      0      0  10251   2775  18656  18656      0 
    0    249     57      -    100    100      0      0      0      0  10251   2775  18656  18656      0 
    0    251     56      -    100    100      0      0      0      0  10251   2775  18656  18656      0 
    0    250     58      -    100    100      0      0      0      0  10251   2775  18656  18656      0 
    0    250     56      -    100    100      0      0      0      0  10251   2775  18656  18656      0 
    0    250     56      -    100    100      0      0      0      0  10251   2775  18656  18656      0 
    0    249     57      -     94    100      0      0      0      0  10251   2775  18656  18656      0 
    0    250     57      -     92    100      0      0      0      0  10251   2775  18656  18656      0 
    0    251     57      -     95    100      0      0      0      0  10251   2775  18656  18656      0 
    0    251     57      -     96    100      0      0      0      0  10251   2775  18656  18656      0 
    0    249     56      -    100     76      0      0      0      0  10251   2775  18656  18656      0 
    0    250     56      -    100    100      0      0      0      0  10251   2775  18656  18656      0 
    0    250     57      -    100    100      0      0      0      0  10251   2775  18656  18656      0 
    0    250     56      -    100     98      0      0      0      0  10251   2775  18656  18656      0 
    0    251     57      -    100    100      0      0      0      0  10251   2775  18656  18656      0 
    0    249     56      -    100    100      0      0      0      0  10251   2775  18656  18656      0 
    0    250     56      -    100    100      0      0      0      0  10251   2775  18656  18656      0 
    0    250     56      -    100    100      0      0      0      0  10251   2775  18656  18656      0 
    0    250     56      -    100    100      0      0      0      0  10251   2775  18656  18656      0 
    0    250     56      -    100    100      0      0      0      0  10251   2775  18656  18656      0 
    0    250     56      -     99    100      0      0      0      0  10251   2775  18656  18656      0 
    0    249     57      -     92    100      0      0      0      0  10251   2775  18656  18656      0 
    0    251     57      -     95    100      0      0      0      0  10251   2775  18656  18656      0 
    0    250     57      -     92    100      0      0      0      0  10251   2775  18656  18656      0 
    0    250     60      -     96     70      0      0      0      0  10251   2775  18656  18656      0 
    0    251     56      -    100     84      0      0      0      0  10251   2775  18656  18656      0 
    0    250     56      -    100     98      0      0      0      0  10251   2775  18656  18656      0 
    0    251     57      -    100     98      0      0      0      0  10251   2775  18656  18656      0 
    0    251     56      -    100     97      0      0      0      0  10251   2775  18656  18656      0 
    0    250     56      -    100    100      0      0      0      0  10251   2775  18656  18656      0 
    0    250     56      -    100    100      0      0      0      0  10251   2775  18656  18656      0 
    0    251     56      -    100    100      0      0      0      0  10251   2775  18656  18656      0 
    0    250     56      -    100    100      0      0      0      0  10251   2775  18656  18656      0 
    0    251     56      -    100    100      0      0      0      0  10251   2775  18656  18656      0 
    0    250     57      -    100    100      0      0      0      0  10251   2775  18656  18656      0 
    0    250     57      -     97    100      0      0      0      0  10251   2775  18656  18656      0 
# gpu    pwr  gtemp  mtemp     sm    mem    enc    dec    jpg    ofa   mclk   pclk     fb   bar1   ccpm 
# Idx      W      C      C      %      %      %      %      %      %    MHz    MHz     MB     MB     MB 
    0    250     57      -     93    100      0      0      0      0  10251   2775  18656  18656      0 
    0    251     57      -     95    100      0      0      0      0  10251   2775  18656  18656      0 
    0    250     57      -     92    100      0      0      0      0  10251   2775  18656  18656      0 
    0    251     59      -     98     75      0      0      0      0  10251   2775  18656  18656      0 
    0    251     57      -    100     93      0      0      0      0  10251   2775  18656  18656      0 
    0    251     57      -    100     97      0      0      0      0  10251   2775  18656  18656      0 
    0    252     57      -    100     98      0      0      0      0  10251   2775  18656  18656      0 
    0    250     56      -    100    100      0      0      0      0  10251   2775  18656  18656      0 
    0    250     56      -    100    100      0      0      0      0  10251   2775  18656  18656      0 
    0    251     56      -    100    100      0      0      0      0  10251   2775  18656  18656      0 
    0    251     56      -    100    100      0      0      0      0  10251   2775  18656  18656      0 
    0    251     57      -    100    100      0      0      0      0  10251   2775  18656  18656      0 
    0    251     56      -    100    100      0      0      0      0  10251   2775  18656  18656      0 
    0    251     56      -    100    100      0      0      0      0  10251   2775  18656  18656      0 
    0    251     57      -     94    100      0      0      0      0  10251   2775  18656  18656      0 
    0    251     57      -     90    100      0      0      0      0  10251   2775  18656  18656      0 
    0    251     57      -     96    100      0      0      0      0  10251   2775  18656  18656      0 
    0    250     57      -     96    100      0      0      0      0  10251   2775  18656  18656      0 
    0    251     56      -    100     76      0      0      0      0  10251   2775  18656  18656      0 
    0    250     57      -    100    100      0      0      0      0  10251   2775  18656  18656      0 
    0    251     56      -    100     98      0      0      0      0  10251   2775  18656  18656      0 
    0    250     57      -    100     97      0      0      0      0  10251   2775  18656  18656      0 
    0    251     56      -    100    100      0      0      0      0  10251   2775  18656  18656      0 
    0    251     57      -    100    100      0      0      0      0  10251   2775  18656  18656      0 
    0    251     56      -    100    100      0      0      0      0  10251   2775  18656  18656      0 
    0    250     56      -    100    100      0      0      0      0  10251   2775  18656  18656      0 
    0    251     56      -    100    100      0      0      0      0  10251   2775  18656  18656      0 
    0    250     57      -    100    100      0      0      0      0  10251   2775  18656  18656      0 
    0    251     56      -    100    100      0      0      0      0  10251   2775  18656  18656      0 
    0    249     57      -     82     90      0      0      0      0  10251   2775  18656  18656      0 
    0    250     57      -     93    100      0      0      0      0  10251   2775  18656  18656      0 
    0    249     57      -     89    100      0      0      0      0  10251   2775  18656  18656      0 
    0    250     60      -     94     69      0      0      0      0  10251   2775  18656  18656      0 
    0    250     57      -    100     97      0      0      0      0  10251   2775  18656  18656      0 
    0    251     56      -    100     97      0      0      0      0  10251   2775  18656  18656      0 
    0    250     57      -    100    100      0      0      0      0  10251   2775  18656  18656      0 
    0    250     57      -    100    100      0      0      0      0  10251   2775  18656  18656      0 
    0    250     57      -    100    100      0      0      0      0  10251   2775  18656  18656      0 
    0    252     57      -    100    100      0      0      0      0  10251   2775  18656  18656      0 
    0    252     57      -    100    100      0      0      0      0  10251   2775  18656  18656      0 
    0    251     57      -    100    100      0      0      0      0  10251   2775  18656  18656      0 
    0    252     57      -    100    100      0      0      0      0  10251   2775  18656  18656      0 
    0    251     57      -    100    100      0      0      0      0  10251   2775  18656  18656      0 
    0    251     57      -     92    100      0      0      0      0  10251   2775  18656  18656      0 
# gpu    pwr  gtemp  mtemp     sm    mem    enc    dec    jpg    ofa   mclk   pclk     fb   bar1   ccpm 
# Idx      W      C      C      %      %      %      %      %      %    MHz    MHz     MB     MB     MB 
    0    251     56      -     96    100      0      0      0      0  10251   2775  18656  18656      0 
    0    251     56      -     95    100      0      0      0      0  10251   2775  18656  18656      0 
    0    250     56      -     96     97      0      0      0      0  10251   2775  18656  18656      0 
    0    250     57      -    100     76      0      0      0      0  10251   2775  18656  18656      0 
    0    251     56      -    100     98      0      0      0      0  10251   2775  18656  18656      0 
    0    251     56      -    100     98      0      0      0      0  10251   2775  18656  18656      0 
    0    251     57      -    100     97      0      0      0      0  10251   2775  18656  18656      0 
    0    252     57      -    100    100      0      0      0      0  10251   2775  18656  18656      0 
    0    251     57      -    100    100      0      0      0      0  10251   2775  18656  18656      0 
    0    250     57      -    100    100      0      0      0      0  10251   2775  18656  18656      0 
    0    252     57      -    100    100      0      0      0      0  10251   2775  18656  18656      0 
    0    251     56      -    100    100      0      0      0      0  10251   2775  18656  18656      0 
    0    251     56      -    100    100      0      0      0      0  10251   2775  18656  18656      0 
    0    251     57      -    100    100      0      0      0      0  10251   2775  18656  18656      0 
    0    251     56      -     93    100      0      0      0      0  10251   2775  18656  18656      0 
    0    251     56      -     95    100      0      0      0      0  10251   2775  18656  18656      0 
    0    251     56      -     93    100      0      0      0      0  10251   2775  18656  18656      0 
    0    251     56      -     96     69      0      0      0      0  10251   2775  18656  18656      0 
    0    250     56      -    100     86      0      0      0      0  10251   2775  18656  18656      0 
    0    250     57      -    100     98      0      0      0      0  10251   2775  18656  18656      0 
    0    250     57      -    100    100      0      0      0      0  10251   2775  18656  18656      0 
    0    251     56      -    100    100      0      0      0      0  10251   2775  18656  18656      0 
    0    251     57      -    100    100      0      0      0      0  10251   2775  18656  18656      0 
    0    251     57      -    100    100      0      0      0      0  10251   2775  18656  18656      0 
    0    250     58      -    100    100      0      0      0      0  10251   2775  18656  18656      0 
    0    251     58      -    100    100      0      0      0      0  10251   2775  18656  18656      0 
    0    251     57      -    100    100      0      0      0      0  10251   2775  18656  18656      0 
    0    251     57      -    100    100      0      0      0      0  10251   2775  18656  18656      0 
    0    250     57      -     95    100      0      0      0      0  10251   2775  18656  18656      0 
    0    251     57      -     92    100      0      0      0      0  10251   2775  18656  18656      0 
    0    251     56      -     96    100      0      0      0      0  10251   2775  18656  18656      0 
    0    249     57      -     96    100      0      0      0      0  10251   2775  18656  18656      0 
    0    251     56      -    100     76      0      0      0      0  10251   2775  18656  18656      0 
    0    251     56      -    100    100      0      0      0      0  10251   2775  18656  18656      0 
    0    251     56      -    100    100      0      0      0      0  10251   2775  18656  18656      0 
    0    250     57      -    100    100      0      0      0      0  10251   2775  18656  18656      0 
    0    251     57      -    100    100      0      0      0      0  10251   2775  18656  18656      0 
    0    251     57      -     99    100      0      0      0      0  10251   2775  18656  18656      0 
    0    252     57      -    100    100      0      0      0      0  10251   2775  18656  18656      0 
    0    252     57      -    100    100      0      0      0      0  10251   2775  18656  18656      0 
    0    250     58      -    100    100      0      0      0      0  10251   2775  18656  18656      0 
    0    251     58      -    100    100      0      0      0      0  10251   2775  18656  18656      0 
    0    251     58      -    100    100      0      0      0      0  10251   2775  18656  18656      0 
    0    251     56      -     92    100      0      0      0      0  10251   2775  18656  18656      0 
# gpu    pwr  gtemp  mtemp     sm    mem    enc    dec    jpg    ofa   mclk   pclk     fb   bar1   ccpm 
# Idx      W      C      C      %      %      %      %      %      %    MHz    MHz     MB     MB     MB 
    0    250     57      -     96    100      0      0      0      0  10251   2775  18656  18656      0 
    0    251     56      -     91    100      0      0      0      0  10251   2775  18656  18656      0 
    0    250     57      -     96     74      0      0      0      0  10251   2775  18656  18656      0 
    0    251     56      -    100     83      0      0      0      0  10251   2775  18656  18656      0 
    0    251     56      -    100    100      0      0      0      0  10251   2775  18656  18656      0 
    0    251     56      -    100     98      0      0      0      0  10251   2775  18656  18656      0 
    0    251     57      -    100     97      0      0      0      0  10251   2775  18656  18656      0 
    0    252     57      -    100    100      0      0      0      0  10251   2775  18656  18656      0 
    0    251     57      -    100    100      0      0      0      0  10251   2775  18656  18656      0 
    0    250     57      -    100    100      0      0      0      0  10251   2775  18656  18656      0 
    0    251     58      -    100    100      0      0      0      0  10251   2775  18656  18656      0 
    0    251     56      -    100    100      0      0      0      0  10251   2775  18656  18656      0 
    0    251     56      -    100    100      0      0      0      0  10251   2775  18656  18656      0 
    0    251     56      -     99    100      0      0      0      0  10251   2775  18656  18656      0 
    0    251     57      -     93    100      0      0      0      0  10251   2775  18656  18656      0 
    0    251     57      -     93    100      0      0      0      0  10251   2775  18656  18656      0 
    0    251     57      -     95     71      0      0      0      0  10251   2775  18656  18656      0 
    0    251     58      -    100     90      0      0      0      0  10251   2775  18656  18656      0 
    0    251     56      -    100     98      0      0      0      0  10251   2775  18656  18656      0 
    0    252     57      -    100    100      0      0      0      0  10251   2775  18656  18656      0 
    0    251     56      -    100    100      0      0      0      0  10251   2775  18656  18656      0 
    0    251     57      -    100    100      0      0      0      0  10251   2775  18656  18656      0 
    0    251     56      -    100    100      0      0      0      0  10251   2775  18656  18656      0 
    0    251     56      -    100    100      0      0      0      0  10251   2775  18656  18656      0 
    0    250     56      -    100    100      0      0      0      0  10251   2775  18656  18656      0 
    0    251     56      -    100    100      0      0      0      0  10251   2775  18656  18656      0 
    0    251     56      -    100    100      0      0      0      0  10251   2775  18656  18656      0 
    0    251     57      -     93    100      0      0      0      0  10251   2775  18656  18656      0 
    0    252     57      -     95    100      0      0      0      0  10251   2775  18656  18656      0 
    0    252     57      -     95    100      0      0      0      0  10251   2775  18656  18656      0 
    0    252     57      -     95     97      0      0      0      0  10251   2775  18656  18656      0 
    0    252     57      -    100     75      0      0      0      0  10251   2775  18656  18656      0 
    0    251     59      -    100    100      0      0      0      0  10251   2775  18656  18656      0 
    0    251     57      -    100    100      0      0      0      0  10251   2775  18656  18656      0 
    0    250     56      -    100     97      0      0      0      0  10251   2775  18656  18656      0 
    0    251     56      -    100    100      0      0      0      0  10251   2775  18656  18656      0 
    0    251     56      -    100    100      0      0      0      0  10251   2775  18656  18656      0 
    0    250     56      -     99    100      0      0      0      0  10251   2775  18656  18656      0 
    0    251     57      -    100    100      0      0      0      0  10251   2775  18656  18656      0 
    0    251     56      -    100    100      0      0      0      0  10251   2775  18656  18656      0 
    0    251     56      -    100    100      0      0      0      0  10251   2775  18656  18656      0 
    0    251     56      -     99    100      0      0      0      0  10251   2775  18656  18656      0 
    0    251     57      -     92    100      0      0      0      0  10251   2775  18656  18656      0 
    0    252     57      -     95    100      0      0      0      0  10251   2775  18656  18656      0 
# gpu    pwr  gtemp  mtemp     sm    mem    enc    dec    jpg    ofa   mclk   pclk     fb   bar1   ccpm 
# Idx      W      C      C      %      %      %      %      %      %    MHz    MHz     MB     MB     MB 
    0    252     57      -     92    100      0      0      0      0  10251   2775  18656  18656      0 
    0    252     57      -     95     69      0      0      0      0  10251   2775  18656  18656      0 
    0    252     58      -    100     91      0      0      0      0  10251   2775  18656  18656      0 
    0    252     56      -    100     97      0      0      0      0  10251   2775  18656  18656      0 
    0    252     57      -    100    100      0      0      0      0  10251   2775  18656  18656      0 
    0    252     58      -    100    100      0      0      0      0  10251   2775  18656  18656      0 
    0    251     57      -    100    100      0      0      0      0  10251   2775  18656  18656      0 
    0    252     56      -     99    100      0      0      0      0  10251   2775  18656  18656      0 
    0    252     56      -    100    100      0      0      0      0  10251   2775  18656  18656      0 
    0    252     57      -    100    100      0      0      0      0  10251   2775  18656  18656      0 
    0    252     57      -    100    100      0      0      0      0  10251   2775  18656  18656      0 
    0    252     56      -    100    100      0      0      0      0  10251   2775  18656  18656      0 
    0    251     56      -     94    100      0      0      0      0  10251   2775  18656  18656      0 
    0    251     57      -     90    100      0      0      0      0  10251   2775  18656  18656      0 
    0    251     57      -     96    100      0      0      0      0  10251   2775  18656  18656      0 
    0    253     58      -     95    100      0      0      0      0  10251   2775  18656  18656      0 
    0    252     57      -    100     76      0      0      0      0  10251   2775  18656  18656      0 
    0    251     59      -    100    100      0      0      0      0  10251   2775  18656  18656      0 
    0    252     57      -    100     98      0      0      0      0  10251   2775  18656  18656      0 
    0    251     57      -    100     98      0      0      0      0  10251   2775  18656  18656      0 
    0    251     56      -    100    100      0      0      0      0  10251   2775  18656  18656      0 
    0    251     56      -     99    100      0      0      0      0  10251   2775  18656  18656      0 
    0    251     56      -    100    100      0      0      0      0  10251   2775  18656  18656      0 
    0    251     56      -    100    100      0      0      0      0  10251   2775  18656  18656      0 
    0    251     56      -    100    100      0      0      0      0  10251   2775  18656  18656      0 
    0    251     57      -    100    100      0      0      0      0  10251   2775  18656  18656      0 
    0    251     56      -    100    100      0      0      0      0  10251   2775  18656  18656      0 
    0    250     57      -     93    100      0      0      0      0  10251   2775  18656  18656      0 
    0    251     57      -     93    100      0      0      0      0  10251   2775  18656  18656      0 
    0    251     57      -     92    100      0      0      0      0  10251   2775  18656  18656      0 
    0    250     57      -     96     70      0      0      0      0  10251   2775  18656  18656      0 
    0    252     57      -    100     84      0      0      0      0  10251   2775  18656  18656      0 
    0    251     56      -    100     98      0      0      0      0  10251   2775  18656  18656      0 
    0    250     57      -    100     97      0      0      0      0  10251   2775  18656  18656      0 
    0    251     57      -    100     98      0      0      0      0  10251   2775  18656  18656      0 
    0    251     57      -    100    100      0      0      0      0  10251   2775  18656  18656      0 
    0    251     56      -    100    100      0      0      0      0  10251   2775  18656  18656      0 
    0    251     56      -    100    100      0      0      0      0  10251   2775  18656  18656      0 
    0    251     56      -    100    100      0      0      0      0  10251   2775  18656  18656      0 
    0    251     56      -    100    100      0      0      0      0  10251   2775  18656  18656      0 
    0    251     57      -     99    100      0      0      0      0  10251   2775  18656  18656      0 
    0    251     56      -     95    100      0      0      0      0  10251   2775  18656  18656      0 
    0    251     58      -     93    100      0      0      0      0  10251   2775  18656  18656      0 
    0    251     56      -     96    100      0      0      0      0  10251   2775  18656  18656      0 
# gpu    pwr  gtemp  mtemp     sm    mem    enc    dec    jpg    ofa   mclk   pclk     fb   bar1   ccpm 
# Idx      W      C      C      %      %      %      %      %      %    MHz    MHz     MB     MB     MB 
    0    250     57      -     95    100      0      0      0      0  10251   2775  18656  18656      0 
    0    251     56      -    100     76      0      0      0      0  10251   2775  18656  18656      0 
    0    251     56      -    100    100      0      0      0      0  10251   2775  18656  18656      0 
    0    250     56      -    100    100      0      0      0      0  10251   2775  18656  18656      0 
    0    251     57      -    100     98      0      0      0      0  10251   2775  18656  18656      0 
    0    252     57      -    100    100      0      0      0      0  10251   2775  18656  18656      0 
    0    252     57      -    100    100      0      0      0      0  10251   2775  18656  18656      0 
    0    252     57      -    100    100      0      0      0      0  10251   2775  18656  18656      0 
    0    251     56      -    100    100      0      0      0      0  10251   2775  18656  18656      0 
    0    251     59      -    100    100      0      0      0      0  10251   2775  18656  18656      0 
    0    251     57      -    100    100      0      0      0      0  10251   2775  18656  18656      0 
    0    250     56      -    100    100      0      0      0      0  10251   2775  18656  18656      0 
    0    251     56      -     93    100      0      0      0      0  10251   2775  18656  18656      0 
    0    250     56      -     93    100      0      0      0      0  10251   2775  18656  18656      0 
    0    251     56      -     96    100      0      0      0      0  10251   2775  18656  18656      0 
    0    251     57      -     96    100      0      0      0      0  10251   2775  18656  18656      0 
    0    251     56      -     96    100      0      0      0      0  10251   2775  18656  18656      0 
    0    251     56      -    100     76      0      0      0      0  10251   2775  18656  18656      0 
    0    251     56      -    100    100      0      0      0      0  10251   2775  18656  18656      0 
    0    251     57      -    100    100      0      0      0      0  10251   2775  18656  18656      0 
    0    251     57      -    100     98      0      0      0      0  10251   2775  18656  18656      0 
    0    252     57      -    100    100      0      0      0      0  10251   2775  18656  18656      0 
    0    252     57      -    100    100      0      0      0      0  10251   2775  18656  18656      0 
    0    251     58      -    100    100      0      0      0      0  10251   2775  18656  18656      0 
    0    251     56      -    100    100      0      0      0      0  10251   2775  18656  18656      0 
    0    250     56      -    100    100      0      0      0      0  10251   2775  18656  18656      0 
    0    251     58      -     99    100      0      0      0      0  10251   2775  18656  18656      0 
    0    250     58      -    100    100      0      0      0      0  10251   2775  18656  18656      0 
    0    250     56      -     92    100      0      0      0      0  10251   2775  18656  18656      0 
    0    251     56      -     95    100      0      0      0      0  10251   2775  18656  18656      0 
    0    251     57      -     92    100      0      0      0      0  10251   2775  18656  18656      0 
    0    250     56      -     94     67      0      0      0      0  10251   2775  18656  18656      0 
    0    250     56      -    100     84      0      0      0      0  10251   2775  18656  18656      0 
    0    250     57      -    100     98      0      0      0      0  10251   2775  18656  18656      0 
    0    250     56      -    100     97      0      0      0      0  10251   2775  18656  18656      0 
    0    250     57      -    100    100      0      0      0      0  10251   2775  18656  18656      0 
    0    251     57      -    100    100      0      0      0      0  10251   2775  18656  18656      0 
    0    251     57      -    100    100      0      0      0      0  10251   2775  18656  18656      0 
    0    250     59      -    100    100      0      0      0      0  10251   2775  18656  18656      0 
    0    251     57      -    100    100      0      0      0      0  10251   2775  18656  18656      0 
    0    250     56      -    100    100      0      0      0      0  10251   2775  18656  18656      0 
    0    251     56      -    100    100      0      0      0      0  10251   2775  18656  18656      0 
    0    250     56      -     93    100      0      0      0      0  10251   2775  18656  18656      0 
    0    251     56      -     93    100      0      0      0      0  10251   2775  18656  18656      0 
# gpu    pwr  gtemp  mtemp     sm    mem    enc    dec    jpg    ofa   mclk   pclk     fb   bar1   ccpm 
# Idx      W      C      C      %      %      %      %      %      %    MHz    MHz     MB     MB     MB 
    0    250     56      -     93    100      0      0      0      0  10251   2775  18656  18656      0 
    0    250     57      -     95    100      0      0      0      0  10251   2775  18656  18656      0 
    0    251     56      -    100     76      0      0      0      0  10251   2775  18656  18656      0 
    0    250     56      -    100    100      0      0      0      0  10251   2775  18656  18656      0 
    0    250     56      -    100    100      0      0      0      0  10251   2775  18656  18656      0 
    0    251     57      -    100    100      0      0      0      0  10251   2775  18656  18656      0 
    0    251     57      -    100    100      0      0      0      0  10251   2775  18656  18656      0 
    0    251     57      -    100    100      0      0      0      0  10251   2775  18656  18656      0 
    0    251     57      -     99    100      0      0      0      0  10251   2775  18656  18656      0 
    0    250     56      -    100    100      0      0      0      0  10251   2775  18656  18656      0 
    0    251     56      -    100    100      0      0      0      0  10251   2775  18656  18656      0 
    0    251     57      -    100    100      0      0      0      0  10251   2775  18656  18656      0 
    0    251     57      -    100    100      0      0      0      0  10251   2775  18656  18656      0 
    0    251     56      -     93    100      0      0      0      0  10251   2775  18656  18656      0 
    0    250     56      -     97    100      0      0      0      0  10251   2775  18656  18656      0 
    0    250     56      -     94    100      0      0      0      0  10251   2775  18656  18656      0 
    0    251     56      -     96     85      0      0      0      0  10251   2775  18656  18656      0 
    0    250     56      -    100     76      0      0      0      0  10251   2775  18656  18656      0 
    0    251     56      -    100    100      0      0      0      0  10251   2775  18656  18656      0 
    0    251     56      -    100     98      0      0      0      0  10251   2775  18656  18656      0 
    0    251     57      -    100    100      0      0      0      0  10251   2775  18656  18656      0 
    0    251     57      -    100    100      0      0      0      0  10251   2775  18656  18656      0 
    0    251     58      -    100    100      0      0      0      0  10251   2775  18656  18656      0 
    0    250     57      -    100    100      0      0      0      0  10251   2775  18656  18656      0 
    0    251     56      -    100    100      0      0      0      0  10251   2775  18656  18656      0 
    0    251     56      -    100    100      0      0      0      0  10251   2775  18656  18656      0 
    0    251     57      -    100    100      0      0      0      0  10251   2775  18656  18656      0 
    0    251     57      -     92    100      0      0      0      0  10251   2775  18656  18656      0 
    0    251     57      -     95    100      0      0      0      0  10251   2775  18656  18656      0 
    0    251     57      -     92    100      0      0      0      0  10251   2775  18656  18656      0 
    0    250     59      -     96     69      0      0      0      0  10251   2775  18656  18656      0 
    0    252     56      -    100     87      0      0      0      0  10251   2775  18656  18656      0 
    0    251     56      -    100     98      0      0      0      0  10251   2775  18656  18656      0 
    0    252     57      -    100    100      0      0      0      0  10251   2775  18656  18656      0 
    0    251     56      -    100    100      0      0      0      0  10251   2775  18656  18656      0 
    0    251     56      -    100    100      0      0      0      0  10251   2775  18656  18656      0 
    0    250     56      -    100    100      0      0      0      0  10251   2775  18656  18656      0 
    0    251     56      -    100    100      0      0      0      0  10251   2775  18656  18656      0 
    0    250     56      -    100    100      0      0      0      0  10251   2775  18656  18656      0 
    0    251     56      -    100    100      0      0      0      0  10251   2775  18656  18656      0 
    0    250     57      -    100    100      0      0      0      0  10251   2775  18656  18656      0 
    0    250     56      -     95    100      0      0      0      0  10251   2775  18656  18656      0 
    0    250     57      -     86     96      0      0      0      0  10251   2775  18656  18656      0 
    0    251     57      -     96    100      0      0      0      0  10251   2775  18656  18656      0 
# gpu    pwr  gtemp  mtemp     sm    mem    enc    dec    jpg    ofa   mclk   pclk     fb   bar1   ccpm 
# Idx      W      C      C      %      %      %      %      %      %    MHz    MHz     MB     MB     MB 
    0    252     57      -     96    100      0      0      0      0  10251   2775  18656  18656      0 
    0    251     58      -    100     77      0      0      0      0  10251   2775  18656  18656      0 
    0    251     57      -    100    100      0      0      0      0  10251   2775  18656  18656      0 
    0    251     56      -    100    100      0      0      0      0  10251   2775  18656  18656      0 
    0    250     56      -    100    100      0      0      0      0  10251   2775  18656  18656      0 
    0    251     56      -    100    100      0      0      0      0  10251   2775  18656  18656      0 
    0    251     56      -     99    100      0      0      0      0  10251   2775  18656  18656      0 
    0    250     57      -    100    100      0      0      0      0  10251   2775  18656  18656      0 
    0    251     56      -    100    100      0      0      0      0  10251   2775  18656  18656      0 
    0    251     56      -    100    100      0      0      0      0  10251   2775  18656  18656      0 
    0    251     56      -    100    100      0      0      0      0  10251   2775  18656  18656      0 
    0    250     56      -     99    100      0      0      0      0  10251   2775  18656  18656      0 
    0    250     57      -     93    100      0      0      0      0  10251   2775  18656  18656      0 
    0    251     56      -     97    100      0      0      0      0  10251   2775  18656  18656      0 
    0    251     57      -     96    100      0      0      0      0  10251   2775  18656  18656      0 
    0    252     56      -     96     90      0      0      0      0  10251   2775  18656  18656      0 
    0    252     57      -    100     76      0      0      0      0  10251   2775  18656  18656      0 
    0    250     57      -    100     98      0      0      0      0  10251   2775  18656  18656      0 
    0    250     58      -    100     98      0      0      0      0  10251   2775  18656  18656      0 
    0    251     57      -    100     97      0      0      0      0  10251   2775  18656  18656      0 
    0    250     56      -    100    100      0      0      0      0  10251   2775  18656  18656      0 
    0    250     57      -    100    100      0      0      0      0  10251   2775  18656  18656      0 
    0    251     57      -    100    100      0      0      0      0  10251   2775  18656  18656      0 
    0    251     56      -    100    100      0      0      0      0  10251   2775  18656  18656      0 
    0    251     56      -    100    100      0      0      0      0  10251   2775  18656  18656      0 
    0    250     56      -    100    100      0      0      0      0  10251   2775  18656  18656      0 
    0    250     57      -     96    100      0      0      0      0  10251   2775  18656  18656      0 
    0    251     56      -     93    100      0      0      0      0  10251   2775  18656  18656      0 
    0    252     57      -     95    100      0      0      0      0  10251   2775  18656  18656      0 
    0    251     57      -     92    100      0      0      0      0  10251   2775  18656  18656      0 
    0    251     58      -    100     77      0      0      0      0  10251   2775  18656  18656      0 
    0    251     58      -    100     96      0      0      0      0  10251   2775  18656  18656      0 
    0    250     56      -    100     98      0      0      0      0  10251   2775  18656  18656      0 
    0    251     57      -    100     97      0      0      0      0  10251   2775  18656  18656      0 
    0    251     56      -    100    100      0      0      0      0  10251   2775  18656  18656      0 
    0    251     57      -    100    100      0      0      0      0  10251   2775  18656  18656      0 
    0    251     56      -    100    100      0      0      0      0  10251   2775  18656  18656      0 
    0    251     56      -    100    100      0      0      0      0  10251   2775  18656  18656      0 
    0    251     57      -    100    100      0      0      0      0  10251   2775  18656  18656      0 
    0    252     56      -    100    100      0      0      0      0  10251   2775  18656  18656      0 
    0    251     56      -    100    100      0      0      0      0  10251   2775  18656  18656      0 
    0    251     57      -     93    100      0      0      0      0  10251   2775  18656  18656      0 
    0    252     56      -     95    100      0      0      0      0  10251   2775  18656  18656      0 
    0    251     57      -     95    100      0      0      0      0  10251   2775  18656  18656      0 
# gpu    pwr  gtemp  mtemp     sm    mem    enc    dec    jpg    ofa   mclk   pclk     fb   bar1   ccpm 
# Idx      W      C      C      %      %      %      %      %      %    MHz    MHz     MB     MB     MB 
    0    252     57      -     96     94      0      0      0      0  10251   2775  18656  18656      0 
    0    252     57      -    100     76      0      0      0      0  10251   2775  18656  18656      0 
    0    252     59      -    100    100      0      0      0      0  10251   2775  18656  18656      0 
    0    251     57      -    100     98      0      0      0      0  10251   2775  18656  18656      0 
    0    252     56      -    100     99      0      0      0      0  10251   2775  18656  18656      0 
    0    252     57      -    100    100      0      0      0      0  10251   2775  18656  18656      0 
    0    251     57      -    100    100      0      0      0      0  10251   2775  18656  18656      0 
    0    251     57      -    100    100      0      0      0      0  10251   2775  18656  18656      0 
    0    252     57      -    100    100      0      0      0      0  10251   2775  18656  18656      0 
    0    252     56      -    100    100      0      0      0      0  10251   2775  18656  18656      0 
    0    252     57      -    100    100      0      0      0      0  10251   2775  18656  18656      0 
    0    251     57      -    100    100      0      0      0      0  10251   2775  18656  18656      0 
    0    251     56      -     93    100      0      0      0      0  10251   2775  18656  18656      0 
    0    251     56      -     94    100      0      0      0      0  10251   2775  18656  18656      0 
    0    251     57      -     90    100      0      0      0      0  10251   2775  18656  18656      0 
    0    251     56      -     95     69      0      0      0      0  10251   2775  18656  18656      0 
    0    251     56      -    100     88      0      0      0      0  10251   2775  18656  18656      0 
    0    251     56      -    100     98      0      0      0      0  10251   2775  18656  18656      0 
    0    251     56      -    100     98      0      0      0      0  10251   2775  18656  18656      0 
    0    251     57      -    100    100      0      0      0      0  10251   2775  18656  18656      0 
    0    251     57      -    100    100      0      0      0      0  10251   2775  18656  18656      0 
    0    253     57      -    100    100      0      0      0      0  10251   2775  18656  18656      0 
    0    251     57      -    100    100      0      0      0      0  10251   2775  18656  18656      0 
    0    252     60      -    100    100      0      0      0      0  10251   2775  18656  18656      0 
    0    252     57      -    100    100      0      0      0      0  10251   2775  18656  18656      0 
    0    252     57      -    100    100      0      0      0      0  10251   2775  18656  18656      0 
    0    251     57      -     94    100      0      0      0      0  10251   2775  18656  18656      0 
    0    251     57      -     92    100      0      0      0      0  10251   2775  18656  18656      0 
    0    251     56      -     96    100      0      0      0      0  10251   2775  18656  18656      0 
    0    251     57      -     96    100      0      0      0      0  10251   2775  18656  18656      0 
    0    251     57      -    100     76      0      0      0      0  10251   2775  18656  18656      0 
    0    251     56      -    100    100      0      0      0      0  10251   2775  18656  18656      0 
    0    251     56      -    100    100      0      0      0      0  10251   2775  18656  18656      0 
    0    251     57      -    100    100      0      0      0      0  10251   2775  18656  18656      0 
    0    251     57      -    100    100      0      0      0      0  10251   2775  18656  18656      0 
    0    251     57      -    100    100      0      0      0      0  10251   2775  18656  18656      0 
    0    253     57      -    100    100      0      0      0      0  10251   2775  18656  18656      0 
    0    251     57      -    100    100      0      0      0      0  10251   2775  18656  18656      0 
    0    252     59      -    100    100      0      0      0      0  10251   2775  18656  18656      0 
    0    253     57      -    100    100      0      0      0      0  10251   2775  18656  18656      0 
    0    252     58      -     99    100      0      0      0      0  10251   2775  18656  18656      0 
    0    251     56      -     90     99      0      0      0      0  10251   2775  18656  18656      0 
    0    251     56      -     97    100      0      0      0      0  10251   2775  18656  18656      0 
    0    251     56      -     94    100      0      0      0      0  10251   2775  18656  18656      0 
# gpu    pwr  gtemp  mtemp     sm    mem    enc    dec    jpg    ofa   mclk   pclk     fb   bar1   ccpm 
# Idx      W      C      C      %      %      %      %      %      %    MHz    MHz     MB     MB     MB 
    0    251     56      -     95     82      0      0      0      0  10251   2775  18656  18656      0 
    0    251     57      -    100     76      0      0      0      0  10251   2775  18656  18656      0 
    0    251     56      -    100    100      0      0      0      0  10251   2775  18656  18656      0 
    0    251     57      -    100     98      0      0      0      0  10251   2775  18656  18656      0 
    0    251     57      -    100    100      0      0      0      0  10251   2775  18656  18656      0 
    0    252     57      -    100    100      0      0      0      0  10251   2775  18656  18656      0 
    0    250     57      -    100    100      0      0      0      0  10251   2775  18656  18656      0 
    0    250     58      -    100    100      0      0      0      0  10251   2775  18656  18656      0 
    0    252     58      -    100    100      0      0      0      0  10251   2775  18656  18656      0 
    0    251     57      -    100    100      0      0      0      0  10251   2775  18656  18656      0 
    0    251     57      -    100    100      0      0      0      0  10251   2775  18656  18656      0 
    0    251     58      -     96    100      0      0      0      0  10251   2775  18656  18656      0 
    0    251     57      -     91    100      0      0      0      0  10251   2775  18656  18656      0 
    0    252     57      -     96    100      0      0      0      0  10251   2775  18656  18656      0 
    0    251     57      -     95    100      0      0      0      0  10251   2775  18656  18656      0 
    0    251     57      -    100     77      0      0      0      0  10251   2775  18656  18656      0 
    0    252     56      -    100    100      0      0      0      0  10251   2775  18656  18656      0 
    0    251     56      -    100     98      0      0      0      0  10251   2775  18656  18656      0 
    0    251     57      -    100    100      0      0      0      0  10251   2775  18656  18656      0 
    0    252     57      -    100    100      0      0      0      0  10251   2775  18656  18656      0 
    0    252     57      -    100    100      0      0      0      0  10251   2775  18656  18656      0 
    0    254     57      -    100    100      0      0      0      0  10251   2775  18656  18656      0 
    0    252     57      -    100    100      0      0      0      0  10251   2775  18656  18656      0 
    0    252     59      -    100    100      0      0      0      0  10251   2775  18656  18656      0 
    0    252     57      -    100    100      0      0      0      0  10251   2775  18656  18656      0 
    0    251     57      -    100    100      0      0      0      0  10251   2775  18656  18656      0 
    0    252     56      -     93    100      0      0      0      0  10251   2775  18656  18656      0 
    0    252     57      -     97    100      0      0      0      0  10251   2775  18656  18656      0 
    0    251     56      -     94    100      0      0      0      0  10251   2775  18656  18656      0 
    0    252     57      -     96     82      0      0      0      0  10251   2775  18656  18656      0 
    0    250     57      -    100     98      0      0      0      0  10251   2775  18656  18656      0 
    0    251     57      -    100     97      0      0      0      0  10251   2775  18656  18656      0 
    0    252     57      -    100    100      0      0      0      0  10251   2775  18656  18656      0 
    0    251     57      -    100    100      0      0      0      0  10251   2775  18656  18656      0 
    0    251     57      -    100    100      0      0      0      0  10251   2775  18656  18656      0 
    0    251     57      -    100    100      0      0      0      0  10251   2775  18656  18656      0 
    0    251     56      -    100    100      0      0      0      0  10251   2775  18656  18656      0 
    0    252     56      -    100    100      0      0      0      0  10251   2775  18656  18656      0 
    0    252     57      -    100    100      0      0      0      0  10251   2775  18656  18656      0 
    0    252     57      -     96    100      0      0      0      0  10251   2775  18656  18656      0 
    0    252     57      -     93    100      0      0      0      0  10251   2775  18656  18656      0 
    0    253     57      -     95    100      0      0      0      0  10251   2775  18656  18656      0 
    0    252     57      -     91    100      0      0      0      0  10251   2775  18656  18656      0 
    0    251     58      -    100     77      0      0      0      0  10251   2775  18656  18656      0 
# gpu    pwr  gtemp  mtemp     sm    mem    enc    dec    jpg    ofa   mclk   pclk     fb   bar1   ccpm 
# Idx      W      C      C      %      %      %      %      %      %    MHz    MHz     MB     MB     MB 
    0    252     59      -    100     99      0      0      0      0  10251   2775  18656  18656      0 
    0    251     57      -    100     99      0      0      0      0  10251   2775  18656  18656      0 
    0    248     57      -    100     97      0      0      0      0  10251   2775  18656  18656      0 
    0    251     58      -    100    100      0      0      0      0  10251   2775  18656  18656      0 
    0    251     56      -    100    100      0      0      0      0  10251   2775  18656  18656      0 
    0    251     56      -    100    100      0      0      0      0  10251   2775  18656  18656      0 
    0    250     56      -    100    100      0      0      0      0  10251   2775  18656  18656      0 
    0    251     57      -    100    100      0      0      0      0  10251   2775  18656  18656      0 
    0    252     56      -    100    100      0      0      0      0  10251   2775  18656  18656      0 
    0    252     57      -    100    100      0      0      0      0  10251   2775  18656  18656      0 
    0    251     57      -     91    100      0      0      0      0  10251   2775  18656  18656      0 
    0    250     57      -     88    100      0      0      0      0  10251   2775  18656  18656      0 
    0    251     57      -     92    100      0      0      0      0  10251   2775  18656  18656      0 
    0    251     58      -    100     77      0      0      0      0  10251   2775  18656  18656      0 
    0    252     59      -    100    100      0      0      0      0  10251   2775  18656  18656      0 
    0    252     57      -    100     98      0      0      0      0  10251   2775  18656  18656      0 
    0    252     56      -    100    100      0      0      0      0  10251   2775  18656  18656      0 
    0    252     57      -    100    100      0      0      0      0  10251   2775  18656  18656      0 
    0    250     56      -    100    100      0      0      0      0  10251   2775  18656  18656      0 
    0    251     56      -    100    100      0      0      0      0  10251   2775  18656  18656      0 
    0    251     56      -    100    100      0      0      0      0  10251   2775  18656  18656      0 
    0    251     56      -    100    100      0      0      0      0  10251   2775  18656  18656      0 
    0    251     56      -    100    100      0      0      0      0  10251   2775  18656  18656      0 
    0    251     57      -    100    100      0      0      0      0  10251   2775  18656  18656      0 
    0    251     56      -    100    100      0      0      0      0  10251   2775  18656  18656      0 
    0    251     57      -     95    100      0      0      0      0  10251   2775  18656  18656      0 
    0    251     57      -     92    100      0      0      0      0  10251   2775  18656  18656      0 
    0    251     57      -     95    100      0      0      0      0  10251   2775  18656  18656      0 
    0    252     57      -     96    100      0      0      0      0  10251   2775  18656  18656      0 
    0    251     57      -    100     76      0      0      0      0  10251   2775  18656  18656      0 
    0    251     58      -    100    100      0      0      0      0  10251   2775  18656  18656      0 
    0    251     57      -    100    100      0      0      0      0  10251   2775  18656  18656      0 
    0    252     56      -    100    100      0      0      0      0  10251   2775  18656  18656      0 
    0    251     56      -    100    100      0      0      0      0  10251   2775  18656  18656      0 
    0    251     57      -    100    100      0      0      0      0  10251   2775  18656  18656      0 
    0    251     56      -    100    100      0      0      0      0  10251   2775  18656  18656      0 
    0    251     56      -    100    100      0      0      0      0  10251   2775  18656  18656      0 
    0    251     56      -    100    100      0      0      0      0  10251   2775  18656  18656      0 
    0    251     56      -     99    100      0      0      0      0  10251   2775  18656  18656      0 
    0    251     57      -     99    100      0      0      0      0  10251   2775  18656  18656      0 
    0    251     57      -     93    100      0      0      0      0  10251   2775  18656  18656      0 
    0    251     57      -     97    100      0      0      0      0  10251   2775  18656  18656      0 
    0    252     57      -     96    100      0      0      0      0  10251   2775  18656  18656      0 
    0    252     58      -     95     86      0      0      0      0  10251   2775  18656  18656      0 
# gpu    pwr  gtemp  mtemp     sm    mem    enc    dec    jpg    ofa   mclk   pclk     fb   bar1   ccpm 
# Idx      W      C      C      %      %      %      %      %      %    MHz    MHz     MB     MB     MB 
    0    252     56      -    100     76      0      0      0      0  10251   2775  18656  18656      0 
    0    252     56      -    100    100      0      0      0      0  10251   2775  18656  18656      0 
    0    252     56      -    100    100      0      0      0      0  10251   2775  18656  18656      0 
    0    251     57      -    100     97      0      0      0      0  10251   2775  18656  18656      0 
    0    252     56      -    100    100      0      0      0      0  10251   2775  18656  18656      0 
    0    252     56      -    100    100      0      0      0      0  10251   2775  18656  18656      0 
    0    251     56      -    100    100      0      0      0      0  10251   2775  18656  18656      0 
    0    250     56      -    100    100      0      0      0      0  10251   2775  18656  18656      0 
    0    250     56      -     99    100      0      0      0      0  10251   2775  18656  18656      0 
    0    251     56      -    100    100      0      0      0      0  10251   2775  18656  18656      0 
    0    251     57      -    100    100      0      0      0      0  10251   2775  18656  18656      0 
    0    250     57      -     93    100      0      0      0      0  10251   2775  18656  18656      0 
    0    252     57      -     95    100      0      0      0      0  10251   2775  18656  18656      0 
    0    251     56      -     92    100      0      0      0      0  10251   2775  18656  18656      0 
    0    251     56      -    100     77      0      0      0      0  10251   2775  18656  18656      0 
    0    251     56      -    100     99      0      0      0      0  10251   2775  18656  18656      0 
    0    251     56      -    100     97      0      0      0      0  10251   2775  18656  18656      0 
    0    251     56      -    100    100      0      0      0      0  10251   2775  18656  18656      0 
    0    251     57      -    100    100      0      0      0      0  10251   2775  18656  18656      0 
    0    252     56      -    100    100      0      0      0      0  10251   2775  18656  18656      0 
    0    252     57      -    100    100      0      0      0      0  10251   2775  18656  18656      0 
    0    251     58      -    100    100      0      0      0      0  10251   2775  18656  18656      0 
    0    251     57      -    100    100      0      0      0      0  10251   2775  18656  18656      0 
    0    251     56      -     99    100      0      0      0      0  10251   2775  18656  18656      0 
    0    250     56      -    100    100      0      0      0      0  10251   2775  18656  18656      0 
    0    251     56      -     93    100      0      0      0      0  10251   2775  18656  18656      0 
    0    251     56      -     95    100      0      0      0      0  10251   2775  18656  18656      0 
    0    251     56      -     93    100      0      0      0      0  10251   2775  18656  18656      0 
    0    251     56      -     96     94      0      0      0      0  10251   2775  18656  18656      0 
    0    250     56      -    100     76      0      0      0      0  10251   2775  18656  18656      0 
    0    250     57      -    100    100      0      0      0      0  10251   2775  18656  18656      0 
    0    250     56      -    100     98      0      0      0      0  10251   2775  18656  18656      0 
    0    249     57      -    100     97      0      0      0      0  10251   2775  18656  18656      0 
    0    251     57      -    100    100      0      0      0      0  10251   2775  18656  18656      0 
    0    249     58      -    100    100      0      0      0      0  10251   2775  18656  18656      0 
    0    249     60      -    100    100      0      0      0      0  10251   2775  18656  18656      0 
    0    250     56      -    100    100      0      0      0      0  10251   2775  18656  18656      0 
    0    251     57      -    100    100      0      0      0      0  10251   2775  18656  18656      0 
    0    250     57      -    100    100      0      0      0      0  10251   2775  18656  18656      0 
    0    252     57      -     97    100      0      0      0      0  10251   2775  18656  18656      0 
    0    251     56      -     91    100      0      0      0      0  10251   2775  18656  18656      0 
    0    250     56      -     94    100      0      0      0      0  10251   2775  18656  18656      0 
    0    250     56      -     91    100      0      0      0      0  10251   2775  18656  18656      0 
    0    251     56      -    100     77      0      0      0      0  10251   2775  18656  18656      0 
# gpu    pwr  gtemp  mtemp     sm    mem    enc    dec    jpg    ofa   mclk   pclk     fb   bar1   ccpm 
# Idx      W      C      C      %      %      %      %      %      %    MHz    MHz     MB     MB     MB 
    0    250     57      -    100     99      0      0      0      0  10251   2775  18656  18656      0 
    0    251     56      -    100     97      0      0      0      0  10251   2775  18656  18656      0 
    0    251     57      -    100    100      0      0      0      0  10251   2775  18656  18656      0 
    0    250     57      -    100    100      0      0      0      0  10251   2775  18656  18656      0 
    0    251     57      -    100    100      0      0      0      0  10251   2775  18656  18656      0 
    0    252     57      -    100    100      0      0      0      0  10251   2775  18656  18656      0 
    0    251     58      -    100    100      0      0      0      0  10251   2775  18656  18656      0 
    0    251     58      -    100    100      0      0      0      0  10251   2775  18656  18656      0 
    0    251     57      -     99    100      0      0      0      0  10251   2775  18656  18656      0 
    0    251     56      -    100    100      0      0      0      0  10251   2775  18656  18656      0 
    0    251     56      -     91     98      0      0      0      0  10251   2775  18656  18656      0 
    0    252     57      -     96    100      0      0      0      0  10251   2775  18656  18656      0 
    0    251     56      -     95    100      0      0      0      0  10251   2775  18656  18656      0 
    0    251     56      -     95     98      0      0      0      0  10251   2775  18656  18656      0 
    0    251     56      -    100     76      0      0      0      0  10251   2775  18656  18656      0 
    0    251     56      -    100    100      0      0      0      0  10251   2775  18656  18656      0 
    0    250     56      -    100    100      0      0      0      0  10251   2775  18656  18656      0 
    0    251     57      -    100     97      0      0      0      0  10251   2775  18656  18656      0 
    0    252     57      -    100    100      0      0      0      0  10251   2775  18656  18656      0 
    0    252     58      -    100    100      0      0      0      0  10251   2775  18656  18656      0 
    0    251     58      -    100    100      0      0      0      0  10251   2775  18656  18656      0 
    0    252     56      -    100    100      0      0      0      0  10251   2775  18656  18656      0 
    0    252     56      -    100    100      0      0      0      0  10251   2775  18656  18656      0 
    0    252     56      -     99    100      0      0      0      0  10251   2775  18656  18656      0 
    0    251     57      -    100    100      0      0      0      0  10251   2775  18656  18656      0 
    0    251     56      -     92    100      0      0      0      0  10251   2775  18656  18656      0 
    0    251     57      -     95    100      0      0      0      0  10251   2775  18656  18656      0 
    0    251     57      -     92    100      0      0      0      0  10251   2775  18656  18656      0 
    0    251     56      -     96     69      0      0      0      0  10251   2775  18656  18656      0 
    0    251     56      -    100     84      0      0      0      0  10251   2775  18656  18656      0 
    0    251     56      -    100     97      0      0      0      0  10251   2775  18656  18656      0 
    0    251     57      -    100    100      0      0      0      0  10251   2775  18656  18656      0 
    0    250     56      -    100     98      0      0      0      0  10251   2775  18656  18656      0 
    0    252     57      -    100    100      0      0      0      0  10251   2775  18656  18656      0 
    0    251     57      -    100    100      0      0      0      0  10251   2775  18656  18656      0 
    0    251     57      -    100    100      0      0      0      0  10251   2775  18656  18656      0 
    0    251     58      -    100    100      0      0      0      0  10251   2775  18656  18656      0 
    0    251     56      -    100    100      0      0      0      0  10251   2775  18656  18656      0 
    0    251     57      -    100    100      0      0      0      0  10251   2775  18656  18656      0 
    0    251     56      -     95    100      0      0      0      0  10251   2775  18656  18656      0 
    0    251     57      -     93    100      0      0      0      0  10251   2775  18656  18656      0 
    0    252     57      -     96    100      0      0      0      0  10251   2775  18656  18656      0 
    0    251     58      -    100     77      0      0      0      0  10251   2775  18656  18656      0 
    0    251     59      -    100    100      0      0      0      0  10251   2775  18656  18656      0 
# gpu    pwr  gtemp  mtemp     sm    mem    enc    dec    jpg    ofa   mclk   pclk     fb   bar1   ccpm 
# Idx      W      C      C      %      %      %      %      %      %    MHz    MHz     MB     MB     MB 
    0    251     56      -    100     98      0      0      0      0  10251   2775  18656  18656      0 
    0    251     57      -    100    100      0      0      0      0  10251   2775  18656  18656      0 
    0    251     57      -    100    100      0      0      0      0  10251   2775  18656  18656      0 
    0    250     56      -    100    100      0      0      0      0  10251   2775  18656  18656      0 
    0    251     56      -    100    100      0      0      0      0  10251   2775  18656  18656      0 
    0    250     57      -    100    100      0      0      0      0  10251   2775  18656  18656      0 
    0    251     56      -    100    100      0      0      0      0  10251   2775  18656  18656      0 
    0    251     56      -    100    100      0      0      0      0  10251   2775  18656  18656      0 
    0    251     56      -    100    100      0      0      0      0  10251   2775  18656  18656      0 
    0    250     56      -     85     94      0      0      0      0  10251   2775  18656  18656      0 
    0    251     57      -     97    100      0      0      0      0  10251   2775  18656  18656      0 
    0    253     57      -     96    100      0      0      0      0  10251   2775  18656  18656      0 
    0    252     56      -     96     85      0      0      0      0  10251   2775  18656  18656      0 
    0    252     57      -    100     76      0      0      0      0  10251   2775  18656  18656      0 
    0    251     58      -    100    100      0      0      0      0  10251   2775  18656  18656      0 
    0    252     57      -    100    100      0      0      0      0  10251   2775  18656  18656      0 
    0    251     58      -    100     97      0      0      0      0  10251   2775  18656  18656      0 
    0    251     56      -    100    100      0      0      0      0  10251   2775  18656  18656      0 
    0    251     56      -    100    100      0      0      0      0  10251   2775  18656  18656      0 
    0    250     56      -    100    100      0      0      0      0  10251   2775  18656  18656      0 
    0    251     56      -    100    100      0      0      0      0  10251   2775  18656  18656      0 
    0    250     56      -    100    100      0      0      0      0  10251   2775  18656  18656      0 
    0    250     56      -    100    100      0      0      0      0  10251   2775  18656  18656      0 
    0    250     57      -     97    100      0      0      0      0  10251   2775  18656  18656      0 
    0    250     56      -     93    100      0      0      0      0  10251   2775  18656  18656      0 
    0    251     57      -     95    100      0      0      0      0  10251   2775  18656  18656      0 
    0    250     57      -     89    100      0      0      0      0  10251   2775  18656  18656      0 
    0    250     58      -    100     77      0      0      0      0  10251   2775  18656  18656      0 
    0    251     58      -    100    100      0      0      0      0  10251   2775  18656  18656      0 
    0    250     56      -    100    100      0      0      0      0  10251   2775  18656  18656      0 
    0    251     56      -    100    100      0      0      0      0  10251   2775  18656  18656      0 
    0    251     57      -     99    100      0      0      0      0  10251   2775  18656  18656      0 
    0    250     56      -    100    100      0      0      0      0  10251   2775  18656  18656      0 
    0    251     57      -    100    100      0      0      0      0  10251   2775  18656  18656      0 
    0    251     56      -    100    100      0      0      0      0  10251   2775  18656  18656      0 
    0    251     56      -    100    100      0      0      0      0  10251   2775  18656  18656      0 
    0    251     56      -    100    100      0      0      0      0  10251   2775  18656  18656      0 
    0    250     57      -    100    100      0      0      0      0  10251   2775  18656  18656      0 
    0    250     56      -     93    100      0      0      0      0  10251   2775  18656  18656      0 
    0    251     57      -     97    100      0      0      0      0  10251   2775  18656  18656      0 
    0    252     57      -     92    100      0      0      0      0  10251   2775  18656  18656      0 
    0    250     57      -     95     79      0      0      0      0  10251   2775  18656  18656      0 
    0    250     57      -    100     84      0      0      0      0  10251   2775  18656  18656      0 
    0    251     56      -    100     98      0      0      0      0  10251   2775  18656  18656      0 
# gpu    pwr  gtemp  mtemp     sm    mem    enc    dec    jpg    ofa   mclk   pclk     fb   bar1   ccpm 
# Idx      W      C      C      %      %      %      %      %      %    MHz    MHz     MB     MB     MB 
    0    252     57      -    100     98      0      0      0      0  10251   2775  18656  18656      0 
    0    251     57      -    100     97      0      0      0      0  10251   2775  18656  18656      0 
    0    251     56      -    100    100      0      0      0      0  10251   2775  18656  18656      0 
    0    251     57      -    100    100      0      0      0      0  10251   2775  18656  18656      0 
    0    251     56      -    100    100      0      0      0      0  10251   2775  18656  18656      0 
    0    250     56      -     99    100      0      0      0      0  10251   2775  18656  18656      0 
    0    251     56      -    100    100      0      0      0      0  10251   2775  18656  18656      0 
    0    251     56      -    100    100      0      0      0      0  10251   2775  18656  18656      0 
    0    251     56      -     95    100      0      0      0      0  10251   2775  18656  18656      0 
    0    250     57      -     92    100      0      0      0      0  10251   2775  18656  18656      0 
    0    251     57      -     95    100      0      0      0      0  10251   2775  18656  18656      0 
    0    252     57      -     95    100      0      0      0      0  10251   2775  18656  18656      0 
    0    250     57      -    100     76      0      0      0      0  10251   2775  18656  18656      0 
    0    251     59      -    100    100      0      0      0      0  10251   2775  18656  18656      0 
    0    251     57      -    100     99      0      0      0      0  10251   2775  18656  18656      0 
    0    250     57      -    100     98      0      0      0      0  10251   2775  18656  18656      0 
    0    251     57      -    100    100      0      0      0      0  10251   2775  18656  18656      0 
    0    250     56      -    100    100      0      0      0      0  10251   2775  18656  18656      0 
    0    249     56      -    100    100      0      0      0      0  10251   2775  18656  18656      0 
    0    251     56      -    100    100      0      0      0      0  10251   2775  18656  18656      0 
    0    251     56      -    100    100      0      0      0      0  10251   2775  18656  18656      0 
    0    251     56      -    100    100      0      0      0      0  10251   2775  18656  18656      0 
    0    251     57      -    100    100      0      0      0      0  10251   2775  18656  18656      0 
    0    252     56      -     93    100      0      0      0      0  10251   2775  18656  18656      0 
    0    251     56      -     97    100      0      0      0      0  10251   2775  18656  18656      0 
    0    250     56      -     88    100      0      0      0      0  10251   2775  18656  18656      0 
    0    251     56      -     96     76      0      0      0      0  10251   2775  18656  18656      0 
    0    250     56      -    100     81      0      0      0      0  10251   2775  18656  18656      0 
    0    251     56      -    100     98      0      0      0      0  10251   2775  18656  18656      0 
    0    251     56      -    100     98      0      0      0      0  10251   2775  18656  18656      0 
    0    251     57      -    100     97      0      0      0      0  10251   2775  18656  18656      0 
    0    252     57      -    100    100      0      0      0      0  10251   2775  18656  18656      0 
    0    252     57      -    100    100      0      0      0      0  10251   2775  18656  18656      0 
    0    251     57      -    100    100      0      0      0      0  10251   2775  18656  18656      0 
    0    252     57      -    100    100      0      0      0      0  10251   2775  18656  18656      0 
    0    252     56      -    100    100      0      0      0      0  10251   2775  18656  18656      0 
    0    252     56      -    100    100      0      0      0      0  10251   2775  18656  18656      0 
    0    251     57      -     99    100      0      0      0      0  10251   2775  18656  18656      0 
    0    251     57      -     92    100      0      0      0      0  10251   2775  18656  18656      0 
    0    251     56      -     95    100      0      0      0      0  10251   2775  18656  18656      0 
    0    250     56      -     92    100      0      0      0      0  10251   2775  18656  18656      0 
    0    251     56      -     98     74      0      0      0      0  10251   2775  18656  18656      0 
    0    251     56      -    100     93      0      0      0      0  10251   2775  18656  18656      0 
    0    250     56      -    100     97      0      0      0      0  10251   2775  18656  18656      0 
# gpu    pwr  gtemp  mtemp     sm    mem    enc    dec    jpg    ofa   mclk   pclk     fb   bar1   ccpm 
# Idx      W      C      C      %      %      %      %      %      %    MHz    MHz     MB     MB     MB 
    0    251     56      -    100     99      0      0      0      0  10251   2775  18656  18656      0 
    0    251     57      -    100    100      0      0      0      0  10251   2775  18656  18656      0 
    0    251     57      -    100    100      0      0      0      0  10251   2775  18656  18656      0 
    0    252     57      -    100    100      0      0      0      0  10251   2775  18656  18656      0 
    0    251     58      -    100    100      0      0      0      0  10251   2775  18656  18656      0 
    0    250     60      -    100    100      0      0      0      0  10251   2775  18656  18656      0 
    0    251     56      -    100    100      0      0      0      0  10251   2775  18656  18656      0 
    0    251     57      -    100    100      0      0      0      0  10251   2775  18656  18656      0 
    0    251     57      -     93    100      0      0      0      0  10251   2775  18656  18656      0 
    0    250     56      -     96    100      0      0      0      0  10251   2775  18656  18656      0 
    0    250     56      -     90    100      0      0      0      0  10251   2775  18656  18656      0 
    0    251     56      -     95     85      0      0      0      0  10251   2775  18656  18656      0 
    0    251     57      -    100     76      0      0      0      0  10251   2775  18656  18656      0 
    0    250     56      -    100     98      0      0      0      0  10251   2775  18656  18656      0 
    0    252     56      -    100     98      0      0      0      0  10251   2775  18656  18656      0 
    0    252     57      -    100     97      0      0      0      0  10251   2775  18656  18656      0 
    0    251     57      -    100    100      0      0      0      0  10251   2775  18656  18656      0 
    0    252     57      -     99    100      0      0      0      0  10251   2775  18656  18656      0 
    0    252     57      -    100    100      0      0      0      0  10251   2775  18656  18656      0 
    0    253     58      -    100    100      0      0      0      0  10251   2775  18656  18656      0 
    0    252     56      -     99    100      0      0      0      0  10251   2775  18656  18656      0 
    0    251     58      -    100    100      0      0      0      0  10251   2775  18656  18656      0 
    0    251     56      -    100    100      0      0      0      0  10251   2775  18656  18656      0 
    0    251     57      -    100    100      0      0      0      0  10251   2775  18656  18656      0 
    0    252     56      -     93    100      0      0      0      0  10251   2775  18656  18656      0 
    0    251     56      -     95    100      0      0      0      0  10251   2775  18656  18656      0 
    0    251     56      -     92    100      0      0      0      0  10251   2775  18656  18656      0 
    0    251     56      -     95     69      0      0      0      0  10251   2775  18656  18656      0 
    0    251     56      -    100     84      0      0      0      0  10251   2775  18656  18656      0 
    0    251     57      -    100    100      0      0      0      0  10251   2775  18656  18656      0 
    0    251     57      -    100     98      0      0      0      0  10251   2775  18656  18656      0 
    0    251     57      -    100     97      0      0      0      0  10251   2775  18656  18656      0 
    0    252     57      -    100    100      0      0      0      0  10251   2775  18656  18656      0 
    0    251     57      -    100    100      0      0      0      0  10251   2775  18656  18656      0 
    0    252     59      -    100    100      0      0      0      0  10251   2775  18656  18656      0 
    0    252     57      -    100    100      0      0      0      0  10251   2775  18656  18656      0 
    0    252     58      -    100    100      0      0      0      0  10251   2775  18656  18656      0 
    0    252     58      -     99    100      0      0      0      0  10251   2775  18656  18656      0 
    0    252     56      -     95    100      0      0      0      0  10251   2775  18656  18656      0 
    0    251     56      -     91    100      0      0      0      0  10251   2775  18656  18656      0 
    0    252     56      -     96    100      0      0      0      0  10251   2775  18656  18656      0 
    0    252     56      -     96    100      0      0      0      0  10251   2775  18656  18656      0 
    0    251     57      -    100     77      0      0      0      0  10251   2775  18656  18656      0 
    0    252     56      -    100    100      0      0      0      0  10251   2775  18656  18656      0 
# gpu    pwr  gtemp  mtemp     sm    mem    enc    dec    jpg    ofa   mclk   pclk     fb   bar1   ccpm 
# Idx      W      C      C      %      %      %      %      %      %    MHz    MHz     MB     MB     MB 
    0    252     56      -    100    100      0      0      0      0  10251   2775  18656  18656      0 
    0    251     57      -    100    100      0      0      0      0  10251   2775  18656  18656      0 
    0    252     57      -    100    100      0      0      0      0  10251   2775  18656  18656      0 
    0    252     57      -    100    100      0      0      0      0  10251   2775  18656  18656      0 
    0    250     56      -    100    100      0      0      0      0  10251   2775  18656  18656      0 
    0    250     56      -    100    100      0      0      0      0  10251   2775  18656  18656      0 
    0    251     56      -    100    100      0      0      0      0  10251   2775  18656  18656      0 
    0    251     57      -    100    100      0      0      0      0  10251   2775  18656  18656      0 
    0    251     57      -     93    100      0      0      0      0  10251   2775  18656  18656      0 
    0    251     57      -     96    100      0      0      0      0  10251   2775  18656  18656      0 
    0    252     57      -     96    100      0      0      0      0  10251   2775  18656  18656      0 
    0    252     58      -     96     89      0      0      0      0  10251   2775  18656  18656      0 
    0    252     56      -    100     76      0      0      0      0  10251   2775  18656  18656      0 
    0    251     57      -    100    100      0      0      0      0  10251   2775  18656  18656      0 
    0    250     57      -    100     98      0      0      0      0  10251   2775  18656  18656      0 
    0    252     57      -    100     97      0      0      0      0  10251   2775  18656  18656      0 
    0    251     56      -    100    100      0      0      0      0  10251   2775  18656  18656      0 
    0    250     56      -    100    100      0      0      0      0  10251   2775  18656  18656      0 
    0    251     57      -    100    100      0      0      0      0  10251   2775  18656  18656      0 
    0    251     56      -    100    100      0      0      0      0  10251   2775  18656  18656      0 
    0    250     56      -    100    100      0      0      0      0  10251   2775  18656  18656      0 
    0    251     57      -    100    100      0      0      0      0  10251   2775  18656  18656      0 
    0    251     57      -     96    100      0      0      0      0  10251   2775  18656  18656      0 
    0    251     57      -     92    100      0      0      0      0  10251   2775  18656  18656      0 
    0    252     57      -     95    100      0      0      0      0  10251   2775  18656  18656      0 
    0    252     57      -     95    100      0      0      0      0  10251   2775  18656  18656      0 
    0    252     59      -    100     77      0      0      0      0  10251   2775  18656  18656      0 
    0    252     57      -    100    100      0      0      0      0  10251   2775  18656  18656      0 
    0    252     57      -    100     97      0      0      0      0  10251   2775  18656  18656      0 
    0    253     56      -    100     97      0      0      0      0  10251   2775  18656  18656      0 
    0    252     56      -    100    100      0      0      0      0  10251   2775  18656  18656      0 
    0    252     56      -    100    100      0      0      0      0  10251   2775  18656  18656      0 
    0    251     56      -    100    100      0      0      0      0  10251   2775  18656  18656      0 
    0    251     57      -    100    100      0      0      0      0  10251   2775  18656  18656      0 
    0    251     56      -    100    100      0      0      0      0  10251   2775  18656  18656      0 
    0    252     56      -    100    100      0      0      0      0  10251   2775  18656  18656      0 
    0    251     57      -    100    100      0      0      0      0  10251   2775  18656  18656      0 
    0    251     57      -     94    100      0      0      0      0  10251   2775  18656  18656      0 
    0    251     57      -     93    100      0      0      0      0  10251   2775  18656  18656      0 
    0    251     57      -     96    100      0      0      0      0  10251   2775  18656  18656      0 
    0    253     58      -     96    100      0      0      0      0  10251   2775  18656  18656      0 
    0    252     57      -    100     76      0      0      0      0  10251   2775  18656  18656      0 
    0    251     57      -    100    100      0      0      0      0  10251   2775  18656  18656      0 
    0    252     57      -    100    100      0      0      0      0  10251   2775  18656  18656      0 
# gpu    pwr  gtemp  mtemp     sm    mem    enc    dec    jpg    ofa   mclk   pclk     fb   bar1   ccpm 
# Idx      W      C      C      %      %      %      %      %      %    MHz    MHz     MB     MB     MB 
    0    250     57      -    100    100      0      0      0      0  10251   2775  18656  18656      0 
    0    251     56      -    100    100      0      0      0      0  10251   2775  18656  18656      0 
    0    251     57      -    100    100      0      0      0      0  10251   2775  18656  18656      0 
    0    251     57      -    100    100      0      0      0      0  10251   2775  18656  18656      0 
    0    252     56      -    100    100      0      0      0      0  10251   2775  18656  18656      0 
    0    252     56      -    100    100      0      0      0      0  10251   2775  18656  18656      0 
    0    252     57      -    100    100      0      0      0      0  10251   2775  18656  18656      0 
    0    251     57      -    100    100      0      0      0      0  10251   2775  18656  18656      0 
    0    251     57      -     93    100      0      0      0      0  10251   2775  18656  18656      0 
    0    251     57      -     91    100      0      0      0      0  10251   2775  18656  18656      0 
    0    250     57      -     91    100      0      0      0      0  10251   2775  18656  18656      0 
    0    251     59      -     98     76      0      0      0      0  10251   2775  18656  18656      0 
    0    252     57      -    100     97      0      0      0      0  10251   2775  18656  18656      0 
    0    252     58      -    100     98      0      0      0      0  10251   2775  18656  18656      0 
    0    252     57      -    100     98      0      0      0      0  10251   2775  18656  18656      0 
    0    251     56      -    100    100      0      0      0      0  10251   2775  18656  18656      0 
    0    251     56      -    100    100      0      0      0      0  10251   2775  18656  18656      0 
    0    252     56      -    100    100      0      0      0      0  10251   2775  18656  18656      0 
    0    252     56      -    100    100      0      0      0      0  10251   2775  18656  18656      0 
    0    251     56      -    100    100      0      0      0      0  10251   2775  18656  18656      0 
    0    252     56      -    100    100      0      0      0      0  10251   2775  18656  18656      0 
    0    251     56      -    100    100      0      0      0      0  10251   2775  18656  18656      0 
    0    252     56      -     93    100      0      0      0      0  10251   2775  18656  18656      0 
    0    251     57      -     96    100      0      0      0      0  10251   2775  18656  18656      0 
    0    252     57      -     92    100      0      0      0      0  10251   2775  18656  18656      0 
    0    251     57      -     96     75      0      0      0      0  10251   2775  18656  18656      0 
    0    252     57      -    100     83      0      0      0      0  10251   2775  18656  18656      0 
    0    250     56      -    100     98      0      0      0      0  10251   2775  18656  18656      0 
    0    252     56      -    100     97      0      0      0      0  10251   2775  18656  18656      0 
    0    252     57      -    100     97      0      0      0      0  10251   2775  18656  18656      0 
    0    252     57      -    100    100      0      0      0      0  10251   2775  18656  18656      0 
    0    251     57      -    100    100      0      0      0      0  10251   2775  18656  18656      0 
    0    252     57      -    100    100      0      0      0      0  10251   2775  18656  18656      0 
    0    253     58      -    100    100      0      0      0      0  10251   2775  18656  18656      0 
    0    252     56      -    100    100      0      0      0      0  10251   2775  18656  18656      0 
    0    253     57      -     99    100      0      0      0      0  10251   2775  18656  18656      0 
    0    252     57      -     96    100      0      0      0      0  10251   2775  18656  18656      0 
    0    252     57      -     91    100      0      0      0      0  10251   2775  18656  18656      0 
    0    252     56      -     95    100      0      0      0      0  10251   2775  18656  18656      0 
    0    252     56      -     93    100      0      0      0      0  10251   2775  18656  18656      0 
    0    252     57      -    100     77      0      0      0      0  10251   2775  18656  18656      0 
    0    252     57      -    100    100      0      0      0      0  10251   2775  18656  18656      0 
    0    252     56      -    100     97      0      0      0      0  10251   2775  18656  18656      0 
    0    252     56      -    100    100      0      0      0      0  10251   2775  18656  18656      0 
# gpu    pwr  gtemp  mtemp     sm    mem    enc    dec    jpg    ofa   mclk   pclk     fb   bar1   ccpm 
# Idx      W      C      C      %      %      %      %      %      %    MHz    MHz     MB     MB     MB 
    0    252     57      -    100    100      0      0      0      0  10251   2775  18656  18656      0 
    0    252     57      -    100    100      0      0      0      0  10251   2775  18656  18656      0 
    0    253     57      -    100    100      0      0      0      0  10251   2775  18656  18656      0 
    0    252     57      -    100    100      0      0      0      0  10251   2775  18656  18656      0 
    0    251     59      -    100    100      0      0      0      0  10251   2775  18656  18656      0 
    0    252     57      -    100    100      0      0      0      0  10251   2775  18656  18656      0 
    0    252     57      -     99    100      0      0      0      0  10251   2775  18656  18656      0 
    0    252     58      -     93    100      0      0      0      0  10251   2775  18656  18656      0 
    0    252     56      -     97    100      0      0      0      0  10251   2775  18656  18656      0 
    0    252     56      -     96    100      0      0      0      0  10251   2775  18656  18656      0 
    0    252     56      -     96     90      0      0      0      0  10251   2775  18656  18656      0 
    0    252     56      -    100     76      0      0      0      0  10251   2775  18656  18656      0 
    0    251     57      -    100    100      0      0      0      0  10251   2775  18656  18656      0 
    0    251     56      -    100     98      0      0      0      0  10251   2775  18656  18656      0 
    0    252     56      -    100     97      0      0      0      0  10251   2775  18656  18656      0 
    0    253     57      -    100    100      0      0      0      0  10251   2775  18656  18656      0 
    0    252     57      -    100    100      0      0      0      0  10251   2775  18656  18656      0 
    0    252     57      -    100    100      0      0      0      0  10251   2775  18656  18656      0 
    0    252     57      -    100    100      0      0      0      0  10251   2775  18656  18656      0 
    0    252     56      -    100    100      0      0      0      0  10251   2775  18656  18656      0 
    0    251     56      -    100    100      0      0      0      0  10251   2775  18656  18656      0 
    0    253     56      -     99    100      0      0      0      0  10251   2775  18656  18656      0 
    0    252     56      -     93    100      0      0      0      0  10251   2775  18656  18656      0 
    0    252     56      -     96    100      0      0      0      0  10251   2775  18656  18656      0 
    0    251     56      -     93    100      0      0      0      0  10251   2775  18656  18656      0 
    0    251     56      -     96     70      0      0      0      0  10251   2775  18656  18656      0 
    0    251     56      -    100     89      0      0      0      0  10251   2775  18656  18656      0 
    0    252     56      -    100     98      0      0      0      0  10251   2775  18656  18656      0 
    0    251     56      -    100    100      0      0      0      0  10251   2775  18656  18656      0 
    0    251     56      -    100    100      0      0      0      0  10251   2775  18656  18656      0 
    0    251     57      -    100    100      0      0      0      0  10251   2775  18656  18656      0 
    0    251     57      -    100    100      0      0      0      0  10251   2775  18656  18656      0 
    0    252     58      -    100    100      0      0      0      0  10251   2775  18656  18656      0 
    0    252     59      -    100    100      0      0      0      0  10251   2775  18656  18656      0 
    0    252     56      -    100    100      0      0      0      0  10251   2775  18656  18656      0 
    0    252     57      -    100    100      0      0      0      0  10251   2775  18656  18656      0 
    0    252     57      -     94    100      0      0      0      0  10251   2775  18656  18656      0 
    0    252     56      -     92    100      0      0      0      0  10251   2775  18656  18656      0 
    0    252     56      -     95    100      0      0      0      0  10251   2775  18656  18656      0 
    0    251     56      -     96    100      0      0      0      0  10251   2775  18656  18656      0 
    0    251     56      -    100     76      0      0      0      0  10251   2775  18656  18656      0 
    0    253     56      -    100    100      0      0      0      0  10251   2775  18656  18656      0 
    0    252     56      -    100    100      0      0      0      0  10251   2775  18656  18656      0 
    0    252     56      -    100     98      0      0      0      0  10251   2775  18656  18656      0 
# gpu    pwr  gtemp  mtemp     sm    mem    enc    dec    jpg    ofa   mclk   pclk     fb   bar1   ccpm 
# Idx      W      C      C      %      %      %      %      %      %    MHz    MHz     MB     MB     MB 
    0    252     56      -    100    100      0      0      0      0  10251   2775  18656  18656      0 
    0    253     57      -    100    100      0      0      0      0  10251   2775  18656  18656      0 
    0    253     56      -    100    100      0      0      0      0  10251   2775  18656  18656      0 
    0    251     57      -    100    100      0      0      0      0  10251   2775  18656  18656      0 
    0    251     58      -    100    100      0      0      0      0  10251   2775  18656  18656      0 
    0    251     57      -    100    100      0      0      0      0  10251   2775  18656  18656      0 
    0    251     58      -    100    100      0      0      0      0  10251   2775  18656  18656      0 
    0    251     56      -     93    100      0      0      0      0  10251   2775  18656  18656      0 
    0    250     56      -     92    100      0      0      0      0  10251   2775  18656  18656      0 
    0    251     56      -     92    100      0      0      0      0  10251   2775  18656  18656      0 
    0    251     56      -     96     69      0      0      0      0  10251   2775  18656  18656      0 
    0    251     56      -    100     98      0      0      0      0  10251   2775  18656  18656      0 
    0    250     56      -    100    100      0      0      0      0  10251   2775  18656  18656      0 
    0    251     56      -    100    100      0      0      0      0  10251   2775  18656  18656      0 
    0    251     57      -    100    100      0      0      0      0  10251   2775  18656  18656      0 
    0    250     56      -    100    100      0      0      0      0  10251   2775  18656  18656      0 
    0    251     56      -    100    100      0      0      0      0  10251   2775  18656  18656      0 
    0    251     57      -    100    100      0      0      0      0  10251   2775  18656  18656      0 
    0    251     56      -    100    100      0      0      0      0  10251   2775  18656  18656      0 
    0    251     56      -    100    100      0      0      0      0  10251   2775  18656  18656      0 
    0    251     56      -     94    100      0      0      0      0  10251   2775  18656  18656      0 
    0    252     57      -     92    100      0      0      0      0  10251   2775  18656  18656      0 
    0    252     57      -     96    100      0      0      0      0  10251   2775  18656  18656      0 
    0    253     57      -     96    100      0      0      0      0  10251   2775  18656  18656      0 
    0    252     57      -    100     76      0      0      0      0  10251   2775  18656  18656      0 
    0    251     59      -    100    100      0      0      0      0  10251   2775  18656  18656      0 
    0    250     56      -    100    100      0      0      0      0  10251   2775  18656  18656      0 
    0    251     56      -    100     98      0      0      0      0  10251   2775  18656  18656      0 
    0    252     56      -     99    100      0      0      0      0  10251   2775  18656  18656      0 
    0    251     56      -    100    100      0      0      0      0  10251   2775  18656  18656      0 
    0    251     56      -    100    100      0      0      0      0  10251   2775  18656  18656      0 
    0    251     56      -    100    100      0      0      0      0  10251   2775  18656  18656      0 
    0    251     56      -    100    100      0      0      0      0  10251   2775  18656  18656      0 
    0    251     56      -    100    100      0      0      0      0  10251   2775  18656  18656      0 
    0    250     56      -    100    100      0      0      0      0  10251   2775  18656  18656      0 
    0    250     56      -     92    100      0      0      0      0  10251   2775  18656  18656      0 
    0    250     56      -     93    100      0      0      0      0  10251   2775  18656  18656      0 
    0    250     57      -     92    100      0      0      0      0  10251   2775  18656  18656      0 
    0    250     57      -     96     72      0      0      0      0  10251   2775  18656  18656      0 
    0    250     58      -    100     96      0      0      0      0  10251   2775  18656  18656      0 
    0    251     56      -    100     98      0      0      0      0  10251   2775  18656  18656      0 
    0    250     57      -    100    100      0      0      0      0  10251   2775  18656  18656      0 
    0    251     57      -    100    100      0      0      0      0  10251   2775  18656  18656      0 
    0    251     58      -    100    100      0      0      0      0  10251   2775  18656  18656      0 
# gpu    pwr  gtemp  mtemp     sm    mem    enc    dec    jpg    ofa   mclk   pclk     fb   bar1   ccpm 
# Idx      W      C      C      %      %      %      %      %      %    MHz    MHz     MB     MB     MB 
    0    251     56      -    100    100      0      0      0      0  10251   2775  18656  18656      0 
    0    251     56      -     99    100      0      0      0      0  10251   2775  18656  18656      0 
    0    251     56      -    100    100      0      0      0      0  10251   2775  18656  18656      0 
    0    251     56      -    100    100      0      0      0      0  10251   2775  18656  18656      0 
    0    251     56      -    100    100      0      0      0      0  10251   2775  18656  18656      0 
    0    251     57      -     92    100      0      0      0      0  10251   2775  18656  18656      0 
    0    252     56      -     96    100      0      0      0      0  10251   2775  18656  18656      0 
    0    252     57      -     96    100      0      0      0      0  10251   2775  18656  18656      0 
    0    253     56      -     96     97      0      0      0      0  10251   2775  18656  18656      0 
    0    252     56      -    100     76      0      0      0      0  10251   2775  18656  18656      0 
    0    251     58      -    100    100      0      0      0      0  10251   2775  18656  18656      0 
    0    252     57      -    100     98      0      0      0      0  10251   2775  18656  18656      0 
    0    251     56      -    100     97      0      0      0      0  10251   2775  18656  18656      0 
    0    251     56      -    100    100      0      0      0      0  10251   2775  18656  18656      0 
    0    251     56      -    100    100      0      0      0      0  10251   2775  18656  18656      0 
    0    251     56      -    100    100      0      0      0      0  10251   2775  18656  18656      0 
    0    251     56      -     99    100      0      0      0      0  10251   2775  18656  18656      0 
    0    251     56      -    100    100      0      0      0      0  10251   2775  18656  18656      0 
    0    252     56      -    100    100      0      0      0      0  10251   2775  18656  18656      0 
    0    252     56      -    100    100      0      0      0      0  10251   2775  18656  18656      0 
    0    251     57      -     91    100      0      0      0      0  10251   2775  18656  18656      0 
    0    252     57      -     95    100      0      0      0      0  10251   2775  18656  18656      0 
    0    251     57      -     92    100      0      0      0      0  10251   2775  18656  18656      0 
    0    251     57      -     96     70      0      0      0      0  10251   2775  18656  18656      0 
    0    251     58      -    100     88      0      0      0      0  10251   2775  18656  18656      0 
    0    251     56      -    100     98      0      0      0      0  10251   2775  18656  18656      0 
    0    252     56      -    100    100      0      0      0      0  10251   2775  18656  18656      0 
    0    251     56      -    100     97      0      0      0      0  10251   2775  18656  18656      0 
    0    251     56      -    100    100      0      0      0      0  10251   2775  18656  18656      0 
    0    251     56      -    100    100      0      0      0      0  10251   2775  18656  18656      0 
    0    251     56      -    100    100      0      0      0      0  10251   2775  18656  18656      0 
    0    251     56      -    100    100      0      0      0      0  10251   2775  18656  18656      0 
    0    251     56      -    100    100      0      0      0      0  10251   2775  18656  18656      0 
    0    251     57      -    100    100      0      0      0      0  10251   2775  18656  18656      0 
    0    250     56      -     95    100      0      0      0      0  10251   2775  18656  18656      0 
    0    251     57      -     93    100      0      0      0      0  10251   2775  18656  18656      0 
    0    251     56      -     96    100      0      0      0      0  10251   2775  18656  18656      0 
    0    251     56      -     96    100      0      0      0      0  10251   2775  18656  18656      0 
    0    251     56      -    100     77      0      0      0      0  10251   2775  18656  18656      0 
    0    251     57      -    100    100      0      0      0      0  10251   2775  18656  18656      0 
    0    251     56      -    100    100      0      0      0      0  10251   2775  18656  18656      0 
    0    251     56      -    100    100      0      0      0      0  10251   2775  18656  18656      0 
    0    251     56      -    100    100      0      0      0      0  10251   2775  18656  18656      0 
    0    251     57      -    100    100      0      0      0      0  10251   2775  18656  18656      0 
# gpu    pwr  gtemp  mtemp     sm    mem    enc    dec    jpg    ofa   mclk   pclk     fb   bar1   ccpm 
# Idx      W      C      C      %      %      %      %      %      %    MHz    MHz     MB     MB     MB 
    0    251     57      -    100    100      0      0      0      0  10251   2775  18656  18656      0 
    0    251     57      -    100    100      0      0      0      0  10251   2775  18656  18656      0 
    0    251     59      -     99    100      0      0      0      0  10251   2775  18656  18656      0 
    0    252     56      -    100    100      0      0      0      0  10251   2775  18656  18656      0 
    0    251     58      -    100    100      0      0      0      0  10251   2775  18656  18656      0 
    0    251     57      -    100    100      0      0      0      0  10251   2775  18656  18656      0 
    0    251     56      -     96    100      0      0      0      0  10251   2775  18656  18656      0 
    0    251     56      -     92    100      0      0      0      0  10251   2775  18656  18656      0 
    0    250     56      -     92    100      0      0      0      0  10251   2775  18656  18656      0 
    0    251     56      -     96    100      0      0      0      0  10251   2775  18656  18656      0 
    0    251     56      -    100     77      0      0      0      0  10251   2775  18656  18656      0 
    0    250     56      -    100    100      0      0      0      0  10251   2775  18656  18656      0 
    0    250     56      -    100    100      0      0      0      0  10251   2775  18656  18656      0 
    0    250     57      -    100    100      0      0      0      0  10251   2775  18656  18656      0 
    0    250     57      -    100    100      0      0      0      0  10251   2775  18656  18656      0 
    0    251     57      -    100    100      0      0      0      0  10251   2775  18656  18656      0 
    0    252     57      -    100    100      0      0      0      0  10251   2775  18656  18656      0 
    0    251     56      -    100    100      0      0      0      0  10251   2775  18656  18656      0 
    0    250     56      -    100    100      0      0      0      0  10251   2775  18656  18656      0 
    0    250     56      -    100    100      0      0      0      0  10251   2775  18656  18656      0 
    0    249     57      -    100    100      0      0      0      0  10251   2775  18656  18656      0 
    0    250     56      -     91    100      0      0      0      0  10251   2775  18656  18656      0 
    0    250     56      -     96    100      0      0      0      0  10251   2775  18656  18656      0 
    0    251     56      -     91    100      0      0      0      0  10251   2775  18656  18656      0 
    0    250     56      -     95     74      0      0      0      0  10251   2775  18656  18656      0 
    0    251     56      -    100     85      0      0      0      0  10251   2775  18656  18656      0 
    0    251     56      -    100    100      0      0      0      0  10251   2775  18656  18656      0 
    0    251     57      -    100     97      0      0      0      0  10251   2775  18656  18656      0 
    0    251     57      -    100     97      0      0      0      0  10251   2775  18656  18656      0 
    0    252     57      -    100    100      0      0      0      0  10251   2775  18656  18656      0 
    0    250     57      -    100    100      0      0      0      0  10251   2775  18656  18656      0 
    0    251     59      -    100    100      0      0      0      0  10251   2775  18656  18656      0 
    0    252     57      -    100    100      0      0      0      0  10251   2775  18656  18656      0 
    0    252     58      -    100    100      0      0      0      0  10251   2775  18656  18656      0 
    0    252     58      -    100    100      0      0      0      0  10251   2775  18656  18656      0 
    0    250     56      -     95    100      0      0      0      0  10251   2775  18656  18656      0 
    0    250     56      -     91    100      0      0      0      0  10251   2775  18656  18656      0 
    0    251     56      -     95    100      0      0      0      0  10251   2775  18656  18656      0 
    0    251     56      -     96    100      0      0      0      0  10251   2775  18656  18656      0 
    0    251     57      -    100     77      0      0      0      0  10251   2775  18656  18656      0 
    0    251     56      -    100    100      0      0      0      0  10251   2775  18656  18656      0 
    0    251     56      -    100    100      0      0      0      0  10251   2775  18656  18656      0 
    0    251     57      -    100    100      0      0      0      0  10251   2775  18656  18656      0 
    0    251     57      -    100    100      0      0      0      0  10251   2775  18656  18656      0 
# gpu    pwr  gtemp  mtemp     sm    mem    enc    dec    jpg    ofa   mclk   pclk     fb   bar1   ccpm 
# Idx      W      C      C      %      %      %      %      %      %    MHz    MHz     MB     MB     MB 
    0    251     57      -     99    100      0      0      0      0  10251   2775  18656  18656      0 
    0    253     57      -    100    100      0      0      0      0  10251   2775  18656  18656      0 
    0    252     56      -    100    100      0      0      0      0  10251   2775  18656  18656      0 
    0    251     56      -    100    100      0      0      0      0  10251   2775  18656  18656      0 
    0    251     56      -    100    100      0      0      0      0  10251   2775  18656  18656      0 
    0    251     56      -    100    100      0      0      0      0  10251   2775  18656  18656      0 
    0    251     56      -     93    100      0      0      0      0  10251   2775  18656  18656      0 
    0    251     56      -     97    100      0      0      0      0  10251   2775  18656  18656      0 
    0    249     56      -     89    100      0      0      0      0  10251   2775  18656  18656      0 
    0    250     56      -     96     71      0      0      0      0  10251   2775  18656  18656      0 
    0    251     56      -    100     84      0      0      0      0  10251   2775  18656  18656      0 
    0    251     56      -     99     97      0      0      0      0  10251   2775  18656  18656      0 
    0    250     57      -    100     99      0      0      0      0  10251   2775  18656  18656      0 
    0    250     57      -    100     98      0      0      0      0  10251   2775  18656  18656      0 
    0    251     57      -     99    100      0      0      0      0  10251   2775  18656  18656      0 
    0    251     57      -    100    100      0      0      0      0  10251   2775  18656  18656      0 
    0    250     57      -    100    100      0      0      0      0  10251   2775  18656  18656      0 
    0    251     56      -    100    100      0      0      0      0  10251   2775  18656  18656      0 
    0    252     56      -    100    100      0      0      0      0  10251   2775  18656  18656      0 
    0    251     57      -     94    100      0      0      0      0  10251   2775  18656  18656      0 
    0    251     57      -     92    100      0      0      0      0  10251   2775  18656  18656      0 
    0    251     57      -     96    100      0      0      0      0  10251   2775  18656  18656      0 
    0    252     57      -     95    100      0      0      0      0  10251   2775  18656  18656      0 
    0    250     56      -    100     76      0      0      0      0  10251   2775  18656  18656      0 
    0    251     58      -    100    100      0      0      0      0  10251   2775  18656  18656      0 
    0    251     56      -    100     98      0      0      0      0  10251   2775  18656  18656      0 
    0    251     56      -    100    100      0      0      0      0  10251   2775  18656  18656      0 
    0    252     56      -    100    100      0      0      0      0  10251   2775  18656  18656      0 
    0    250     57      -    100    100      0      0      0      0  10251   2775  18656  18656      0 
    0    251     56      -    100    100      0      0      0      0  10251   2775  18656  18656      0 
    0    251     56      -    100    100      0      0      0      0  10251   2775  18656  18656      0 
    0    251     56      -     99    100      0      0      0      0  10251   2775  18656  18656      0 
    0    249     56      -    100    100      0      0      0      0  10251   2775  18656  18656      0 
    0    250     56      -    100    100      0      0      0      0  10251   2775  18656  18656      0 
    0    251     57      -     91    100      0      0      0      0  10251   2775  18656  18656      0 
    0    251     57      -     92    100      0      0      0      0  10251   2775  18656  18656      0 
    0    250     56      -     91    100      0      0      0      0  10251   2775  18656  18656      0 
    0    250     59      -    100     77      0      0      0      0  10251   2775  18656  18656      0 
    0    250     57      -    100     97      0      0      0      0  10251   2775  18656  18656      0 
    0    251     57      -    100     98      0      0      0      0  10251   2775  18656  18656      0 
    0    251     56      -    100     98      0      0      0      0  10251   2775  18656  18656      0 
    0    248     56      -    100    100      0      0      0      0  10251   2775  18656  18656      0 
    0    250     56      -    100    100      0      0      0      0  10251   2775  18656  18656      0 
    0    250     56      -    100    100      0      0      0      0  10251   2775  18656  18656      0 
# gpu    pwr  gtemp  mtemp     sm    mem    enc    dec    jpg    ofa   mclk   pclk     fb   bar1   ccpm 
# Idx      W      C      C      %      %      %      %      %      %    MHz    MHz     MB     MB     MB 
    0    250     56      -    100    100      0      0      0      0  10251   2775  18656  18656      0 
    0    250     56      -    100    100      0      0      0      0  10251   2775  18656  18656      0 
    0    251     56      -    100    100      0      0      0      0  10251   2775  18656  18656      0 
    0    251     56      -    100    100      0      0      0      0  10251   2775  18656  18656      0 
    0    251     56      -     93    100      0      0      0      0  10251   2775  18656  18656      0 
    0    251     57      -     96    100      0      0      0      0  10251   2775  18656  18656      0 
    0    252     57      -     96    100      0      0      0      0  10251   2775  18656  18656      0 
    0    252     57      -     96     96      0      0      0      0  10251   2775  18656  18656      0 
    0    250     56      -    100     76      0      0      0      0  10251   2775  18656  18656      0 
    0    250     57      -    100    100      0      0      0      0  10251   2775  18656  18656      0 
    0    252     56      -    100    100      0      0      0      0  10251   2775  18656  18656      0 
    0    251     57      -    100     97      0      0      0      0  10251   2775  18656  18656      0 
    0    252     56      -    100    100      0      0      0      0  10251   2775  18656  18656      0 
    0    251     56      -    100    100      0      0      0      0  10251   2775  18656  18656      0 
    0    251     56      -    100    100      0      0      0      0  10251   2775  18656  18656      0 
    0    251     56      -     99    100      0      0      0      0  10251   2775  18656  18656      0 
    0    251     56      -    100    100      0      0      0      0  10251   2775  18656  18656      0 
    0    251     56      -    100    100      0      0      0      0  10251   2775  18656  18656      0 
    0    251     56      -    100    100      0      0      0      0  10251   2775  18656  18656      0 
    0    251     57      -     91    100      0      0      0      0  10251   2775  18656  18656      0 
    0    252     56      -     95    100      0      0      0      0  10251   2775  18656  18656      0 
    0    251     57      -     92    100      0      0      0      0  10251   2775  18656  18656      0 
    0    251     57      -     95     69      0      0      0      0  10251   2775  18656  18656      0 
    0    252     57      -    100     84      0      0      0      0  10251   2775  18656  18656      0 
    0    250     58      -    100     97      0      0      0      0  10251   2775  18656  18656      0 
    0    251     56      -    100    100      0      0      0      0  10251   2775  18656  18656      0 
    0    251     57      -    100    100      0      0      0      0  10251   2775  18656  18656      0 
    0    251     57      -    100    100      0      0      0      0  10251   2775  18656  18656      0 
    0    251     56      -    100    100      0      0      0      0  10251   2775  18656  18656      0 
    0    251     57      -    100    100      0      0      0      0  10251   2775  18656  18656      0 
    0    250     56      -    100    100      0      0      0      0  10251   2775  18656  18656      0 
    0    251     56      -    100    100      0      0      0      0  10251   2775  18656  18656      0 
    0    250     56      -    100    100      0      0      0      0  10251   2775  18656  18656      0 
    0    251     56      -     92    100      0      0      0      0  10251   2775  18656  18656      0 
    0    250     57      -     97    100      0      0      0      0  10251   2775  18656  18656      0 
    0    252     57      -     92    100      0      0      0      0  10251   2775  18656  18656      0 
    0    251     57      -     96     79      0      0      0      0  10251   2775  18656  18656      0 
    0    252     57      -    100     78      0      0      0      0  10251   2775  18656  18656      0 
    0    250     56      -    100     98      0      0      0      0  10251   2775  18656  18656      0 
    0    250     56      -    100     97      0      0      0      0  10251   2775  18656  18656      0 
    0    251     56      -    100     97      0      0      0      0  10251   2775  18656  18656      0 
    0    250     56      -    100    100      0      0      0      0  10251   2775  18656  18656      0 
    0    250     57      -    100    100      0      0      0      0  10251   2775  18656  18656      0 
    0    250     57      -    100    100      0      0      0      0  10251   2775  18656  18656      0 
# gpu    pwr  gtemp  mtemp     sm    mem    enc    dec    jpg    ofa   mclk   pclk     fb   bar1   ccpm 
# Idx      W      C      C      %      %      %      %      %      %    MHz    MHz     MB     MB     MB 
    0    251     58      -    100    100      0      0      0      0  10251   2775  18656  18656      0 
    0    251     56      -     99    100      0      0      0      0  10251   2775  18656  18656      0 
    0    251     56      -     99    100      0      0      0      0  10251   2775  18656  18656      0 
    0    250     56      -     95    100      0      0      0      0  10251   2775  18656  18656      0 
    0    251     57      -     92    100      0      0      0      0  10251   2775  18656  18656      0 
    0    251     56      -     95    100      0      0      0      0  10251   2775  18656  18656      0 
    0    250     56      -     96    100      0      0      0      0  10251   2775  18656  18656      0 
    0    250     56      -    100     76      0      0      0      0  10251   2775  18656  18656      0 
    0    250     56      -    100    100      0      0      0      0  10251   2775  18656  18656      0 
    0    251     56      -    100    100      0      0      0      0  10251   2775  18656  18656      0 
    0    251     56      -    100    100      0      0      0      0  10251   2775  18656  18656      0 
    0    252     57      -    100    100      0      0      0      0  10251   2775  18656  18656      0 
    0    252     57      -    100    100      0      0      0      0  10251   2775  18656  18656      0 
    0    252     56      -    100    100      0      0      0      0  10251   2775  18656  18656      0 
    0    250     56      -    100    100      0      0      0      0  10251   2775  18656  18656      0 
    0    250     59      -     99    100      0      0      0      0  10251   2775  18656  18656      0 
    0    249     57      -    100    100      0      0      0      0  10251   2775  18656  18656      0 
    0    251     56      -    100    100      0      0      0      0  10251   2775  18656  18656      0 
    0    251     56      -     93    100      0      0      0      0  10251   2775  18656  18656      0 
    0    250     56      -     98    100      0      0      0      0  10251   2775  18656  18656      0 
    0    250     56      -     90    100      0      0      0      0  10251   2775  18656  18656      0 
    0    250     56      -     96     77      0      0      0      0  10251   2775  18656  18656      0 
    0    250     56      -    100     78      0      0      0      0  10251   2775  18656  18656      0 
    0    250     56      -    100    100      0      0      0      0  10251   2775  18656  18656      0 
    0    250     56      -    100     98      0      0      0      0  10251   2775  18656  18656      0 
    0    249     56      -    100     97      0      0      0      0  10251   2775  18656  18656      0 
    0    250     56      -    100    100      0      0      0      0  10251   2775  18656  18656      0 
    0    250     57      -    100    100      0      0      0      0  10251   2775  18656  18656      0 
    0    249     57      -    100    100      0      0      0      0  10251   2775  18656  18656      0 
    0    251     58      -    100    100      0      0      0      0  10251   2775  18656  18656      0 
    0    251     56      -    100    100      0      0      0      0  10251   2775  18656  18656      0 
    0    252     56      -    100    100      0      0      0      0  10251   2775  18656  18656      0 
    0    251     56      -     95    100      0      0      0      0  10251   2775  18656  18656      0 
    0    251     57      -     93    100      0      0      0      0  10251   2775  18656  18656      0 
    0    250     56      -     89    100      0      0      0      0  10251   2775  18656  18656      0 
    0    250     56      -     94    100      0      0      0      0  10251   2775  18656  18656      0 
    0    250     57      -    100     76      0      0      0      0  10251   2775  18656  18656      0 
    0    250     56      -    100    100      0      0      0      0  10251   2775  18656  18656      0 
    0    250     56      -    100    100      0      0      0      0  10251   2775  18656  18656      0 
    0    250     57      -    100    100      0      0      0      0  10251   2775  18656  18656      0 
    0    251     56      -    100    100      0      0      0      0  10251   2775  18656  18656      0 
    0    252     57      -    100    100      0      0      0      0  10251   2775  18656  18656      0 
    0    253     57      -    100    100      0      0      0      0  10251   2775  18656  18656      0 
    0    252     57      -    100    100      0      0      0      0  10251   2775  18656  18656      0 
# gpu    pwr  gtemp  mtemp     sm    mem    enc    dec    jpg    ofa   mclk   pclk     fb   bar1   ccpm 
# Idx      W      C      C      %      %      %      %      %      %    MHz    MHz     MB     MB     MB 
    0    250     59      -    100    100      0      0      0      0  10251   2775  18656  18656      0 
    0    251     57      -    100    100      0      0      0      0  10251   2775  18656  18656      0 
    0    251     56      -     93    100      0      0      0      0  10251   2775  18656  18656      0 
    0    252     57      -     97    100      0      0      0      0  10251   2775  18656  18656      0 
    0    252     57      -     93    100      0      0      0      0  10251   2775  18656  18656      0 
    0    250     57      -     95     80      0      0      0      0  10251   2775  18656  18656      0 
    0    251     57      -    100     78      0      0      0      0  10251   2775  18656  18656      0 
    0    251     56      -    100     97      0      0      0      0  10251   2775  18656  18656      0 
    0    251     57      -    100     98      0      0      0      0  10251   2775  18656  18656      0 
    0    251     57      -    100     97      0      0      0      0  10251   2775  18656  18656      0 
    0    251     56      -    100    100      0      0      0      0  10251   2775  18656  18656      0 
    0    251     56      -    100    100      0      0      0      0  10251   2775  18656  18656      0 
    0    250     56      -    100    100      0      0      0      0  10251   2775  18656  18656      0 
    0    251     56      -    100    100      0      0      0      0  10251   2775  18656  18656      0 
    0    250     56      -    100    100      0      0      0      0  10251   2775  18656  18656      0 
    0    250     56      -    100    100      0      0      0      0  10251   2775  18656  18656      0 
    0    251     56      -     95    100      0      0      0      0  10251   2775  18656  18656      0 
    0    251     56      -     93    100      0      0      0      0  10251   2775  18656  18656      0 
    0    250     57      -     89    100      0      0      0      0  10251   2775  18656  18656      0 
    0    249     57      -     96    100      0      0      0      0  10251   2775  18656  18656      0 
    0    251     57      -    100     76      0      0      0      0  10251   2775  18656  18656      0 
    0    251     59      -    100    100      0      0      0      0  10251   2775  18656  18656      0 
    0    251     56      -    100    100      0      0      0      0  10251   2775  18656  18656      0 
    0    250     57      -    100     98      0      0      0      0  10251   2775  18656  18656      0 
    0    249     56      -    100    100      0      0      0      0  10251   2775  18656  18656      0 
    0    250     56      -    100    100      0      0      0      0  10251   2775  18656  18656      0 
    0    251     56      -    100    100      0      0      0      0  10251   2775  18656  18656      0 
    0    251     56      -    100    100      0      0      0      0  10251   2775  18656  18656      0 
    0    250     56      -    100    100      0      0      0      0  10251   2775  18656  18656      0 
    0    250     56      -    100    100      0      0      0      0  10251   2775  18656  18656      0 
    0    251     56      -    100    100      0      0      0      0  10251   2775  18656  18656      0 
    0    250     56      -     92    100      0      0      0      0  10251   2775  18656  18656      0 
    0    251     56      -     94    100      0      0      0      0  10251   2775  18656  18656      0 
    0    251     57      -     92    100      0      0      0      0  10251   2775  18656  18656      0 
    0    250     57      -     96     70      0      0      0      0  10251   2775  18656  18656      0 
    0    251     56      -    100     84      0      0      0      0  10251   2775  18656  18656      0 
    0    251     56      -    100     97      0      0      0      0  10251   2775  18656  18656      0 
    0    251     56      -    100     97      0      0      0      0  10251   2775  18656  18656      0 
    0    250     57      -    100    100      0      0      0      0  10251   2775  18656  18656      0 
    0    251     56      -    100    100      0      0      0      0  10251   2775  18656  18656      0 
    0    251     57      -    100    100      0      0      0      0  10251   2775  18656  18656      0 
    0    251     57      -     99    100      0      0      0      0  10251   2775  18656  18656      0 
    0    251     58      -    100    100      0      0      0      0  10251   2775  18656  18656      0 
    0    251     56      -    100    100      0      0      0      0  10251   2775  18656  18656      0 
# gpu    pwr  gtemp  mtemp     sm    mem    enc    dec    jpg    ofa   mclk   pclk     fb   bar1   ccpm 
# Idx      W      C      C      %      %      %      %      %      %    MHz    MHz     MB     MB     MB 
    0    250     56      -    100    100      0      0      0      0  10251   2775  18656  18656      0 
    0    251     56      -     95    100      0      0      0      0  10251   2775  18656  18656      0 
    0    250     57      -     91    100      0      0      0      0  10251   2775  18656  18656      0 
    0    251     56      -     96    100      0      0      0      0  10251   2775  18656  18656      0 
    0    250     56      -     96    100      0      0      0      0  10251   2775  18656  18656      0 
    0    250     56      -     99     76      0      0      0      0  10251   2775  18656  18656      0 
    0    250     56      -    100    100      0      0      0      0  10251   2775  18656  18656      0 
    0    250     56      -    100    100      0      0      0      0  10251   2775  18656  18656      0 
    0    250     56      -    100    100      0      0      0      0  10251   2775  18656  18656      0 
    0    251     57      -    100    100      0      0      0      0  10251   2775  18656  18656      0 
    0    251     57      -    100    100      0      0      0      0  10251   2775  18656  18656      0 
    0    252     57      -    100    100      0      0      0      0  10251   2775  18656  18656      0 
    0    251     57      -    100    100      0      0      0      0  10251   2775  18656  18656      0 
    0    251     59      -     99    100      0      0      0      0  10251   2775  18656  18656      0 
    0    251     56      -    100    100      0      0      0      0  10251   2775  18656  18656      0 
    0    250     57      -     99    100      0      0      0      0  10251   2775  18656  18656      0 
    0    251     56      -     92    100      0      0      0      0  10251   2775  18656  18656      0 
    0    251     56      -     97    100      0      0      0      0  10251   2775  18656  18656      0 
    0    250     56      -     84     96      0      0      0      0  10251   2775  18656  18656      0 
    0    250     56      -     96     70      0      0      0      0  10251   2775  18656  18656      0 
    0    250     56      -    100     85      0      0      0      0  10251   2775  18656  18656      0 
    0    250     56      -    100    100      0      0      0      0  10251   2775  18656  18656      0 
    0    250     56      -    100     97      0      0      0      0  10251   2775  18656  18656      0 
    0    250     56      -    100     98      0      0      0      0  10251   2775  18656  18656      0 
    0    250     57      -    100    100      0      0      0      0  10251   2775  18656  18656      0 
    0    250     57      -    100    100      0      0      0      0  10251   2775  18656  18656      0 
    0    249     57      -    100    100      0      0      0      0  10251   2775  18656  18656      0 
    0    250     58      -    100    100      0      0      0      0  10251   2775  18656  18656      0 
    0    250     56      -     99    100      0      0      0      0  10251   2775  18656  18656      0 
    0    250     56      -    100    100      0      0      0      0  10251   2775  18656  18656      0 
    0    250     56      -     96    100      0      0      0      0  10251   2775  18656  18656      0 
    0    251     57      -     93    100      0      0      0      0  10251   2775  18656  18656      0 
    0    250     56      -     95    100      0      0      0      0  10251   2775  18656  18656      0 
    0    250     56      -     95    100      0      0      0      0  10251   2775  18656  18656      0 
    0    250     56      -    100     77      0      0      0      0  10251   2775  18656  18656      0 
    0    250     56      -    100    100      0      0      0      0  10251   2775  18656  18656      0 
    0    250     56      -    100    100      0      0      0      0  10251   2775  18656  18656      0 
    0    250     56      -    100    100      0      0      0      0  10251   2775  18656  18656      0 
    0    250     56      -    100    100      0      0      0      0  10251   2775  18656  18656      0 
    0    251     57      -    100    100      0      0      0      0  10251   2775  18656  18656      0 
    0    252     56      -    100    100      0      0      0      0  10251   2775  18656  18656      0 
    0    251     56      -    100    100      0      0      0      0  10251   2775  18656  18656      0 
    0    250     58      -    100    100      0      0      0      0  10251   2775  18656  18656      0 
    0    251     56      -    100    100      0      0      0      0  10251   2775  18656  18656      0 
# gpu    pwr  gtemp  mtemp     sm    mem    enc    dec    jpg    ofa   mclk   pclk     fb   bar1   ccpm 
# Idx      W      C      C      %      %      %      %      %      %    MHz    MHz     MB     MB     MB 
    0    251     57      -    100    100      0      0      0      0  10251   2775  18656  18656      0 
    0    251     56      -     93    100      0      0      0      0  10251   2775  18656  18656      0 
    0    250     56      -     97    100      0      0      0      0  10251   2775  18656  18656      0 
    0    250     56      -     96    100      0      0      0      0  10251   2775  18656  18656      0 
    0    250     56      -     95    100      0      0      0      0  10251   2775  18656  18656      0 
    0    250     56      -     96    100      0      0      0      0  10251   2775  18656  18656      0 
    0    250     56      -    100     77      0      0      0      0  10251   2775  18656  18656      0 
    0    250     56      -    100    100      0      0      0      0  10251   2775  18656  18656      0 
    0    250     56      -    100     98      0      0      0      0  10251   2775  18656  18656      0 
    0    250     57      -    100    100      0      0      0      0  10251   2775  18656  18656      0 
    0    251     57      -    100    100      0      0      0      0  10251   2775  18656  18656      0 
    0    251     57      -    100    100      0      0      0      0  10251   2775  18656  18656      0 
    0    252     57      -    100    100      0      0      0      0  10251   2775  18656  18656      0 
    0    250     56      -    100    100      0      0      0      0  10251   2775  18656  18656      0 
    0    250     56      -    100    100      0      0      0      0  10251   2775  18656  18656      0 
    0    250     57      -     99    100      0      0      0      0  10251   2775  18656  18656      0 
    0    251     57      -     93    100      0      0      0      0  10251   2775  18656  18656      0 
    0    252     57      -     95    100      0      0      0      0  10251   2775  18656  18656      0 
    0    251     58      -     92    100      0      0      0      0  10251   2775  18656  18656      0 
    0    250     60      -     96     71      0      0      0      0  10251   2775  18656  18656      0 
    0    250     56      -    100     84      0      0      0      0  10251   2775  18656  18656      0 
    0    250     56      -     99     97      0      0      0      0  10251   2775  18656  18656      0 
    0    251     57      -    100     97      0      0      0      0  10251   2775  18656  18656      0 
    0    252     56      -    100    100      0      0      0      0  10251   2775  18656  18656      0 
    0    251     56      -    100    100      0      0      0      0  10251   2775  18656  18656      0 
    0    250     56      -     99    100      0      0      0      0  10251   2775  18656  18656      0 
    0    251     56      -    100    100      0      0      0      0  10251   2775  18656  18656      0 
    0    251     56      -    100    100      0      0      0      0  10251   2775  18656  18656      0 
    0    251     56      -    100    100      0      0      0      0  10251   2775  18656  18656      0 
    0    251     56      -    100    100      0      0      0      0  10251   2775  18656  18656      0 
    0    251     57      -     95    100      0      0      0      0  10251   2775  18656  18656      0 
    0    251     57      -     93    100      0      0      0      0  10251   2775  18656  18656      0 
    0    252     56      -     96    100      0      0      0      0  10251   2775  18656  18656      0 
    0    252     57      -     96    100      0      0      0      0  10251   2775  18656  18656      0 
    0    251     57      -    100     76      0      0      0      0  10251   2775  18656  18656      0 
    0    251     58      -    100    100      0      0      0      0  10251   2775  18656  18656      0 
    0    250     56      -    100    100      0      0      0      0  10251   2775  18656  18656      0 
    0    251     56      -    100    100      0      0      0      0  10251   2775  18656  18656      0 
    0    250     56      -    100    100      0      0      0      0  10251   2775  18656  18656      0 
    0    250     56      -    100    100      0      0      0      0  10251   2775  18656  18656      0 
    0    250     56      -    100    100      0      0      0      0  10251   2775  18656  18656      0 
    0    250     56      -    100    100      0      0      0      0  10251   2775  18656  18656      0 
    0    250     56      -    100    100      0      0      0      0  10251   2775  18656  18656      0 
    0    249     56      -    100    100      0      0      0      0  10251   2775  18656  18656      0 
# gpu    pwr  gtemp  mtemp     sm    mem    enc    dec    jpg    ofa   mclk   pclk     fb   bar1   ccpm 
# Idx      W      C      C      %      %      %      %      %      %    MHz    MHz     MB     MB     MB 
    0    250     56      -    100    100      0      0      0      0  10251   2775  18656  18656      0 
    0    250     57      -     93    100      0      0      0      0  10251   2775  18656  18656      0 
    0    250     57      -     97    100      0      0      0      0  10251   2775  18656  18656      0 
    0    251     58      -     92    100      0      0      0      0  10251   2775  18656  18656      0 
    0    250     58      -     96     78      0      0      0      0  10251   2775  18656  18656      0 
    0    251     56      -    100     78      0      0      0      0  10251   2775  18656  18656      0 
    0    250     56      -    100    100      0      0      0      0  10251   2775  18656  18656      0 
    0    249     57      -    100     97      0      0      0      0  10251   2775  18656  18656      0 
    0    251     57      -    100     97      0      0      0      0  10251   2775  18656  18656      0 
    0    252     56      -    100    100      0      0      0      0  10251   2775  18656  18656      0 
    0    249     56      -    100    100      0      0      0      0  10251   2775  18656  18656      0 
    0    251     56      -    100    100      0      0      0      0  10251   2775  18656  18656      0 
    0    251     56      -    100    100      0      0      0      0  10251   2775  18656  18656      0 
    0    250     56      -    100    100      0      0      0      0  10251   2775  18656  18656      0 
    0    251     57      -    100    100      0      0      0      0  10251   2775  18656  18656      0 
    0    250     56      -     95    100      0      0      0      0  10251   2775  18656  18656      0 
    0    250     57      -     92    100      0      0      0      0  10251   2775  18656  18656      0 
    0    251     57      -     96    100      0      0      0      0  10251   2775  18656  18656      0 
    0    251     56      -     93    100      0      0      0      0  10251   2775  18656  18656      0 
    0    250     59      -    100     77      0      0      0      0  10251   2775  18656  18656      0 
    0    251     57      -    100     97      0      0      0      0  10251   2775  18656  18656      0 
    0    251     57      -    100     98      0      0      0      0  10251   2775  18656  18656      0 
    0    252     58      -    100    100      0      0      0      0  10251   2775  18656  18656      0 
    0    251     56      -    100    100      0      0      0      0  10251   2775  18656  18656      0 
    0    251     56      -    100    100      0      0      0      0  10251   2775  18656  18656      0 
    0    251     56      -    100    100      0      0      0      0  10251   2775  18656  18656      0 
    0    251     56      -    100    100      0      0      0      0  10251   2775  18656  18656      0 
    0    251     57      -    100    100      0      0      0      0  10251   2775  18656  18656      0 
    0    251     56      -    100    100      0      0      0      0  10251   2775  18656  18656      0 
    0    250     56      -    100    100      0      0      0      0  10251   2775  18656  18656      0 
    0    250     57      -     93    100      0      0      0      0  10251   2775  18656  18656      0 
    0    250     57      -     91    100      0      0      0      0  10251   2775  18656  18656      0 
    0    250     57      -     96    100      0      0      0      0  10251   2775  18656  18656      0 
    0    252     57      -     96    100      0      0      0      0  10251   2775  18656  18656      0 
    0    251     56      -    100     76      0      0      0      0  10251   2775  18656  18656      0 
    0    250     56      -    100    100      0      0      0      0  10251   2775  18656  18656      0 
    0    250     57      -     99    100      0      0      0      0  10251   2775  18656  18656      0 
    0    250     56      -    100     98      0      0      0      0  10251   2775  18656  18656      0 
    0    251     56      -    100    100      0      0      0      0  10251   2775  18656  18656      0 
    0    251     56      -    100    100      0      0      0      0  10251   2775  18656  18656      0 
    0    251     56      -    100    100      0      0      0      0  10251   2775  18656  18656      0 
    0    251     56      -    100    100      0      0      0      0  10251   2775  18656  18656      0 
    0    251     56      -    100    100      0      0      0      0  10251   2775  18656  18656      0 
    0    251     56      -    100    100      0      0      0      0  10251   2775  18656  18656      0 
# gpu    pwr  gtemp  mtemp     sm    mem    enc    dec    jpg    ofa   mclk   pclk     fb   bar1   ccpm 
# Idx      W      C      C      %      %      %      %      %      %    MHz    MHz     MB     MB     MB 
    0    250     57      -    100    100      0      0      0      0  10251   2775  18656  18656      0 
    0    251     56      -     92    100      0      0      0      0  10251   2775  18656  18656      0 
    0    251     56      -     95    100      0      0      0      0  10251   2775  18656  18656      0 
    0    251     56      -     92    100      0      0      0      0  10251   2775  18656  18656      0 
    0    251     56      -     96     74      0      0      0      0  10251   2775  18656  18656      0 
    0    249     56      -    100     81      0      0      0      0  10251   2775  18656  18656      0 
    0    250     56      -    100     98      0      0      0      0  10251   2775  18656  18656      0 
    0    251     57      -    100     98      0      0      0      0  10251   2775  18656  18656      0 
    0    251     57      -    100     97      0      0      0      0  10251   2775  18656  18656      0 
    0    251     57      -    100    100      0      0      0      0  10251   2775  18656  18656      0 
    0    250     57      -    100    100      0      0      0      0  10251   2775  18656  18656      0 
    0    250     60      -    100    100      0      0      0      0  10251   2775  18656  18656      0 
    0    251     57      -    100    100      0      0      0      0  10251   2775  18656  18656      0 
    0    251     58      -    100    100      0      0      0      0  10251   2775  18656  18656      0 
    0    251     57      -    100    100      0      0      0      0  10251   2775  18656  18656      0 
    0    251     56      -     96    100      0      0      0      0  10251   2775  18656  18656      0 
    0    250     57      -     92    100      0      0      0      0  10251   2775  18656  18656      0 
    0    251     56      -     96    100      0      0      0      0  10251   2775  18656  18656      0 
    0    250     56      -     95    100      0      0      0      0  10251   2775  18656  18656      0 
    0    251     56      -    100     77      0      0      0      0  10251   2775  18656  18656      0 
    0    250     57      -    100    100      0      0      0      0  10251   2775  18656  18656      0 
    0    250     56      -    100     98      0      0      0      0  10251   2775  18656  18656      0 
    0    250     56      -    100    100      0      0      0      0  10251   2775  18656  18656      0 
    0    250     57      -    100    100      0      0      0      0  10251   2775  18656  18656      0 
    0    251     57      -    100    100      0      0      0      0  10251   2775  18656  18656      0 
    0    253     57      -    100    100      0      0      0      0  10251   2775  18656  18656      0 
    0    251     57      -    100    100      0      0      0      0  10251   2775  18656  18656      0 
    0    251     60      -    100    100      0      0      0      0  10251   2775  18656  18656      0 
    0    251     56      -    100    100      0      0      0      0  10251   2775  18656  18656      0 
    0    251     57      -    100    100      0      0      0      0  10251   2775  18656  18656      0 
    0    251     57      -     94    100      0      0      0      0  10251   2775  18656  18656      0 
    0    251     56      -     94    100      0      0      0      0  10251   2775  18656  18656      0 
    0    251     56      -     96    100      0      0      0      0  10251   2775  18656  18656      0 
    0    251     56      -     96    100      0      0      0      0  10251   2775  18656  18656      0 
    0    251     56      -    100     76      0      0      0      0  10251   2775  18656  18656      0 
    0    251     56      -    100    100      0      0      0      0  10251   2775  18656  18656      0 
    0    251     56      -    100    100      0      0      0      0  10251   2775  18656  18656      0 
    0    250     57      -    100    100      0      0      0      0  10251   2775  18656  18656      0 
    0    251     57      -    100    100      0      0      0      0  10251   2775  18656  18656      0 
    0    252     57      -    100    100      0      0      0      0  10251   2775  18656  18656      0 
    0    252     57      -    100    100      0      0      0      0  10251   2775  18656  18656      0 
    0    250     57      -    100    100      0      0      0      0  10251   2775  18656  18656      0 
    0    251     59      -    100    100      0      0      0      0  10251   2775  18656  18656      0 
    0    248     56      -    100    100      0      0      0      0  10251   2775  18656  18656      0 
# gpu    pwr  gtemp  mtemp     sm    mem    enc    dec    jpg    ofa   mclk   pclk     fb   bar1   ccpm 
# Idx      W      C      C      %      %      %      %      %      %    MHz    MHz     MB     MB     MB 
    0    251     58      -    100    100      0      0      0      0  10251   2775  18656  18656      0 
    0    251     56      -     93    100      0      0      0      0  10251   2775  18656  18656      0 
    0    251     56      -     98    100      0      0      0      0  10251   2775  18656  18656      0 
    0    251     56      -     92    100      0      0      0      0  10251   2775  18656  18656      0 
    0    250     56      -     96     79      0      0      0      0  10251   2775  18656  18656      0 
    0    250     56      -    100     79      0      0      0      0  10251   2775  18656  18656      0 
    0    250     56      -    100     97      0      0      0      0  10251   2775  18656  18656      0 
    0    249     56      -    100     97      0      0      0      0  10251   2775  18656  18656      0 
    0    250     56      -    100    100      0      0      0      0  10251   2775  18656  18656      0 
    0    250     57      -    100    100      0      0      0      0  10251   2775  18656  18656      0 
    0    249     57      -    100    100      0      0      0      0  10251   2775  18656  18656      0 
    0    249     57      -    100    100      0      0      0      0  10251   2775  18656  18656      0 
    0    250     59      -    100    100      0      0      0      0  10251   2775  18656  18656      0 
    0    249     57      -    100    100      0      0      0      0  10251   2775  18656  18656      0 
    0    251     56      -    100    100      0      0      0      0  10251   2775  18656  18656      0 
    0    251     56      -     94    100      0      0      0      0  10251   2775  18656  18656      0 
    0    251     56      -     97    100      0      0      0      0  10251   2775  18656  18656      0 
    0    251     56      -     96    100      0      0      0      0  10251   2775  18656  18656      0 
    0    250     56      -     96     86      0      0      0      0  10251   2775  18656  18656      0 
    0    250     56      -    100     76      0      0      0      0  10251   2775  18656  18656      0 
    0    251     56      -    100    100      0      0      0      0  10251   2775  18656  18656      0 
    0    251     56      -    100     98      0      0      0      0  10251   2775  18656  18656      0 
    0    251     56      -    100     97      0      0      0      0  10251   2775  18656  18656      0 
    0    252     57      -    100    100      0      0      0      0  10251   2775  18656  18656      0 
    0    251     57      -    100    100      0      0      0      0  10251   2775  18656  18656      0 
    0    250     56      -    100    100      0      0      0      0  10251   2775  18656  18656      0 
    0    250     56      -    100    100      0      0      0      0  10251   2775  18656  18656      0 
    0    250     56      -    100    100      0      0      0      0  10251   2775  18656  18656      0 
    0    250     56      -     99    100      0      0      0      0  10251   2775  18656  18656      0 
    0    250     57      -     93    100      0      0      0      0  10251   2775  18656  18656      0 
    0    251     57      -     89    100      0      0      0      0  10251   2775  18656  18656      0 
    0    249     57      -     92    100      0      0      0      0  10251   2775  18656  18656      0 
    0    250     57      -     96     73      0      0      0      0  10251   2775  18656  18656      0 
    0    251     58      -    100     92      0      0      0      0  10251   2775  18656  18656      0 
    0    251     56      -    100     97      0      0      0      0  10251   2775  18656  18656      0 
    0    251     56      -    100    100      0      0      0      0  10251   2775  18656  18656      0 
    0    251     56      -    100    100      0      0      0      0  10251   2775  18656  18656      0 
    0    250     56      -     99    100      0      0      0      0  10251   2775  18656  18656      0 
    0    250     56      -    100    100      0      0      0      0  10251   2775  18656  18656      0 
    0    250     56      -    100    100      0      0      0      0  10251   2775  18656  18656      0 
    0    251     56      -    100    100      0      0      0      0  10251   2775  18656  18656      0 
    0    250     57      -    100    100      0      0      0      0  10251   2775  18656  18656      0 
    0    251     56      -    100    100      0      0      0      0  10251   2775  18656  18656      0 
    0    250     56      -     94    100      0      0      0      0  10251   2775  18656  18656      0 
# gpu    pwr  gtemp  mtemp     sm    mem    enc    dec    jpg    ofa   mclk   pclk     fb   bar1   ccpm 
# Idx      W      C      C      %      %      %      %      %      %    MHz    MHz     MB     MB     MB 
    0    251     57      -     92    100      0      0      0      0  10251   2775  18656  18656      0 
    0    251     57      -     94    100      0      0      0      0  10251   2775  18656  18656      0 
    0    251     57      -     94    100      0      0      0      0  10251   2775  18656  18656      0 
    0    250     57      -    100     76      0      0      0      0  10251   2775  18656  18656      0 
    0    250     59      -    100    100      0      0      0      0  10251   2775  18656  18656      0 
    0    250     57      -    100    100      0      0      0      0  10251   2775  18656  18656      0 
    0    250     58      -    100     99      0      0      0      0  10251   2775  18656  18656      0 
    0    251     57      -    100    100      0      0      0      0  10251   2775  18656  18656      0 
    0    251     56      -    100    100      0      0      0      0  10251   2775  18656  18656      0 
    0    250     57      -    100    100      0      0      0      0  10251   2775  18656  18656      0 
    0    250     56      -    100    100      0      0      0      0  10251   2775  18656  18656      0 
    0    250     56      -    100    100      0      0      0      0  10251   2775  18656  18656      0 
    0    251     56      -    100    100      0      0      0      0  10251   2775  18656  18656      0 
    0    250     57      -    100    100      0      0      0      0  10251   2775  18656  18656      0 
    0    249     56      -     93    100      0      0      0      0  10251   2775  18656  18656      0 
    0    251     57      -     98    100      0      0      0      0  10251   2775  18656  18656      0 
    0    251     57      -     92    100      0      0      0      0  10251   2775  18656  18656      0 
    0    251     57      -     95     81      0      0      0      0  10251   2775  18656  18656      0 
    0    251     57      -    100     76      0      0      0      0  10251   2775  18656  18656      0 
    0    251     58      -    100     97      0      0      0      0  10251   2775  18656  18656      0 
    0    250     57      -    100     98      0      0      0      0  10251   2775  18656  18656      0 
    0    252     57      -    100     97      0      0      0      0  10251   2775  18656  18656      0 
    0    251     57      -    100    100      0      0      0      0  10251   2775  18656  18656      0 
    0    251     57      -    100    100      0      0      0      0  10251   2775  18656  18656      0 
    0    251     56      -    100    100      0      0      0      0  10251   2775  18656  18656      0 
    0    251     56      -    100    100      0      0      0      0  10251   2775  18656  18656      0 
    0    250     56      -    100    100      0      0      0      0  10251   2775  18656  18656      0 
    0    250     57      -     99    100      0      0      0      0  10251   2775  18656  18656      0 
    0    251     56      -     96    100      0      0      0      0  10251   2775  18656  18656      0 
    0    251     57      -     93    100      0      0      0      0  10251   2775  18656  18656      0 
    0    252     57      -     96    100      0      0      0      0  10251   2775  18656  18656      0 
    0    252     57      -     93    100      0      0      0      0  10251   2775  18656  18656      0 
    0    252     58      -    100     77      0      0      0      0  10251   2775  18656  18656      0 
    0    251     59      -    100    100      0      0      0      0  10251   2775  18656  18656      0 
    0    252     57      -    100     98      0      0      0      0  10251   2775  18656  18656      0 
    0    251     57      -    100    100      0      0      0      0  10251   2775  18656  18656      0 
    0    251     57      -    100    100      0      0      0      0  10251   2775  18656  18656      0 
    0    252     56      -    100    100      0      0      0      0  10251   2775  18656  18656      0 
    0    250     57      -    100    100      0      0      0      0  10251   2775  18656  18656      0 
    0    251     56      -    100    100      0      0      0      0  10251   2775  18656  18656      0 
    0    251     56      -    100    100      0      0      0      0  10251   2775  18656  18656      0 
    0    251     56      -    100    100      0      0      0      0  10251   2775  18656  18656      0 
    0    252     56      -    100    100      0      0      0      0  10251   2775  18656  18656      0 
    0    251     57      -     93    100      0      0      0      0  10251   2775  18656  18656      0 
# gpu    pwr  gtemp  mtemp     sm    mem    enc    dec    jpg    ofa   mclk   pclk     fb   bar1   ccpm 
# Idx      W      C      C      %      %      %      %      %      %    MHz    MHz     MB     MB     MB 
    0    252     56      -     96    100      0      0      0      0  10251   2775  18656  18656      0 
    0    252     57      -     96    100      0      0      0      0  10251   2775  18656  18656      0 
    0    253     57      -     96     91      0      0      0      0  10251   2775  18656  18656      0 
    0    252     56      -    100     76      0      0      0      0  10251   2775  18656  18656      0 
    0    250     57      -    100     98      0      0      0      0  10251   2775  18656  18656      0 
    0    250     56      -    100     98      0      0      0      0  10251   2775  18656  18656      0 
    0    251     58      -    100     97      0      0      0      0  10251   2775  18656  18656      0 
    0    251     57      -    100    100      0      0      0      0  10251   2775  18656  18656      0 
    0    250     57      -    100    100      0      0      0      0  10251   2775  18656  18656      0 
    0    251     57      -    100    100      0      0      0      0  10251   2775  18656  18656      0 
    0    251     57      -    100    100      0      0      0      0  10251   2775  18656  18656      0 
    0    250     56      -    100    100      0      0      0      0  10251   2775  18656  18656      0 
    0    250     56      -    100    100      0      0      0      0  10251   2775  18656  18656      0 
    0    251     56      -    100    100      0      0      0      0  10251   2775  18656  18656      0 
    0    250     56      -     93    100      0      0      0      0  10251   2775  18656  18656      0 
    0    251     56      -     95    100      0      0      0      0  10251   2775  18656  18656      0 
    0    251     56      -     92    100      0      0      0      0  10251   2775  18656  18656      0 
    0    251     56      -     96     70      0      0      0      0  10251   2775  18656  18656      0 
    0    250     56      -    100     85      0      0      0      0  10251   2775  18656  18656      0 
    0    251     57      -    100     97      0      0      0      0  10251   2775  18656  18656      0 
    0    251     56      -    100     97      0      0      0      0  10251   2775  18656  18656      0 
    0    251     56      -    100    100      0      0      0      0  10251   2775  18656  18656      0 
    0    251     57      -    100    100      0      0      0      0  10251   2775  18656  18656      0 
    0    252     57      -    100    100      0      0      0      0  10251   2775  18656  18656      0 
    0    251     58      -    100    100      0      0      0      0  10251   2775  18656  18656      0 
    0    252     59      -    100    100      0      0      0      0  10251   2775  18656  18656      0 
    0    251     56      -    100    100      0      0      0      0  10251   2775  18656  18656      0 
    0    252     56      -    100    100      0      0      0      0  10251   2775  18656  18656      0 
    0    251     57      -     94    100      0      0      0      0  10251   2775  18656  18656      0 
    0    251     56      -     91    100      0      0      0      0  10251   2775  18656  18656      0 
    0    251     56      -     96    100      0      0      0      0  10251   2775  18656  18656      0 
    0    251     56      -     96    100      0      0      0      0  10251   2775  18656  18656      0 
    0    251     57      -    100     77      0      0      0      0  10251   2775  18656  18656      0 
    0    251     56      -    100    100      0      0      0      0  10251   2775  18656  18656      0 
    0    251     56      -    100    100      0      0      0      0  10251   2775  18656  18656      0 
    0    251     56      -    100    100      0      0      0      0  10251   2775  18656  18656      0 
    0    251     57      -    100    100      0      0      0      0  10251   2775  18656  18656      0 
    0    250     57      -    100    100      0      0      0      0  10251   2775  18656  18656      0 
    0    251     57      -    100    100      0      0      0      0  10251   2775  18656  18656      0 
    0    252     56      -    100    100      0      0      0      0  10251   2775  18656  18656      0 
    0    251     58      -    100    100      0      0      0      0  10251   2775  18656  18656      0 
    0    251     56      -    100    100      0      0      0      0  10251   2775  18656  18656      0 
    0    251     56      -    100    100      0      0      0      0  10251   2775  18656  18656      0 
    0    251     56      -     92    100      0      0      0      0  10251   2775  18656  18656      0 
# gpu    pwr  gtemp  mtemp     sm    mem    enc    dec    jpg    ofa   mclk   pclk     fb   bar1   ccpm 
# Idx      W      C      C      %      %      %      %      %      %    MHz    MHz     MB     MB     MB 
    0    251     56      -     97    100      0      0      0      0  10251   2775  18656  18656      0 
    0    250     56      -     92    100      0      0      0      0  10251   2775  18656  18656      0 
    0    250     56      -     96     78      0      0      0      0  10251   2775  18656  18656      0 
    0    250     56      -    100     77      0      0      0      0  10251   2775  18656  18656      0 
    0    251     56      -    100     76      0      0      0      0  10251   2775  18656  18656      0 
    0    251     56      -    100    100      0      0      0      0  10251   2775  18656  18656      0 
    0    249     56      -    100    100      0      0      0      0  10251   2775  18656  18656      0 
    0    251     57      -    100     97      0      0      0      0  10251   2775  18656  18656      0 
    0    252     57      -    100    100      0      0      0      0  10251   2775  18656  18656      0 
    0    252     57      -    100    100      0      0      0      0  10251   2775  18656  18656      0 
    0    253     57      -    100    100      0      0      0      0  10251   2775  18656  18656      0 
    0    252     56      -    100    100      0      0      0      0  10251   2775  18656  18656      0 
    0    251     57      -    100    100      0      0      0      0  10251   2775  18656  18656      0 
    0    251     56      -    100    100      0      0      0      0  10251   2775  18656  18656      0 
    0    250     57      -    100    100      0      0      0      0  10251   2775  18656  18656      0 
    0    251     56      -     93    100      0      0      0      0  10251   2775  18656  18656      0 
    0    251     56      -     98    100      0      0      0      0  10251   2775  18656  18656      0 
    0    250     56      -     91    100      0      0      0      0  10251   2775  18656  18656      0 
    0    249     57      -     96     76      0      0      0      0  10251   2775  18656  18656      0 
    0    249     56      -    100     84      0      0      0      0  10251   2775  18656  18656      0 
    0    250     56      -    100     98      0      0      0      0  10251   2775  18656  18656      0 
    0    250     57      -    100     97      0      0      0      0  10251   2775  18656  18656      0 
    0    249     57      -    100     97      0      0      0      0  10251   2775  18656  18656      0 
    0    252     57      -    100    100      0      0      0      0  10251   2775  18656  18656      0 
    0    252     56      -    100    100      0      0      0      0  10251   2775  18656  18656      0 
    0    251     58      -    100    100      0      0      0      0  10251   2775  18656  18656      0 
    0    252     57      -    100    100      0      0      0      0  10251   2775  18656  18656      0 
    0    251     56      -    100    100      0      0      0      0  10251   2775  18656  18656      0 
    0    253     56      -    100    100      0      0      0      0  10251   2775  18656  18656      0 
    0    251     56      -     94    100      0      0      0      0  10251   2775  18656  18656      0 
    0    251     56      -     92    100      0      0      0      0  10251   2775  18656  18656      0 
    0    251     56      -     95    100      0      0      0      0  10251   2775  18656  18656      0 
    0    250     56      -     96    100      0      0      0      0  10251   2775  18656  18656      0 
    0    250     57      -    100    100      0      0      0      0  10251   2775  18656  18656      0 
    0    251     56      -    100    100      0      0      0      0  10251   2775  18656  18656      0 
    0    251     56      -    100     97      0      0      0      0  10251   2775  18656  18656      0 
    0    251     56      -    100    100      0      0      0      0  10251   2775  18656  18656      0 
    0    251     56      -    100    100      0      0      0      0  10251   2775  18656  18656      0 
    0    249     56      -    100    100      0      0      0      0  10251   2775  18656  18656      0 
    0    251     56      -    100    100      0      0      0      0  10251   2775  18656  18656      0 
    0    250     56      -    100    100      0      0      0      0  10251   2775  18656  18656      0 
    0    251     56      -    100    100      0      0      0      0  10251   2775  18656  18656      0 
    0    250     56      -    100    100      0      0      0      0  10251   2775  18656  18656      0 
    0    250     57      -     92    100      0      0      0      0  10251   2775  18656  18656      0 
# gpu    pwr  gtemp  mtemp     sm    mem    enc    dec    jpg    ofa   mclk   pclk     fb   bar1   ccpm 
# Idx      W      C      C      %      %      %      %      %      %    MHz    MHz     MB     MB     MB 
    0    251     56      -     93    100      0      0      0      0  10251   2775  18656  18656      0 
    0    250     57      -     92    100      0      0      0      0  10251   2775  18656  18656      0 
    0    250     59      -     96     69      0      0      0      0  10251   2775  18656  18656      0 
    0    251     56      -    100     84      0      0      0      0  10251   2775  18656  18656      0 
    0    251     56      -    100    100      0      0      0      0  10251   2775  18656  18656      0 
    0    251     57      -    100     99      0      0      0      0  10251   2775  18656  18656      0 
    0    251     56      -    100    100      0      0      0      0  10251   2775  18656  18656      0 
    0    251     56      -    100    100      0      0      0      0  10251   2775  18656  18656      0 
    0    251     56      -    100    100      0      0      0      0  10251   2775  18656  18656      0 
    0    251     56      -    100    100      0      0      0      0  10251   2775  18656  18656      0 
    0    251     56      -    100    100      0      0      0      0  10251   2775  18656  18656      0 
    0    251     56      -    100    100      0      0      0      0  10251   2775  18656  18656      0 
    0    251     57      -    100    100      0      0      0      0  10251   2775  18656  18656      0 
    0    251     56      -     96    100      0      0      0      0  10251   2775  18656  18656      0 
    0    251     57      -     93    100      0      0      0      0  10251   2775  18656  18656      0 
    0    252     56      -     94    100      0      0      0      0  10251   2775  18656  18656      0 
    0    252     56      -     95    100      0      0      0      0  10251   2775  18656  18656      0 
    0    251     56      -    100     77      0      0      0      0  10251   2775  18656  18656      0 
    0    251     56      -    100    100      0      0      0      0  10251   2775  18656  18656      0 
    0    251     56      -    100    100      0      0      0      0  10251   2775  18656  18656      0 
    0    251     56      -    100    100      0      0      0      0  10251   2775  18656  18656      0 
    0    251     57      -    100    100      0      0      0      0  10251   2775  18656  18656      0 
    0    251     56      -     99    100      0      0      0      0  10251   2775  18656  18656      0 
    0    252     57      -    100    100      0      0      0      0  10251   2775  18656  18656      0 
    0    251     58      -    100    100      0      0      0      0  10251   2775  18656  18656      0 
    0    251     57      -    100    100      0      0      0      0  10251   2775  18656  18656      0 
    0    251     56      -    100    100      0      0      0      0  10251   2775  18656  18656      0 
    0    251     56      -    100    100      0      0      0      0  10251   2775  18656  18656      0 
    0    251     56      -     93    100      0      0      0      0  10251   2775  18656  18656      0 
    0    252     56      -     93    100      0      0      0      0  10251   2775  18656  18656      0 
    0    250     56      -     96    100      0      0      0      0  10251   2775  18656  18656      0 
    0    250     56      -     96    100      0      0      0      0  10251   2775  18656  18656      0 
    0    251     56      -    100     76      0      0      0      0  10251   2775  18656  18656      0 
    0    251     56      -    100    100      0      0      0      0  10251   2775  18656  18656      0 
    0    251     56      -    100    100      0      0      0      0  10251   2775  18656  18656      0 
    0    251     56      -    100     98      0      0      0      0  10251   2775  18656  18656      0 
    0    252     57      -    100    100      0      0      0      0  10251   2775  18656  18656      0 
    0    252     57      -    100    100      0      0      0      0  10251   2775  18656  18656      0 
    0    253     57      -    100    100      0      0      0      0  10251   2775  18656  18656      0 
    0    251     56      -    100    100      0      0      0      0  10251   2775  18656  18656      0 
    0    250     56      -    100    100      0      0      0      0  10251   2775  18656  18656      0 
    0    251     56      -    100    100      0      0      0      0  10251   2775  18656  18656      0 
    0    251     56      -    100    100      0      0      0      0  10251   2775  18656  18656      0 
    0    251     56      -     93    100      0      0      0      0  10251   2775  18656  18656      0 
# gpu    pwr  gtemp  mtemp     sm    mem    enc    dec    jpg    ofa   mclk   pclk     fb   bar1   ccpm 
# Idx      W      C      C      %      %      %      %      %      %    MHz    MHz     MB     MB     MB 
    0    250     56      -     98    100      0      0      0      0  10251   2775  18656  18656      0 
    0    250     56      -     92    100      0      0      0      0  10251   2775  18656  18656      0 
    0    250     56      -     96     78      0      0      0      0  10251   2775  18656  18656      0 
    0    251     56      -    100     85      0      0      0      0  10251   2775  18656  18656      0 
    0    251     56      -    100     97      0      0      0      0  10251   2775  18656  18656      0 
    0    251     56      -    100     98      0      0      0      0  10251   2775  18656  18656      0 
    0    250     56      -    100     97      0      0      0      0  10251   2775  18656  18656      0 
    0    251     57      -    100    100      0      0      0      0  10251   2775  18656  18656      0 
    0    250     56      -    100    100      0      0      0      0  10251   2775  18656  18656      0 
    0    250     59      -     99    100      0      0      0      0  10251   2775  18656  18656      0 
    0    251     56      -    100    100      0      0      0      0  10251   2775  18656  18656      0 
    0    250     56      -    100    100      0      0      0      0  10251   2775  18656  18656      0 
    0    250     56      -     96    100      0      0      0      0  10251   2775  18656  18656      0 
    0    249     56      -     93    100      0      0      0      0  10251   2775  18656  18656      0 
    0    251     56      -     95    100      0      0      0      0  10251   2775  18656  18656      0 
    0    251     57      -     96    100      0      0      0      0  10251   2775  18656  18656      0 
    0    250     58      -    100     76      0      0      0      0  10251   2775  18656  18656      0 
    0    250     57      -    100    100      0      0      0      0  10251   2775  18656  18656      0 
    0    250     56      -    100    100      0      0      0      0  10251   2775  18656  18656      0 
    0    249     56      -    100    100      0      0      0      0  10251   2775  18656  18656      0 
    0    250     56      -    100    100      0      0      0      0  10251   2775  18656  18656      0 
    0    250     56      -    100    100      0      0      0      0  10251   2775  18656  18656      0 
    0    249     56      -    100    100      0      0      0      0  10251   2775  18656  18656      0 
    0    250     56      -    100    100      0      0      0      0  10251   2775  18656  18656      0 
    0    251     56      -    100    100      0      0      0      0  10251   2775  18656  18656      0 
    0    251     56      -    100    100      0      0      0      0  10251   2775  18656  18656      0 
    0    250     56      -    100    100      0      0      0      0  10251   2775  18656  18656      0 
    0    251     56      -     93    100      0      0      0      0  10251   2775  18656  18656      0 
    0    252     56      -     96    100      0      0      0      0  10251   2775  18656  18656      0 
    0    251     57      -     96    100      0      0      0      0  10251   2775  18656  18656      0 
    0    252     56      -     96     89      0      0      0      0  10251   2775  18656  18656      0 
    0    251     57      -    100     76      0      0      0      0  10251   2775  18656  18656      0 
    0    250     58      -    100    100      0      0      0      0  10251   2775  18656  18656      0 
    0    251     57      -    100    100      0      0      0      0  10251   2775  18656  18656      0 
    0    251     56      -    100     99      0      0      0      0  10251   2775  18656  18656      0 
    0    251     56      -     99    100      0      0      0      0  10251   2775  18656  18656      0 
    0    250     56      -    100    100      0      0      0      0  10251   2775  18656  18656      0 
    0    249     56      -    100    100      0      0      0      0  10251   2775  18656  18656      0 
    0    251     56      -    100    100      0      0      0      0  10251   2775  18656  18656      0 
    0    251     56      -    100    100      0      0      0      0  10251   2775  18656  18656      0 
    0    251     56      -    100    100      0      0      0      0  10251   2775  18656  18656      0 
    0    251     56      -     99    100      0      0      0      0  10251   2775  18656  18656      0 
    0    251     57      -     93    100      0      0      0      0  10251   2775  18656  18656      0 
    0    252     57      -     95    100      0      0      0      0  10251   2775  18656  18656      0 
# gpu    pwr  gtemp  mtemp     sm    mem    enc    dec    jpg    ofa   mclk   pclk     fb   bar1   ccpm 
# Idx      W      C      C      %      %      %      %      %      %    MHz    MHz     MB     MB     MB 
    0    251     57      -     92    100      0      0      0      0  10251   2775  18656  18656      0 
    0    250     57      -     96     69      0      0      0      0  10251   2775  18656  18656      0 
    0    252     57      -    100     84      0      0      0      0  10251   2775  18656  18656      0 
    0    251     56      -    100     98      0      0      0      0  10251   2775  18656  18656      0 
    0    251     56      -    100     97      0      0      0      0  10251   2775  18656  18656      0 
    0    251     56      -    100    100      0      0      0      0  10251   2775  18656  18656      0 
    0    252     57      -    100    100      0      0      0      0  10251   2775  18656  18656      0 
    0    251     56      -    100    100      0      0      0      0  10251   2775  18656  18656      0 
    0    251     56      -    100    100      0      0      0      0  10251   2775  18656  18656      0 
    0    251     56      -    100    100      0      0      0      0  10251   2775  18656  18656      0 
    0    250     56      -    100    100      0      0      0      0  10251   2775  18656  18656      0 
    0    249     56      -    100    100      0      0      0      0  10251   2775  18656  18656      0 
    0    250     56      -     94    100      0      0      0      0  10251   2775  18656  18656      0 
    0    251     57      -     91    100      0      0      0      0  10251   2775  18656  18656      0 
    0    251     57      -     95    100      0      0      0      0  10251   2775  18656  18656      0 
    0    252     57      -     96    100      0      0      0      0  10251   2775  18656  18656      0 
    0    251     57      -    100     76      0      0      0      0  10251   2775  18656  18656      0 
    0    251     59      -    100    100      0      0      0      0  10251   2775  18656  18656      0 
    0    251     57      -    100    100      0      0      0      0  10251   2775  18656  18656      0 
    0    251     58      -    100     98      0      0      0      0  10251   2775  18656  18656      0 
    0    251     57      -    100    100      0      0      0      0  10251   2775  18656  18656      0 
    0    251     56      -    100    100      0      0      0      0  10251   2775  18656  18656      0 
    0    251     56      -    100    100      0      0      0      0  10251   2775  18656  18656      0 
    0    251     56      -    100    100      0      0      0      0  10251   2775  18656  18656      0 
    0    251     56      -    100    100      0      0      0      0  10251   2775  18656  18656      0 
    0    251     56      -    100    100      0      0      0      0  10251   2775  18656  18656      0 
    0    250     56      -    100    100      0      0      0      0  10251   2775  18656  18656      0 
    0    251     56      -     93    100      0      0      0      0  10251   2775  18656  18656      0 
    0    252     57      -     96    100      0      0      0      0  10251   2775  18656  18656      0 
    0    251     57      -     92    100      0      0      0      0  10251   2775  18656  18656      0 
    0    251     57      -     96     76      0      0      0      0  10251   2775  18656  18656      0 
    0    251     57      -    100     84      0      0      0      0  10251   2775  18656  18656      0 
    0    251     56      -    100     98      0      0      0      0  10251   2775  18656  18656      0 
    0    251     57      -     99     97      0      0      0      0  10251   2775  18656  18656      0 
    0    252     56      -    100    100      0      0      0      0  10251   2775  18656  18656      0 
    0    251     56      -    100    100      0      0      0      0  10251   2775  18656  18656      0 
    0    251     57      -    100    100      0      0      0      0  10251   2775  18656  18656      0 
    0    250     57      -    100    100      0      0      0      0  10251   2775  18656  18656      0 
    0    251     57      -    100    100      0      0      0      0  10251   2775  18656  18656      0 
    0    251     56      -    100    100      0      0      0      0  10251   2775  18656  18656      0 
    0    252     56      -    100    100      0      0      0      0  10251   2775  18656  18656      0 
    0    251     56      -    100    100      0      0      0      0  10251   2775  18656  18656      0 
    0    250     56      -     90    100      0      0      0      0  10251   2775  18656  18656      0 
    0    251     56      -     95    100      0      0      0      0  10251   2775  18656  18656      0 
# gpu    pwr  gtemp  mtemp     sm    mem    enc    dec    jpg    ofa   mclk   pclk     fb   bar1   ccpm 
# Idx      W      C      C      %      %      %      %      %      %    MHz    MHz     MB     MB     MB 
    0    251     56      -     92    100      0      0      0      0  10251   2775  18656  18656      0 
    0    250     56      -     96     72      0      0      0      0  10251   2775  18656  18656      0 
    0    249     56      -    100     97      0      0      0      0  10251   2775  18656  18656      0 
    0    251     56      -    100    100      0      0      0      0  10251   2775  18656  18656      0 
    0    251     56      -    100    100      0      0      0      0  10251   2775  18656  18656      0 
    0    251     57      -    100    100      0      0      0      0  10251   2775  18656  18656      0 
    0    252     57      -    100    100      0      0      0      0  10251   2775  18656  18656      0 
    0    252     57      -    100    100      0      0      0      0  10251   2775  18656  18656      0 
    0    251     57      -    100    100      0      0      0      0  10251   2775  18656  18656      0 
    0    252     59      -    100    100      0      0      0      0  10251   2775  18656  18656      0 
    0    251     56      -    100    100      0      0      0      0  10251   2775  18656  18656      0 
    0    251     56      -    100    100      0      0      0      0  10251   2775  18656  18656      0 
    0    251     57      -     93    100      0      0      0      0  10251   2775  18656  18656      0 
    0    250     56      -     96    100      0      0      0      0  10251   2775  18656  18656      0 
    0    251     56      -     96    100      0      0      0      0  10251   2775  18656  18656      0 
    0    251     56      -     96     94      0      0      0      0  10251   2775  18656  18656      0 
    0    251     56      -    100     76      0      0      0      0  10251   2775  18656  18656      0 
    0    250     56      -    100    100      0      0      0      0  10251   2775  18656  18656      0 
    0    251     56      -    100    100      0      0      0      0  10251   2775  18656  18656      0 
    0    251     56      -    100     97      0      0      0      0  10251   2775  18656  18656      0 
    0    251     57      -    100    100      0      0      0      0  10251   2775  18656  18656      0 
    0    251     57      -    100    100      0      0      0      0  10251   2775  18656  18656      0 
    0    251     57      -    100    100      0      0      0      0  10251   2775  18656  18656      0 
    0    252     57      -    100    100      0      0      0      0  10251   2775  18656  18656      0 
    0    250     56      -    100    100      0      0      0      0  10251   2775  18656  18656      0 
    0    251     58      -    100    100      0      0      0      0  10251   2775  18656  18656      0 
    0    251     57      -     99    100      0      0      0      0  10251   2775  18656  18656      0 
    0    251     56      -     93    100      0      0      0      0  10251   2775  18656  18656      0 
    0    251     57      -     95    100      0      0      0      0  10251   2775  18656  18656      0 
    0    251     56      -     92    100      0      0      0      0  10251   2775  18656  18656      0 
    0    250     56      -     95     69      0      0      0      0  10251   2775  18656  18656      0 
    0    251     56      -    100     84      0      0      0      0  10251   2775  18656  18656      0 
    0    250     56      -    100     98      0      0      0      0  10251   2775  18656  18656      0 
    0    250     56      -    100     98      0      0      0      0  10251   2775  18656  18656      0 
    0    251     57      -    100    100      0      0      0      0  10251   2775  18656  18656      0 
    0    251     57      -    100    100      0      0      0      0  10251   2775  18656  18656      0 
    0    250     57      -    100    100      0      0      0      0  10251   2775  18656  18656      0 
    0    252     57      -    100    100      0      0      0      0  10251   2775  18656  18656      0 
    0    251     58      -    100    100      0      0      0      0  10251   2775  18656  18656      0 
    0    251     56      -    100    100      0      0      0      0  10251   2775  18656  18656      0 
    0    252     57      -    100    100      0      0      0      0  10251   2775  18656  18656      0 
    0    251     56      -     95    100      0      0      0      0  10251   2775  18656  18656      0 
    0    251     56      -     93    100      0      0      0      0  10251   2775  18656  18656      0 
    0    251     56      -     95    100      0      0      0      0  10251   2775  18656  18656      0 
# gpu    pwr  gtemp  mtemp     sm    mem    enc    dec    jpg    ofa   mclk   pclk     fb   bar1   ccpm 
# Idx      W      C      C      %      %      %      %      %      %    MHz    MHz     MB     MB     MB 
    0    250     56      -     95    100      0      0      0      0  10251   2775  18656  18656      0 
    0    250     56      -    100     76      0      0      0      0  10251   2775  18656  18656      0 
    0    250     56      -    100    100      0      0      0      0  10251   2775  18656  18656      0 
    0    251     57      -    100    100      0      0      0      0  10251   2775  18656  18656      0 
    0    251     56      -    100     98      0      0      0      0  10251   2775  18656  18656      0 
    0    252     56      -    100    100      0      0      0      0  10251   2775  18656  18656      0 
    0    252     57      -    100    100      0      0      0      0  10251   2775  18656  18656      0 
    0    251     56      -    100    100      0      0      0      0  10251   2775  18656  18656      0 
    0    251     57      -    100    100      0      0      0      0  10251   2775  18656  18656      0 
    0    250     56      -    100    100      0      0      0      0  10251   2775  18656  18656      0 
    0    251     58      -    100    100      0      0      0      0  10251   2775  18656  18656      0 
    0    251     56      -    100    100      0      0      0      0  10251   2775  18656  18656      0 
    0    250     56      -     93    100      0      0      0      0  10251   2775  18656  18656      0 
    0    251     56      -     94    100      0      0      0      0  10251   2775  18656  18656      0 
    0    250     56      -     88    100      0      0      0      0  10251   2775  18656  18656      0 
    0    251     57      -     96     69      0      0      0      0  10251   2775  18656  18656      0 
    0    251     56      -    100     84      0      0      0      0  10251   2775  18656  18656      0 
    0    251     56      -    100    100      0      0      0      0  10251   2775  18656  18656      0 
    0    251     57      -    100     97      0      0      0      0  10251   2775  18656  18656      0 
    0    250     56      -    100    100      0      0      0      0  10251   2775  18656  18656      0 
    0    251     57      -    100    100      0      0      0      0  10251   2775  18656  18656      0 
    0    251     57      -    100    100      0      0      0      0  10251   2775  18656  18656      0 
    0    251     56      -    100    100      0      0      0      0  10251   2775  18656  18656      0 
    0    251     56      -    100    100      0      0      0      0  10251   2775  18656  18656      0 
    0    251     56      -    100    100      0      0      0      0  10251   2775  18656  18656      0 
    0    251     56      -     99    100      0      0      0      0  10251   2775  18656  18656      0 
    0    251     57      -     92    100      0      0      0      0  10251   2775  18656  18656      0 
    0    251     57      -     92    100      0      0      0      0  10251   2775  18656  18656      0 
    0    250     57      -     92    100      0      0      0      0  10251   2775  18656  18656      0 
    0    251     57      -     98     75      0      0      0      0  10251   2775  18656  18656      0 
    0    252     58      -    100     93      0      0      0      0  10251   2775  18656  18656      0 
    0    252     56      -    100     98      0      0      0      0  10251   2775  18656  18656      0 
    0    252     56      -    100    100      0      0      0      0  10251   2775  18656  18656      0 
    0    251     56      -    100    100      0      0      0      0  10251   2775  18656  18656      0 
    0    251     56      -    100    100      0      0      0      0  10251   2775  18656  18656      0 
    0    251     56      -    100    100      0      0      0      0  10251   2775  18656  18656      0 
    0    251     56      -    100    100      0      0      0      0  10251   2775  18656  18656      0 
    0    250     56      -    100    100      0      0      0      0  10251   2775  18656  18656      0 
    0    249     56      -    100    100      0      0      0      0  10251   2775  18656  18656      0 
    0    251     56      -    100    100      0      0      0      0  10251   2775  18656  18656      0 
    0    250     56      -     94    100      0      0      0      0  10251   2775  18656  18656      0 
    0    251     57      -     93    100      0      0      0      0  10251   2775  18656  18656      0 
    0    251     57      -     96    100      0      0      0      0  10251   2775  18656  18656      0 
    0    251     57      -     96    100      0      0      0      0  10251   2775  18656  18656      0 
# gpu    pwr  gtemp  mtemp     sm    mem    enc    dec    jpg    ofa   mclk   pclk     fb   bar1   ccpm 
# Idx      W      C      C      %      %      %      %      %      %    MHz    MHz     MB     MB     MB 
    0    250     57      -    100     76      0      0      0      0  10251   2775  18656  18656      0 
    0    250     59      -    100    100      0      0      0      0  10251   2775  18656  18656      0 
    0    251     57      -    100     98      0      0      0      0  10251   2775  18656  18656      0 
    0    250     57      -    100     98      0      0      0      0  10251   2775  18656  18656      0 
    0    251     58      -    100    100      0      0      0      0  10251   2775  18656  18656      0 
    0    250     56      -    100    100      0      0      0      0  10251   2775  18656  18656      0 
    0    250     56      -    100    100      0      0      0      0  10251   2775  18656  18656      0 
    0    250     56      -    100    100      0      0      0      0  10251   2775  18656  18656      0 
    0    249     56      -    100    100      0      0      0      0  10251   2775  18656  18656      0 
    0    250     56      -    100    100      0      0      0      0  10251   2775  18656  18656      0 
    0    250     56      -    100    100      0      0      0      0  10251   2775  18656  18656      0 
    0    250     56      -    100    100      0      0      0      0  10251   2775  18656  18656      0 
    0    250     57      -     94    100      0      0      0      0  10251   2775  18656  18656      0 
    0    250     57      -     93    100      0      0      0      0  10251   2775  18656  18656      0 
    0    251     57      -     95    100      0      0      0      0  10251   2775  18656  18656      0 
    0    251     57      -     94    100      0      0      0      0  10251   2775  18656  18656      0 
    0    250     56      -    100     76      0      0      0      0  10251   2775  18656  18656      0 
    0    250     57      -    100    100      0      0      0      0  10251   2775  18656  18656      0 
    0    250     57      -    100    100      0      0      0      0  10251   2775  18656  18656      0 
    0    251     57      -    100     98      0      0      0      0  10251   2775  18656  18656      0 
    0    251     56      -    100    100      0      0      0      0  10251   2775  18656  18656      0 
    0    251     57      -    100    100      0      0      0      0  10251   2775  18656  18656      0 
    0    251     56      -    100    100      0      0      0      0  10251   2775  18656  18656      0 
    0    251     56      -    100    100      0      0      0      0  10251   2775  18656  18656      0 
    0    251     56      -    100    100      0      0      0      0  10251   2775  18656  18656      0 
    0    251     57      -     99    100      0      0      0      0  10251   2775  18656  18656      0 
    0    251     56      -    100    100      0      0      0      0  10251   2775  18656  18656      0 
    0    250     57      -     93    100      0      0      0      0  10251   2775  18656  18656      0 
    0    252     57      -     94    100      0      0      0      0  10251   2775  18656  18656      0 
    0    250     57      -     91    100      0      0      0      0  10251   2775  18656  18656      0 
    0    249     59      -     96     70      0      0      0      0  10251   2775  18656  18656      0 
    0    251     57      -    100     96      0      0      0      0  10251   2775  18656  18656      0 
    0    250     58      -    100     98      0      0      0      0  10251   2775  18656  18656      0 
    0    251     57      -    100    100      0      0      0      0  10251   2775  18656  18656      0 
    0    250     56      -    100    100      0      0      0      0  10251   2775  18656  18656      0 
    0    251     56      -    100    100      0      0      0      0  10251   2775  18656  18656      0 
    0    251     56      -    100    100      0      0      0      0  10251   2775  18656  18656      0 
    0    251     56      -    100    100      0      0      0      0  10251   2775  18656  18656      0 
    0    251     56      -    100    100      0      0      0      0  10251   2775  18656  18656      0 
    0    250     56      -    100    100      0      0      0      0  10251   2775  18656  18656      0 
    0    250     56      -    100    100      0      0      0      0  10251   2775  18656  18656      0 
    0    250     57      -     94    100      0      0      0      0  10251   2775  18656  18656      0 
    0    251     57      -     94    100      0      0      0      0  10251   2775  18656  18656      0 
    0    251     57      -     96    100      0      0      0      0  10251   2775  18656  18656      0 
# gpu    pwr  gtemp  mtemp     sm    mem    enc    dec    jpg    ofa   mclk   pclk     fb   bar1   ccpm 
# Idx      W      C      C      %      %      %      %      %      %    MHz    MHz     MB     MB     MB 
    0    250     56      -     96    100      0      0      0      0  10251   2775  18656  18656      0 
    0    250     56      -    100     76      0      0      0      0  10251   2775  18656  18656      0 
    0    250     57      -    100    100      0      0      0      0  10251   2775  18656  18656      0 
    0    251     56      -    100    100      0      0      0      0  10251   2775  18656  18656      0 
    0    250     57      -    100     97      0      0      0      0  10251   2775  18656  18656      0 
    0    251     57      -    100    100      0      0      0      0  10251   2775  18656  18656      0 
    0    252     57      -    100    100      0      0      0      0  10251   2775  18656  18656      0 
    0    251     58      -    100    100      0      0      0      0  10251   2775  18656  18656      0 
    0    252     56      -    100    100      0      0      0      0  10251   2775  18656  18656      0 
    0    250     57      -    100    100      0      0      0      0  10251   2775  18656  18656      0 
    0    251     57      -    100    100      0      0      0      0  10251   2775  18656  18656      0 
    0    250     58      -    100    100      0      0      0      0  10251   2775  18656  18656      0 
    0    251     56      -     93    100      0      0      0      0  10251   2775  18656  18656      0 
    0    250     57      -     91    100      0      0      0      0  10251   2775  18656  18656      0 
    0    250     56      -     92    100      0      0      0      0  10251   2775  18656  18656      0 
    0    250     56      -     96     70      0      0      0      0  10251   2775  18656  18656      0 
    0    251     56      -    100     88      0      0      0      0  10251   2775  18656  18656      0 
    0    251     56      -    100     98      0      0      0      0  10251   2775  18656  18656      0 
    0    251     57      -    100     97      0      0      0      0  10251   2775  18656  18656      0 
    0    250     57      -    100     97      0      0      0      0  10251   2775  18656  18656      0 
    0    251     57      -    100    100      0      0      0      0  10251   2775  18656  18656      0 
    0    251     56      -    100    100      0      0      0      0  10251   2775  18656  18656      0 
    0    251     59      -    100    100      0      0      0      0  10251   2775  18656  18656      0 
    0    251     56      -    100    100      0      0      0      0  10251   2775  18656  18656      0 
    0    250     56      -    100    100      0      0      0      0  10251   2775  18656  18656      0 
    0    251     57      -    100    100      0      0      0      0  10251   2775  18656  18656      0 
    0    250     56      -     96    100      0      0      0      0  10251   2775  18656  18656      0 
    0    251     56      -     93    100      0      0      0      0  10251   2775  18656  18656      0 
    0    251     56      -     96    100      0      0      0      0  10251   2775  18656  18656      0 
    0    251     56      -     96    100      0      0      0      0  10251   2775  18656  18656      0 
    0    250     56      -    100     77      0      0      0      0  10251   2775  18656  18656      0 
    0    250     56      -    100    100      0      0      0      0  10251   2775  18656  18656      0 
    0    248     56      -    100     97      0      0      0      0  10251   2775  18656  18656      0 
    0    249     56      -    100    100      0      0      0      0  10251   2775  18656  18656      0 
    0    250     56      -    100    100      0      0      0      0  10251   2775  18656  18656      0 
    0    251     57      -    100    100      0      0      0      0  10251   2775  18656  18656      0 
    0    252     57      -    100    100      0      0      0      0  10251   2775  18656  18656      0 
    0    250     56      -    100    100      0      0      0      0  10251   2775  18656  18656      0 
    0    250     56      -    100    100      0      0      0      0  10251   2775  18656  18656      0 
    0    250     56      -    100    100      0      0      0      0  10251   2775  18656  18656      0 
    0    250     56      -    100    100      0      0      0      0  10251   2775  18656  18656      0 
    0    251     56      -     93    100      0      0      0      0  10251   2775  18656  18656      0 
    0    250     56      -     97    100      0      0      0      0  10251   2775  18656  18656      0 
    0    251     56      -     96    100      0      0      0      0  10251   2775  18656  18656      0 
# gpu    pwr  gtemp  mtemp     sm    mem    enc    dec    jpg    ofa   mclk   pclk     fb   bar1   ccpm 
# Idx      W      C      C      %      %      %      %      %      %    MHz    MHz     MB     MB     MB 
    0    250     56      -     96     88      0      0      0      0  10251   2775  18656  18656      0 
    0    250     56      -    100     76      0      0      0      0  10251   2775  18656  18656      0 
    0    249     56      -    100    100      0      0      0      0  10251   2775  18656  18656      0 
    0    250     56      -    100     99      0      0      0      0  10251   2775  18656  18656      0 
    0    250     57      -    100     97      0      0      0      0  10251   2775  18656  18656      0 
    0    252     57      -    100    100      0      0      0      0  10251   2775  18656  18656      0 
    0    251     58      -    100    100      0      0      0      0  10251   2775  18656  18656      0 
    0    251     59      -    100    100      0      0      0      0  10251   2775  18656  18656      0 
    0    250     56      -    100    100      0      0      0      0  10251   2775  18656  18656      0 
    0    251     57      -    100    100      0      0      0      0  10251   2775  18656  18656      0 
    0    251     57      -    100    100      0      0      0      0  10251   2775  18656  18656      0 
    0    250     56      -     98    100      0      0      0      0  10251   2775  18656  18656      0 
    0    251     56      -     93    100      0      0      0      0  10251   2775  18656  18656      0 
    0    251     56      -     95    100      0      0      0      0  10251   2775  18656  18656      0 
    0    251     56      -     92    100      0      0      0      0  10251   2775  18656  18656      0 
    0    251     56      -     99     76      0      0      0      0  10251   2775  18656  18656      0 
    0    251     56      -    100     94      0      0      0      0  10251   2775  18656  18656      0 
    0    251     56      -    100     97      0      0      0      0  10251   2775  18656  18656      0 
    0    251     56      -    100     97      0      0      0      0  10251   2775  18656  18656      0 
    0    251     57      -    100    100      0      0      0      0  10251   2775  18656  18656      0 
    0    250     56      -    100    100      0      0      0      0  10251   2775  18656  18656      0 
    0    250     57      -    100    100      0      0      0      0  10251   2775  18656  18656      0 
    0    249     56      -    100    100      0      0      0      0  10251   2775  18656  18656      0 
    0    251     57      -    100    100      0      0      0      0  10251   2775  18656  18656      0 
    0    251     56      -     99    100      0      0      0      0  10251   2775  18656  18656      0 
    0    251     57      -     93    100      0      0      0      0  10251   2775  18656  18656      0 
    0    251     56      -     97    100      0      0      0      0  10251   2775  18656  18656      0 
    0    252     57      -     96    100      0      0      0      0  10251   2775  18656  18656      0 
    0    252     56      -     96     88      0      0      0      0  10251   2775  18656  18656      0 
    0    251     57      -    100     76      0      0      0      0  10251   2775  18656  18656      0 
    0    251     56      -    100     98      0      0      0      0  10251   2775  18656  18656      0 
    0    251     58      -    100     98      0      0      0      0  10251   2775  18656  18656      0 
    0    251     58      -    100     97      0      0      0      0  10251   2775  18656  18656      0 
    0    250     56      -    100    100      0      0      0      0  10251   2775  18656  18656      0 
    0    251     56      -    100    100      0      0      0      0  10251   2775  18656  18656      0 
    0    250     56      -    100    100      0      0      0      0  10251   2775  18656  18656      0 
    0    250     56      -    100    100      0      0      0      0  10251   2775  18656  18656      0 
    0    250     56      -    100    100      0      0      0      0  10251   2775  18656  18656      0 
    0    250     56      -    100    100      0      0      0      0  10251   2775  18656  18656      0 
    0    250     56      -    100    100      0      0      0      0  10251   2775  18656  18656      0 
    0    250     56      -     91    100      0      0      0      0  10251   2775  18656  18656      0 
    0    251     56      -     94    100      0      0      0      0  10251   2775  18656  18656      0 
    0    250     57      -     92    100      0      0      0      0  10251   2775  18656  18656      0 
    0    250     57      -     96     70      0      0      0      0  10251   2775  18656  18656      0 
# gpu    pwr  gtemp  mtemp     sm    mem    enc    dec    jpg    ofa   mclk   pclk     fb   bar1   ccpm 
# Idx      W      C      C      %      %      %      %      %      %    MHz    MHz     MB     MB     MB 
    0    251     57      -    100     86      0      0      0      0  10251   2775  18656  18656      0 
    0    249     56      -    100     98      0      0      0      0  10251   2775  18656  18656      0 
    0    250     56      -    100     97      0      0      0      0  10251   2775  18656  18656      0 
    0    249     56      -    100    100      0      0      0      0  10251   2775  18656  18656      0 
    0    251     58      -    100    100      0      0      0      0  10251   2775  18656  18656      0 
    0    250     56      -    100    100      0      0      0      0  10251   2775  18656  18656      0 
    0    250     56      -    100    100      0      0      0      0  10251   2775  18656  18656      0 
    0    249     56      -    100    100      0      0      0      0  10251   2775  18656  18656      0 
    0    250     56      -    100    100      0      0      0      0  10251   2775  18656  18656      0 
    0    250     56      -    100    100      0      0      0      0  10251   2775  18656  18656      0 
    0    250     57      -     93    100      0      0      0      0  10251   2775  18656  18656      0 
    0    251     57      -     96    100      0      0      0      0  10251   2775  18656  18656      0 
    0    251     57      -     96    100      0      0      0      0  10251   2775  18656  18656      0 
    0    252     57      -     96    100      0      0      0      0  10251   2775  18656  18656      0 
    0    251     57      -    100     76      0      0      0      0  10251   2775  18656  18656      0 
    0    251     59      -    100    100      0      0      0      0  10251   2775  18656  18656      0 
    0    251     57      -    100    100      0      0      0      0  10251   2775  18656  18656      0 
    0    249     57      -    100     98      0      0      0      0  10251   2775  18656  18656      0 
    0    251     57      -    100    100      0      0      0      0  10251   2775  18656  18656      0 
    0    250     56      -    100    100      0      0      0      0  10251   2775  18656  18656      0 
    0    250     56      -    100    100      0      0      0      0  10251   2775  18656  18656      0 
    0    250     56      -    100    100      0      0      0      0  10251   2775  18656  18656      0 
    0    250     56      -    100    100      0      0      0      0  10251   2775  18656  18656      0 
    0    250     57      -    100    100      0      0      0      0  10251   2775  18656  18656      0 
    0    251     56      -    100    100      0      0      0      0  10251   2775  18656  18656      0 
    0    251     56      -     93    100      0      0      0      0  10251   2775  18656  18656      0 
    0    251     57      -     97    100      0      0      0      0  10251   2775  18656  18656      0 
    0    251     57      -     92    100      0      0      0      0  10251   2775  18656  18656      0 
    0    250     57      -     95     78      0      0      0      0  10251   2775  18656  18656      0 
    0    250     57      -    100     83      0      0      0      0  10251   2775  18656  18656      0 
    0    251     56      -    100     98      0      0      0      0  10251   2775  18656  18656      0 
    0    252     57      -    100     98      0      0      0      0  10251   2775  18656  18656      0 
    0    252     57      -    100     97      0      0      0      0  10251   2775  18656  18656      0 
    0    251     56      -    100    100      0      0      0      0  10251   2775  18656  18656      0 
    0    251     56      -    100    100      0      0      0      0  10251   2775  18656  18656      0 
    0    251     56      -    100    100      0      0      0      0  10251   2775  18656  18656      0 
    0    250     56      -    100    100      0      0      0      0  10251   2775  18656  18656      0 
    0    250     56      -    100    100      0      0      0      0  10251   2775  18656  18656      0 
    0    250     56      -    100    100      0      0      0      0  10251   2775  18656  18656      0 
    0    250     56      -    100    100      0      0      0      0  10251   2775  18656  18656      0 
    0    249     56      -     93    100      0      0      0      0  10251   2775  18656  18656      0 
    0    251     57      -     93    100      0      0      0      0  10251   2775  18656  18656      0 
    0    250     57      -     92    100      0      0      0      0  10251   2775  18656  18656      0 
    0    251     57      -     98     74      0      0      0      0  10251   2775  18656  18656      0 
# gpu    pwr  gtemp  mtemp     sm    mem    enc    dec    jpg    ofa   mclk   pclk     fb   bar1   ccpm 
# Idx      W      C      C      %      %      %      %      %      %    MHz    MHz     MB     MB     MB 
    0    250     57      -    100     98      0      0      0      0  10251   2775  18656  18656      0 
    0    251     56      -    100     97      0      0      0      0  10251   2775  18656  18656      0 
    0    251     56      -    100    100      0      0      0      0  10251   2775  18656  18656      0 
    0    250     56      -    100    100      0      0      0      0  10251   2775  18656  18656      0 
    0    251     58      -    100    100      0      0      0      0  10251   2775  18656  18656      0 
    0    250     56      -    100    100      0      0      0      0  10251   2775  18656  18656      0 
    0    249     57      -     99    100      0      0      0      0  10251   2775  18656  18656      0 
    0    250     59      -    100    100      0      0      0      0  10251   2775  18656  18656      0 
    0    250     56      -    100    100      0      0      0      0  10251   2775  18656  18656      0 
    0    251     57      -    100    100      0      0      0      0  10251   2775  18656  18656      0 
    0    251     57      -     93    100      0      0      0      0  10251   2775  18656  18656      0 
    0    250     56      -     96    100      0      0      0      0  10251   2775  18656  18656      0 
    0    250     56      -     95    100      0      0      0      0  10251   2775  18656  18656      0 
    0    250     56      -     96    100      0      0      0      0  10251   2775  18656  18656      0 
    0    250     56      -    100     76      0      0      0      0  10251   2775  18656  18656      0 
    0    186     51      -    100    100      0      0      0      0  10251   2775  18656  18656      0 
    0    165     51      -    100    100      0      0      0      0  10251   2775  18656  18656      0 
    0     75     50      -     55      4      0      0      0      0  10501   2775      1      2      0 
    0     71     49      -      0      0      0      0      0      0  10501   2775      1      2      0 
    0     61     48      -      0      0      0      0      0      0   5001    675      1      2      0 
    0     46     47      -      0      0      0      0      0      0   5001    435      1      2      0 
    0     31     46      -      0      0      0      0      0      0   5001    270      1      2      0 
    0     31     46      -      0      0      0      0      0      0   5001    210      1      2      0 
    0     26     45      -      0      0      0      0      0      0    810    210      1      2      0 
    0     21     45      -      0      0      0      0      0      0    405    210      1      2      0 
    0     17     44      -      0      0      0      0      0      0    405    210      1      2      0 
    0     14     44      -      0      0      0      0      0      0    405    210      1      2      0 
    0     15     44      -      0      0      0      0      0      0    405    210      1      2      0 
    0     14     43      -      0      0      0      0      0      0    405    210      1      2      0 
    0     14     43      -      0      0      0      0      0      0    405    210      1      2      0 
    0     14     43      -      0      0      0      0      0      0    405    210      1      2      0 
    0     14     42      -      0      0      0      0      0      0    405    210      1      2      0 
    0     14     42      -      0      0      0      0      0      0    405    210      1      2      0 
    0     13     42      -      0      0      0      0      0      0    405    210      1      2      0 
    0     14     42      -      0      0      0      0      0      0    405    210      1      2      0 
    0     14     41      -      0      0      0      0      0      0    405    210      1      2      0 
    0     13     41      -      0      0      0      0      0      0    405    210      1      2      0 
    0     13     41      -      0      0      0      0      0      0    405    210      1      2      0 
    0     13     41      -      0      0      0      0      0      0    405    210      1      2      0 
    0     13     40      -      0      0      0      0      0      0    405    210      1      2      0 
    0     13     40      -      0      0      0      0      0      0    405    210      1      2      0 
    0     13     40      -      0      0      0      0      0      0    405    210      1      2      0 
    0     13     40      -      0      0      0      0      0      0    405    210      1      2      0 
    0     12     39      -      0      0      0      0      0      0    405    210      1      2      0 
# gpu    pwr  gtemp  mtemp     sm    mem    enc    dec    jpg    ofa   mclk   pclk     fb   bar1   ccpm 
# Idx      W      C      C      %      %      %      %      %      %    MHz    MHz     MB     MB     MB 
    0     13     39      -      0      0      0      0      0      0    405    210      1      2      0 
    0     12     39      -      0      0      0      0      0      0    405    210      1      2      0 
    0     12     39      -      0      0      0      0      0      0    405    210      1      2      0 
    0     12     39      -      0      0      0      0      0      0    405    210      1      2      0 
    0     13     38      -      0      0      0      0      0      0    405    210      1      2      0 
    0     12     38      -      0      0      0      0      0      0    405    210      1      2      0 
    0     12     38      -      0      0      0      0      0      0    405    210      1      2      0 
    0     12     38      -      0      0      0      0      0      0    405    210      1      2      0 
    0     12     38      -      0      0      0      0      0      0    405    210      1      2      0 
    0     11     38      -      0      0      0      0      0      0    405    210      1      2      0 
    0     12     37      -      0      0      0      0      0      0    405    210      1      2      0 
    0     12     37      -      0      0      0      0      0      0    405    210      1      2      0 
    0     11     37      -      0      0      0      0      0      0    405    210      1      2      0 
    0     12     37      -      0      0      0      0      0      0    405    210      1      2      0 
    0     12     37      -      0      0      0      0      0      0    405    210      1      2      0 
    0     12     37      -      0      0      0      0      0      0    405    210      1      2      0 
    0     12     37      -      0      0      0      0      0      0    405    210      1      2      0 
    0     12     36      -      0      0      0      0      0      0    405    210      1      2      0 
    0     11     36      -      0      0      0      0      0      0    405    210      1      2      0 
    0     11     36      -      0      0      0      0      0      0    405    210      1      2      0 
    0     12     36      -      0      0      0      0      0      0    405    210      1      2      0 
    0     11     36      -      0      0      0      0      0      0    405    210      1      2      0 
    0     11     36      -      0      0      0      0      0      0    405    210      1      2      0 
    0     12     36      -      0      0      0      0      0      0    405    210      1      2      0 
    0     11     36      -      0      0      0      0      0      0    405    210      1      2      0 
    0     11     35      -      0      0      0      0      0      0    405    210      1      2      0 
    0     11     35      -      0      0      0      0      0      0    405    210      1      2      0 
    0     11     35      -      0      0      0      0      0      0    405    210      1      2      0 
    0     11     35      -      0      0      0      0      0      0    405    210      1      2      0 
    0     11     35      -      0      0      0      0      0      0    405    210      1      2      0 
    0     11     35      -      0      0      0      0      0      0    405    210      1      2      0 
    0     11     35      -      0      0      0      0      0      0    405    210      1      2      0 
    0     11     35      -      0      0      0      0      0      0    405    210      1      2      0 
    0     11     35      -      0      0      0      0      0      0    405    210      1      2      0 
    0     11     35      -      0      0      0      0      0      0    405    210      1      2      0 
    0     11     34      -      0      0      0      0      0      0    405    210      1      2      0 
    0     11     34      -      0      0      0      0      0      0    405    210      1      2      0 
    0     11     34      -      0      0      0      0      0      0    405    210      1      2      0 
    0     11     34      -      0      0      0      0      0      0    405    210      1      2      0 
    0     11     34      -      0      0      0      0      0      0    405    210      1      2      0 
    0     11     34      -      0      0      0      0      0      0    405    210      1      2      0 
    0     11     34      -      0      0      0      0      0      0    405    210      1      2      0 
    0     11     34      -      0      0      0      0      0      0    405    210      1      2      0 
    0     11     34      -      0      0      0      0      0      0    405    210      1      2      0 
# gpu    pwr  gtemp  mtemp     sm    mem    enc    dec    jpg    ofa   mclk   pclk     fb   bar1   ccpm 
# Idx      W      C      C      %      %      %      %      %      %    MHz    MHz     MB     MB     MB 
    0     11     34      -      0      0      0      0      0      0    405    210      1      2      0 
    0     11     34      -      0      0      0      0      0      0    405    210      1      2      0 
    0     11     34      -      0      0      0      0      0      0    405    210      1      2      0 
    0     11     34      -      0      0      0      0      0      0    405    210      1      2      0 
    0     11     33      -      0      0      0      0      0      0    405    210      1      2      0 
    0     11     33      -      0      0      0      0      0      0    405    210      1      2      0 
    0     11     33      -      0      0      0      0      0      0    405    210      1      2      0 
    0     11     33      -      0      0      0      0      0      0    405    210      1      2      0 
    0     11     33      -      0      0      0      0      0      0    405    210      1      2      0 
    0     11     33      -      0      0      0      0      0      0    405    210      1      2      0 
    0     11     33      -      0      0      0      0      0      0    405    210      1      2      0 
    0     11     33      -      0      0      0      0      0      0    405    210      1      2      0 
    0     11     33      -      0      0      0      0      0      0    405    210      1      2      0 
    0     11     33      -      0      0      0      0      0      0    405    210      1      2      0 
    0     11     33      -      0      0      0      0      0      0    405    210      1      2      0 
    0     11     33      -      0      0      0      0      0      0    405    210      1      2      0 
    0     11     33      -      0      0      0      0      0      0    405    210      1      2      0 
    0     11     33      -      0      0      0      0      0      0    405    210      1      2      0 
    0     11     33      -      0      0      0      0      0      0    405    210      1      2      0 
    0     11     33      -      0      0      0      0      0      0    405    210      1      2      0 
    0     11     33      -      0      0      0      0      0      0    405    210      1      2      0 
    0     11     32      -      0      0      0      0      0      0    405    210      1      2      0 
    0     11     32      -      0      0      0      0      0      0    405    210      1      2      0 
    0     11     32      -      0      0      0      0      0      0    405    210      1      2      0 
    0     11     32      -      0      0      0      0      0      0    405    210      1      2      0 
    0     11     32      -      0      0      0      0      0      0    405    210      1      2      0 
    0     11     32      -      0      0      0      0      0      0    405    210      1      2      0 
    0     11     32      -      0      0      0      0      0      0    405    210      1      2      0 
    0     11     32      -      0      0      0      0      0      0    405    210      1      2      0 
    0     11     32      -      0      0      0      0      0      0    405    210      1      2      0 
    0     11     32      -      0      0      0      0      0      0    405    210      1      2      0 
    0     11     32      -      0      0      0      0      0      0    405    210      1      2      0 
    0     11     32      -      0      0      0      0      0      0    405    210      1      2      0 
    0     11     32      -      0      0      0      0      0      0    405    210      1      2      0 
    0     11     32      -      0      0      0      0      0      0    405    210      1      2      0 
    0     11     32      -      0      0      0      0      0      0    405    210      1      2      0 
    0     11     32      -      0      0      0      0      0      0    405    210      1      2      0 
    0     11     32      -      0      0      0      0      0      0    405    210      1      2      0 
    0     11     32      -      0      0      0      0      0      0    405    210      1      2      0 
    0     11     32      -      0      0      0      0      0      0    405    210      1      2      0 
    0     11     32      -      0      0      0      0      0      0    405    210      1      2      0 
    0     11     32      -      0      0      0      0      0      0    405    210      1      2      0 
    0     11     32      -      0      0      0      0      0      0    405    210      1      2      0 
    0     11     32      -      0      0      0      0      0      0    405    210      1      2      0 
# gpu    pwr  gtemp  mtemp     sm    mem    enc    dec    jpg    ofa   mclk   pclk     fb   bar1   ccpm 
# Idx      W      C      C      %      %      %      %      %      %    MHz    MHz     MB     MB     MB 
    0     11     32      -      0      0      0      0      0      0    405    210      1      2      0 
    0     11     32      -      0      0      0      0      0      0    405    210      1      2      0 
    0     11     32      -      0      0      0      0      0      0    405    210      1      2      0 
    0     11     32      -      0      0      0      0      0      0    405    210      1      2      0 
    0     11     32      -      0      0      0      0      0      0    405    210      1      2      0 
    0     11     31      -      0      0      0      0      0      0    405    210      1      2      0 
    0     11     31      -      0      0      0      0      0      0    405    210      1      2      0 
    0     11     31      -      0      0      0      0      0      0    405    210      1      2      0 
    0     11     31      -      0      0      0      0      0      0    405    210      1      2      0 
    0     11     31      -      0      0      0      0      0      0    405    210      1      2      0 
    0     11     31      -      0      0      0      0      0      0    405    210      1      2      0 
    0     11     31      -      0      0      0      0      0      0    405    210      1      2      0 
    0     11     31      -      0      0      0      0      0      0    405    210      1      2      0 
    0     11     31      -      0      0      0      0      0      0    405    210      1      2      0 
    0     11     31      -      0      0      0      0      0      0    405    210      1      2      0 
    0     11     31      -      0      0      0      0      0      0    405    210      1      2      0 
    0     11     31      -      0      0      0      0      0      0    405    210      1      2      0 
    0     11     31      -      0      0      0      0      0      0    405    210      1      2      0 
    0     11     31      -      0      0      0      0      0      0    405    210      1      2      0 
    0     11     31      -      0      0      0      0      0      0    405    210      1      2      0 
    0     11     31      -      0      0      0      0      0      0    405    210      1      2      0 
    0     11     31      -      0      0      0      0      0      0    405    210      1      2      0 
    0     11     31      -      0      0      0      0      0      0    405    210      1      2      0 
    0     11     31      -      0      0      0      0      0      0    405    210      1      2      0 
    0     11     31      -      0      0      0      0      0      0    405    210      1      2      0 
    0     11     31      -      0      0      0      0      0      0    405    210      1      2      0 
    0     11     31      -      0      0      0      0      0      0    405    210      1      2      0 
    0     11     31      -      0      0      0      0      0      0    405    210      1      2      0 
    0     11     31      -      0      0      0      0      0      0    405    210      1      2      0 
    0     11     31      -      0      0      0      0      0      0    405    210      1      2      0 
    0     11     31      -      0      0      0      0      0      0    405    210      1      2      0 
    0     11     31      -      0      0      0      0      0      0    405    210      1      2      0 
    0     11     31      -      0      0      0      0      0      0    405    210      1      2      0 
    0     11     31      -      0      0      0      0      0      0    405    210      1      2      0 
    0     11     31      -      0      0      0      0      0      0    405    210      1      2      0 
    0     11     31      -      0      0      0      0      0      0    405    210      1      2      0 
    0     11     31      -      0      0      0      0      0      0    405    210      1      2      0 
    0     11     31      -      0      0      0      0      0      0    405    210      1      2      0 
    0     11     31      -      0      0      0      0      0      0    405    210      1      2      0 
    0     11     31      -      0      0      0      0      0      0    405    210      1      2      0 
    0     11     31      -      0      0      0      0      0      0    405    210      1      2      0 
    0     11     31      -      0      0      0      0      0      0    405    210      1      2      0 
    0     11     31      -      0      0      0      0      0      0    405    210      1      2      0 
    0     11     31      -      0      0      0      0      0      0    405    210      1      2      0 
# gpu    pwr  gtemp  mtemp     sm    mem    enc    dec    jpg    ofa   mclk   pclk     fb   bar1   ccpm 
# Idx      W      C      C      %      %      %      %      %      %    MHz    MHz     MB     MB     MB 
    0     11     31      -      0      0      0      0      0      0    405    210      1      2      0 
    0     11     31      -      0      0      0      0      0      0    405    210      1      2      0 
    0     11     31      -      0      0      0      0      0      0    405    210      1      2      0 
    0     11     31      -      0      0      0      0      0      0    405    210      1      2      0 
    0     11     31      -      0      0      0      0      0      0    405    210      1      2      0 
    0     11     31      -      0      0      0      0      0      0    405    210      1      2      0 
    0     11     31      -      0      0      0      0      0      0    405    210      1      2      0 
    0     11     31      -      0      0      0      0      0      0    405    210      1      2      0 
    0     11     31      -      0      0      0      0      0      0    405    210      1      2      0 
    0     11     31      -      0      0      0      0      0      0    405    210      1      2      0 
    0     11     31      -      0      0      0      0      0      0    405    210      1      2      0 
    0     11     31      -      0      0      0      0      0      0    405    210      1      2      0 
    0     11     31      -      0      0      0      0      0      0    405    210      1      2      0 
    0     11     31      -      0      0      0      0      0      0    405    210      1      2      0 
    0     11     31      -      0      0      0      0      0      0    405    210      1      2      0 
    0     11     31      -      0      0      0      0      0      0    405    210      1      2      0 
    0     11     31      -      0      0      0      0      0      0    405    210      1      2      0 
    0     11     31      -      0      0      0      0      0      0    405    210      1      2      0 
    0     11     31      -      0      0      0      0      0      0    405    210      1      2      0 
    0     11     31      -      0      0      0      0      0      0    405    210      1      2      0 
    0     11     31      -      0      0      0      0      0      0    405    210      1      2      0 
    0     11     31      -      0      0      0      0      0      0    405    210      1      2      0 
    0     11     31      -      0      0      0      0      0      0    405    210      1      2      0 
    0     11     31      -      0      0      0      0      0      0    405    210      1      2      0 
    0     11     31      -      0      0      0      0      0      0    405    210      1      2      0 
    0     11     31      -      0      0      0      0      0      0    405    210      1      2      0 
    0     11     31      -      0      0      0      0      0      0    405    210      1      2      0 
    0     11     31      -      0      0      0      0      0      0    405    210      1      2      0 
    0     11     31      -      0      0      0      0      0      0    405    210      1      2      0 
    0     11     31      -      0      0      0      0      0      0    405    210      1      2      0 
    0     11     31      -      0      0      0      0      0      0    405    210      1      2      0 
    0     11     31      -      0      0      0      0      0      0    405    210      1      2      0 
    0     11     31      -      0      0      0      0      0      0    405    210      1      2      0 
    0     11     31      -      0      0      0      0      0      0    405    210      1      2      0 
    0     11     31      -      0      0      0      0      0      0    405    210      1      2      0 
    0     11     31      -      0      0      0      0      0      0    405    210      1      2      0 
    0     11     31      -      0      0      0      0      0      0    405    210      1      2      0 
    0     11     31      -      0      0      0      0      0      0    405    210      1      2      0 
    0     11     31      -      0      0      0      0      0      0    405    210      1      2      0 
    0     11     31      -      0      0      0      0      0      0    405    210      1      2      0 
    0     11     31      -      0      0      0      0      0      0    405    210      1      2      0 
    0     11     31      -      0      0      0      0      0      0    405    210      1      2      0 
    0     11     31      -      0      0      0      0      0      0    405    210      1      2      0 
    0     11     31      -      0      0      0      0      0      0    405    210      1      2      0 
# gpu    pwr  gtemp  mtemp     sm    mem    enc    dec    jpg    ofa   mclk   pclk     fb   bar1   ccpm 
# Idx      W      C      C      %      %      %      %      %      %    MHz    MHz     MB     MB     MB 
    0     11     31      -      0      0      0      0      0      0    405    210      1      2      0 
    0     11     31      -      0      0      0      0      0      0    405    210      1      2      0 
    0     11     31      -      0      0      0      0      0      0    405    210      1      2      0 
    0     11     31      -      0      0      0      0      0      0    405    210      1      2      0 
    0     11     31      -      0      0      0      0      0      0    405    210      1      2      0 
    0     11     31      -      0      0      0      0      0      0    405    210      1      2      0 
    0     11     31      -      0      0      0      0      0      0    405    210      1      2      0 
    0     11     31      -      0      0      0      0      0      0    405    210      1      2      0 
    0     11     31      -      0      0      0      0      0      0    405    210      1      2      0 
    0     11     31      -      0      0      0      0      0      0    405    210      1      2      0 
    0     11     31      -      0      0      0      0      0      0    405    210      1      2      0 
    0     11     31      -      0      0      0      0      0      0    405    210      1      2      0 
    0     11     31      -      0      0      0      0      0      0    405    210      1      2      0 
    0     11     31      -      0      0      0      0      0      0    405    210      1      2      0 
    0     11     31      -      0      0      0      0      0      0    405    210      1      2      0 
    0     11     31      -      0      0      0      0      0      0    405    210      1      2      0 
    0     11     31      -      0      0      0      0      0      0    405    210      1      2      0 
    0     11     31      -      0      0      0      0      0      0    405    210      1      2      0 
    0     11     31      -      0      0      0      0      0      0    405    210      1      2      0 
    0     11     31      -      0      0      0      0      0      0    405    210      1      2      0 
    0     11     31      -      0      0      0      0      0      0    405    210      1      2      0 
    0     11     31      -      0      0      0      0      0      0    405    210      1      2      0 
    0     11     31      -      0      0      0      0      0      0    405    210      1      2      0 
    0     11     31      -      0      0      0      0      0      0    405    210      1      2      0 
    0     11     31      -      0      0      0      0      0      0    405    210      1      2      0 
    0     11     31      -      0      0      0      0      0      0    405    210      1      2      0 
    0     11     31      -      0      0      0      0      0      0    405    210      1      2      0 
    0     11     31      -      0      0      0      0      0      0    405    210      1      2      0 
    0     11     31      -      0      0      0      0      0      0    405    210      1      2      0 
    0     11     31      -      0      0      0      0      0      0    405    210      1      2      0 
    0     11     31      -      0      0      0      0      0      0    405    210      1      2      0 
    0     11     31      -      0      0      0      0      0      0    405    210      1      2      0 
    0     11     31      -      0      0      0      0      0      0    405    210      1      2      0 
    0     11     31      -      0      0      0      0      0      0    405    210      1      2      0 
    0     11     31      -      0      0      0      0      0      0    405    210      1      2      0 
    0     11     31      -      0      0      0      0      0      0    405    210      1      2      0 
    0     11     31      -      0      0      0      0      0      0    405    210      1      2      0 
    0     11     31      -      0      0      0      0      0      0    405    210      1      2      0 
    0     11     31      -      0      0      0      0      0      0    405    210      1      2      0 
    0     11     31      -      0      0      0      0      0      0    405    210      1      2      0 
    0     11     31      -      0      0      0      0      0      0    405    210      1      2      0 
    0     11     31      -      0      0      0      0      0      0    405    210      1      2      0 
    0     11     31      -      0      0      0      0      0      0    405    210      1      2      0 
    0     11     31      -      0      0      0      0      0      0    405    210      1      2      0 
# gpu    pwr  gtemp  mtemp     sm    mem    enc    dec    jpg    ofa   mclk   pclk     fb   bar1   ccpm 
# Idx      W      C      C      %      %      %      %      %      %    MHz    MHz     MB     MB     MB 
    0     11     31      -      0      0      0      0      0      0    405    210      1      2      0 
    0     11     31      -      0      0      0      0      0      0    405    210      1      2      0 
    0     11     31      -      0      0      0      0      0      0    405    210      1      2      0 
    0     11     31      -      0      0      0      0      0      0    405    210      1      2      0 
    0     11     31      -      0      0      0      0      0      0    405    210      1      2      0 
    0     11     31      -      0      0      0      0      0      0    405    210      1      2      0 
    0     11     31      -      0      0      0      0      0      0    405    210      1      2      0 
    0     11     31      -      0      0      0      0      0      0    405    210      1      2      0 
    0     11     31      -      0      0      0      0      0      0    405    210      1      2      0 
    0     11     31      -      0      0      0      0      0      0    405    210      1      2      0 
    0     11     31      -      0      0      0      0      0      0    405    210      1      2      0 
    0     11     31      -      0      0      0      0      0      0    405    210      1      2      0 
    0     11     31      -      0      0      0      0      0      0    405    210      1      2      0 
    0     11     31      -      0      0      0      0      0      0    405    210      1      2      0 
    0     11     31      -      0      0      0      0      0      0    405    210      1      2      0 
    0     11     31      -      0      0      0      0      0      0    405    210      1      2      0 
    0     11     31      -      0      0      0      0      0      0    405    210      1      2      0 
    0     11     31      -      0      0      0      0      0      0    405    210      1      2      0 
    0     11     31      -      0      0      0      0      0      0    405    210      1      2      0 
    0     11     31      -      0      0      0      0      0      0    405    210      1      2      0 
    0     11     31      -      0      0      0      0      0      0    405    210      1      2      0 
    0     11     31      -      0      0      0      0      0      0    405    210      1      2      0 
    0     11     31      -      0      0      0      0      0      0    405    210      1      2      0 
    0     11     31      -      0      0      0      0      0      0    405    210      1      2      0 
    0     11     31      -      0      0      0      0      0      0    405    210      1      2      0 
    0     11     31      -      0      0      0      0      0      0    405    210      1      2      0 
    0     11     31      -      0      0      0      0      0      0    405    210      1      2      0 
    0     11     31      -      0      0      0      0      0      0    405    210      1      2      0 
    0     11     31      -      0      0      0      0      0      0    405    210      1      2      0 
    0     11     31      -      0      0      0      0      0      0    405    210      1      2      0 
    0     11     31      -      0      0      0      0      0      0    405    210      1      2      0 
    0     11     31      -      0      0      0      0      0      0    405    210      1      2      0 
    0     11     31      -      0      0      0      0      0      0    405    210      1      2      0 
    0     11     31      -      0      0      0      0      0      0    405    210      1      2      0 
    0     11     31      -      0      0      0      0      0      0    405    210      1      2      0 
    0     11     31      -      0      0      0      0      0      0    405    210      1      2      0 
    0     11     31      -      0      0      0      0      0      0    405    210      1      2      0 
    0     11     31      -      0      0      0      0      0      0    405    210      1      2      0 
    0     11     31      -      0      0      0      0      0      0    405    210      1      2      0 
    0     11     31      -      0      0      0      0      0      0    405    210      1      2      0 
    0     11     31      -      0      0      0      0      0      0    405    210      1      2      0 
    0     11     31      -      0      0      0      0      0      0    405    210      1      2      0 
    0     11     31      -      0      0      0      0      0      0    405    210      1      2      0 
    0     11     31      -      0      0      0      0      0      0    405    210      1      2      0 
# gpu    pwr  gtemp  mtemp     sm    mem    enc    dec    jpg    ofa   mclk   pclk     fb   bar1   ccpm 
# Idx      W      C      C      %      %      %      %      %      %    MHz    MHz     MB     MB     MB 
    0     11     31      -      0      0      0      0      0      0    405    210      1      2      0 
    0     11     31      -      0      0      0      0      0      0    405    210      1      2      0 
    0     11     31      -      0      0      0      0      0      0    405    210      1      2      0 
    0     11     31      -      0      0      0      0      0      0    405    210      1      2      0 
    0     11     31      -      0      0      0      0      0      0    405    210      1      2      0 
    0     11     31      -      0      0      0      0      0      0    405    210      1      2      0 
    0     11     31      -      0      0      0      0      0      0    405    210      1      2      0 
    0     11     31      -      0      0      0      0      0      0    405    210      1      2      0 
    0     11     31      -      0      0      0      0      0      0    405    210      1      2      0 
    0     11     31      -      0      0      0      0      0      0    405    210      1      2      0 
    0     11     31      -      0      0      0      0      0      0    405    210      1      2      0 
    0     11     31      -      0      0      0      0      0      0    405    210      1      2      0 
    0     11     31      -      0      0      0      0      0      0    405    210      1      2      0 
    0     11     31      -      0      0      0      0      0      0    405    210      1      2      0 
    0     11     31      -      0      0      0      0      0      0    405    210      1      2      0 
    0     11     31      -      0      0      0      0      0      0    405    210      1      2      0 
    0     11     31      -      0      0      0      0      0      0    405    210      1      2      0 
    0     11     31      -      0      0      0      0      0      0    405    210      1      2      0 
    0     11     31      -      0      0      0      0      0      0    405    210      1      2      0 
    0     11     31      -      0      0      0      0      0      0    405    210      1      2      0 
    0     11     31      -      0      0      0      0      0      0    405    210      1      2      0 
    0     11     31      -      0      0      0      0      0      0    405    210      1      2      0 
    0     11     31      -      0      0      0      0      0      0    405    210      1      2      0 
    0     11     31      -      0      0      0      0      0      0    405    210      1      2      0 
    0     11     31      -      0      0      0      0      0      0    405    210      1      2      0 
    0     11     31      -      0      0      0      0      0      0    405    210      1      2      0 
    0     11     31      -      0      0      0      0      0      0    405    210      1      2      0 
    0     11     31      -      0      0      0      0      0      0    405    210      1      2      0 
    0     11     31      -      0      0      0      0      0      0    405    210      1      2      0 
    0     11     31      -      0      0      0      0      0      0    405    210      1      2      0 
    0     11     31      -      0      0      0      0      0      0    405    210      1      2      0 
    0     11     31      -      0      0      0      0      0      0    405    210      1      2      0 
    0     11     31      -      0      0      0      0      0      0    405    210      1      2      0 
    0     11     31      -      0      0      0      0      0      0    405    210      1      2      0 
    0     11     31      -      0      0      0      0      0      0    405    210      1      2      0 
    0     11     31      -      0      0      0      0      0      0    405    210      1      2      0 
    0     11     31      -      0      0      0      0      0      0    405    210      1      2      0 
    0     11     31      -      0      0      0      0      0      0    405    210      1      2      0 
    0     11     31      -      0      0      0      0      0      0    405    210      1      2      0 
    0     11     31      -      0      0      0      0      0      0    405    210      1      2      0 
    0     11     31      -      0      0      0      0      0      0    405    210      1      2      0 
    0     11     31      -      0      0      0      0      0      0    405    210      1      2      0 
    0     11     31      -      0      0      0      0      0      0    405    210      1      2      0 
    0     11     31      -      0      0      0      0      0      0    405    210      1      2      0 
# gpu    pwr  gtemp  mtemp     sm    mem    enc    dec    jpg    ofa   mclk   pclk     fb   bar1   ccpm 
# Idx      W      C      C      %      %      %      %      %      %    MHz    MHz     MB     MB     MB 
    0     11     31      -      0      0      0      0      0      0    405    210      1      2      0 
    0     11     31      -      0      0      0      0      0      0    405    210      1      2      0 
    0     11     31      -      0      0      0      0      0      0    405    210      1      2      0 
    0     11     31      -      0      0      0      0      0      0    405    210      1      2      0 
    0     11     31      -      0      0      0      0      0      0    405    210      1      2      0 
    0     11     31      -      0      0      0      0      0      0    405    210      1      2      0 
    0     11     31      -      0      0      0      0      0      0    405    210      1      2      0 
    0     11     31      -      0      0      0      0      0      0    405    210      1      2      0 
    0     11     31      -      0      0      0      0      0      0    405    210      1      2      0 
    0     11     31      -      0      0      0      0      0      0    405    210      1      2      0 
    0     11     31      -      0      0      0      0      0      0    405    210      1      2      0 
    0     11     31      -      0      0      0      0      0      0    405    210      1      2      0 
    0     11     31      -      0      0      0      0      0      0    405    210      1      2      0 
    0     11     31      -      0      0      0      0      0      0    405    210      1      2      0 
    0     11     31      -      0      0      0      0      0      0    405    210      1      2      0 
    0     11     31      -      0      0      0      0      0      0    405    210      1      2      0 
    0     11     31      -      0      0      0      0      0      0    405    210      1      2      0 
    0     11     31      -      0      0      0      0      0      0    405    210      1      2      0 
    0     11     31      -      0      0      0      0      0      0    405    210      1      2      0 
    0     11     31      -      0      0      0      0      0      0    405    210      1      2      0 
    0     11     31      -      0      0      0      0      0      0    405    210      1      2      0 
    0     11     31      -      0      0      0      0      0      0    405    210      1      2      0 
    0     11     31      -      0      0      0      0      0      0    405    210      1      2      0 
    0     11     31      -      0      0      0      0      0      0    405    210      1      2      0 
    0     11     31      -      0      0      0      0      0      0    405    210      1      2      0 
    0     11     31      -      0      0      0      0      0      0    405    210      1      2      0 
    0     11     31      -      0      0      0      0      0      0    405    210      1      2      0 
    0     11     31      -      0      0      0      0      0      0    405    210      1      2      0 
    0     11     31      -      0      0      0      0      0      0    405    210      1      2      0 
    0     11     30      -      0      0      0      0      0      0    405    210      1      2      0 
    0     11     30      -      0      0      0      0      0      0    405    210      1      2      0 
    0     11     30      -      0      0      0      0      0      0    405    210      1      2      0 
    0     11     30      -      0      0      0      0      0      0    405    210      1      2      0 
    0     11     30      -      0      0      0      0      0      0    405    210      1      2      0 
    0     11     30      -      0      0      0      0      0      0    405    210      1      2      0 
    0     11     30      -      0      0      0      0      0      0    405    210      1      2      0 
    0     11     30      -      0      0      0      0      0      0    405    210      1      2      0 
    0     11     30      -      0      0      0      0      0      0    405    210      1      2      0 
    0     11     30      -      0      0      0      0      0      0    405    210      1      2      0 
    0     11     30      -      0      0      0      0      0      0    405    210      1      2      0 
    0     11     30      -      0      0      0      0      0      0    405    210      1      2      0 
    0     11     30      -      0      0      0      0      0      0    405    210      1      2      0 
    0     11     30      -      0      0      0      0      0      0    405    210      1      2      0 
    0     11     30      -      0      0      0      0      0      0    405    210      1      2      0 
# gpu    pwr  gtemp  mtemp     sm    mem    enc    dec    jpg    ofa   mclk   pclk     fb   bar1   ccpm 
# Idx      W      C      C      %      %      %      %      %      %    MHz    MHz     MB     MB     MB 
    0     11     30      -      0      0      0      0      0      0    405    210      1      2      0 
    0     11     30      -      0      0      0      0      0      0    405    210      1      2      0 
    0     11     30      -      0      0      0      0      0      0    405    210      1      2      0 
    0     11     30      -      0      0      0      0      0      0    405    210      1      2      0 
    0     11     30      -      0      0      0      0      0      0    405    210      1      2      0 
    0     11     30      -      0      0      0      0      0      0    405    210      1      2      0 
    0     11     30      -      0      0      0      0      0      0    405    210      1      2      0 
    0     11     30      -      0      0      0      0      0      0    405    210      1      2      0 
    0     11     30      -      0      0      0      0      0      0    405    210      1      2      0 
    0     11     30      -      0      0      0      0      0      0    405    210      1      2      0 
    0     11     30      -      0      0      0      0      0      0    405    210      1      2      0 
    0     11     30      -      0      0      0      0      0      0    405    210      1      2      0 
    0     11     30      -      0      0      0      0      0      0    405    210      1      2      0 
    0     11     30      -      0      0      0      0      0      0    405    210      1      2      0 
    0     11     30      -      0      0      0      0      0      0    405    210      1      2      0 
    0     11     30      -      0      0      0      0      0      0    405    210      1      2      0 
    0     11     30      -      0      0      0      0      0      0    405    210      1      2      0 
    0     11     30      -      0      0      0      0      0      0    405    210      1      2      0 
    0     11     30      -      0      0      0      0      0      0    405    210      1      2      0 
    0     11     30      -      0      0      0      0      0      0    405    210      1      2      0 
    0     11     30      -      0      0      0      0      0      0    405    210      1      2      0 
    0     11     30      -      0      0      0      0      0      0    405    210      1      2      0 
    0     11     30      -      0      0      0      0      0      0    405    210      1      2      0 
    0     11     30      -      0      0      0      0      0      0    405    210      1      2      0 
    0     11     30      -      0      0      0      0      0      0    405    210      1      2      0 
    0     11     30      -      0      0      0      0      0      0    405    210      1      2      0 
    0     11     30      -      0      0      0      0      0      0    405    210      1      2      0 
    0     11     30      -      0      0      0      0      0      0    405    210      1      2      0 
    0     11     30      -      0      0      0      0      0      0    405    210      1      2      0 
    0     11     30      -      0      0      0      0      0      0    405    210      1      2      0 
    0     11     30      -      0      0      0      0      0      0    405    210      1      2      0 
    0     11     30      -      0      0      0      0      0      0    405    210      1      2      0 
    0     11     30      -      0      0      0      0      0      0    405    210      1      2      0 
    0     11     30      -      0      0      0      0      0      0    405    210      1      2      0 
    0     11     30      -      0      0      0      0      0      0    405    210      1      2      0 
    0     11     30      -      0      0      0      0      0      0    405    210      1      2      0 
    0     11     30      -      0      0      0      0      0      0    405    210      1      2      0 
    0     11     30      -      0      0      0      0      0      0    405    210      1      2      0 
    0     11     30      -      0      0      0      0      0      0    405    210      1      2      0 
    0     11     30      -      0      0      0      0      0      0    405    210      1      2      0 
    0     11     30      -      0      0      0      0      0      0    405    210      1      2      0 
    0     11     30      -      0      0      0      0      0      0    405    210      1      2      0 
    0     11     30      -      0      0      0      0      0      0    405    210      1      2      0 
    0     11     30      -      0      0      0      0      0      0    405    210      1      2      0 
# gpu    pwr  gtemp  mtemp     sm    mem    enc    dec    jpg    ofa   mclk   pclk     fb   bar1   ccpm 
# Idx      W      C      C      %      %      %      %      %      %    MHz    MHz     MB     MB     MB 
    0     11     30      -      0      0      0      0      0      0    405    210      1      2      0 
    0     11     30      -      0      0      0      0      0      0    405    210      1      2      0 
    0     11     30      -      0      0      0      0      0      0    405    210      1      2      0 
    0     11     30      -      0      0      0      0      0      0    405    210      1      2      0 
    0     11     30      -      0      0      0      0      0      0    405    210      1      2      0 
    0     11     30      -      0      0      0      0      0      0    405    210      1      2      0 
    0     11     30      -      0      0      0      0      0      0    405    210      1      2      0 
    0     11     30      -      0      0      0      0      0      0    405    210      1      2      0 
    0     11     30      -      0      0      0      0      0      0    405    210      1      2      0 
    0     11     30      -      0      0      0      0      0      0    405    210      1      2      0 
    0     11     30      -      0      0      0      0      0      0    405    210      1      2      0 
    0     11     30      -      0      0      0      0      0      0    405    210      1      2      0 
    0     11     30      -      0      0      0      0      0      0    405    210      1      2      0 
    0     11     30      -      0      0      0      0      0      0    405    210      1      2      0 
    0     11     30      -      0      0      0      0      0      0    405    210      1      2      0 
    0     11     30      -      0      0      0      0      0      0    405    210      1      2      0 
    0     11     30      -      0      0      0      0      0      0    405    210      1      2      0 
    0     11     30      -      0      0      0      0      0      0    405    210      1      2      0 
    0     11     30      -      0      0      0      0      0      0    405    210      1      2      0 
    0     11     30      -      0      0      0      0      0      0    405    210      1      2      0 
    0     11     30      -      0      0      0      0      0      0    405    210      1      2      0 
    0     11     30      -      0      0      0      0      0      0    405    210      1      2      0 
    0     11     30      -      0      0      0      0      0      0    405    210      1      2      0 
    0     11     30      -      0      0      0      0      0      0    405    210      1      2      0 
    0     11     30      -      0      0      0      0      0      0    405    210      1      2      0 
    0     11     30      -      0      0      0      0      0      0    405    210      1      2      0 
    0     11     30      -      0      0      0      0      0      0    405    210      1      2      0 
    0     11     30      -      0      0      0      0      0      0    405    210      1      2      0 
    0     11     30      -      0      0      0      0      0      0    405    210      1      2      0 
    0     11     30      -      0      0      0      0      0      0    405    210      1      2      0 
    0     11     30      -      0      0      0      0      0      0    405    210      1      2      0 
    0     11     30      -      0      0      0      0      0      0    405    210      1      2      0 
    0     11     30      -      0      0      0      0      0      0    405    210      1      2      0 
    0     11     30      -      0      0      0      0      0      0    405    210      1      2      0 
    0     11     30      -      0      0      0      0      0      0    405    210      1      2      0 
    0     11     30      -      0      0      0      0      0      0    405    210      1      2      0 
    0     11     30      -      0      0      0      0      0      0    405    210      1      2      0 
    0     11     30      -      0      0      0      0      0      0    405    210      1      2      0 
    0     11     30      -      0      0      0      0      0      0    405    210      1      2      0 
    0     11     30      -      0      0      0      0      0      0    405    210      1      2      0 
    0     11     30      -      0      0      0      0      0      0    405    210      1      2      0 
    0     11     30      -      0      0      0      0      0      0    405    210      1      2      0 
    0     11     30      -      0      0      0      0      0      0    405    210      1      2      0 
    0     11     30      -      0      0      0      0      0      0    405    210      1      2      0 
# gpu    pwr  gtemp  mtemp     sm    mem    enc    dec    jpg    ofa   mclk   pclk     fb   bar1   ccpm 
# Idx      W      C      C      %      %      %      %      %      %    MHz    MHz     MB     MB     MB 
    0     11     30      -      0      0      0      0      0      0    405    210      1      2      0 
    0     11     30      -      0      0      0      0      0      0    405    210      1      2      0 
    0     11     30      -      0      0      0      0      0      0    405    210      1      2      0 
    0     11     30      -      0      0      0      0      0      0    405    210      1      2      0 
    0     11     30      -      0      0      0      0      0      0    405    210      1      2      0 
    0     11     30      -      0      0      0      0      0      0    405    210      1      2      0 
    0     11     30      -      0      0      0      0      0      0    405    210      1      2      0 
    0     11     30      -      0      0      0      0      0      0    405    210      1      2      0 
    0     11     30      -      0      0      0      0      0      0    405    210      1      2      0 
    0     11     30      -      0      0      0      0      0      0    405    210      1      2      0 
    0     11     30      -      0      0      0      0      0      0    405    210      1      2      0 
    0     11     30      -      0      0      0      0      0      0    405    210      1      2      0 
    0     11     30      -      0      0      0      0      0      0    405    210      1      2      0 
    0     11     30      -      0      0      0      0      0      0    405    210      1      2      0 
    0     11     30      -      0      0      0      0      0      0    405    210      1      2      0 
    0     11     30      -      0      0      0      0      0      0    405    210      1      2      0 
    0     11     30      -      0      0      0      0      0      0    405    210      1      2      0 
    0     11     30      -      0      0      0      0      0      0    405    210      1      2      0 
    0     11     30      -      0      0      0      0      0      0    405    210      1      2      0 
    0     11     30      -      0      0      0      0      0      0    405    210      1      2      0 
    0     11     30      -      0      0      0      0      0      0    405    210      1      2      0 
    0     11     30      -      0      0      0      0      0      0    405    210      1      2      0 
    0     11     30      -      0      0      0      0      0      0    405    210      1      2      0 
    0     11     30      -      0      0      0      0      0      0    405    210      1      2      0 
    0     11     30      -      0      0      0      0      0      0    405    210      1      2      0 
    0     11     30      -      0      0      0      0      0      0    405    210      1      2      0 
    0     11     30      -      0      0      0      0      0      0    405    210      1      2      0 
    0     11     30      -      0      0      0      0      0      0    405    210      1      2      0 
    0     11     30      -      0      0      0      0      0      0    405    210      1      2      0 
    0     11     30      -      0      0      0      0      0      0    405    210      1      2      0 
    0     11     30      -      0      0      0      0      0      0    405    210      1      2      0 
    0     11     30      -      0      0      0      0      0      0    405    210      1      2      0 
    0     11     30      -      0      0      0      0      0      0    405    210      1      2      0 
    0     11     30      -      0      0      0      0      0      0    405    210      1      2      0 
    0     11     30      -      0      0      0      0      0      0    405    210      1      2      0 
    0     11     30      -      0      0      0      0      0      0    405    210      1      2      0 
    0     11     30      -      0      0      0      0      0      0    405    210      1      2      0 
    0     11     30      -      0      0      0      0      0      0    405    210      1      2      0 
    0     11     30      -      0      0      0      0      0      0    405    210      1      2      0 
    0     11     30      -      0      0      0      0      0      0    405    210      1      2      0 
    0     11     30      -      0      0      0      0      0      0    405    210      1      2      0 
    0     11     30      -      0      0      0      0      0      0    405    210      1      2      0 
    0     11     30      -      0      0      0      0      0      0    405    210      1      2      0 
    0     11     30      -      0      0      0      0      0      0    405    210      1      2      0 
# gpu    pwr  gtemp  mtemp     sm    mem    enc    dec    jpg    ofa   mclk   pclk     fb   bar1   ccpm 
# Idx      W      C      C      %      %      %      %      %      %    MHz    MHz     MB     MB     MB 
    0     11     30      -      0      0      0      0      0      0    405    210      1      2      0 
    0     11     30      -      0      0      0      0      0      0    405    210      1      2      0 
    0     11     30      -      0      0      0      0      0      0    405    210      1      2      0 
    0     11     30      -      0      0      0      0      0      0    405    210      1      2      0 
    0     11     30      -      0      0      0      0      0      0    405    210      1      2      0 
    0     11     30      -      0      0      0      0      0      0    405    210      1      2      0 
    0     11     30      -      0      0      0      0      0      0    405    210      1      2      0 
    0     11     30      -      0      0      0      0      0      0    405    210      1      2      0 
    0     11     30      -      0      0      0      0      0      0    405    210      1      2      0 
    0     11     30      -      0      0      0      0      0      0    405    210      1      2      0 
    0     11     30      -      0      0      0      0      0      0    405    210      1      2      0 
    0     11     30      -      0      0      0      0      0      0    405    210      1      2      0 
    0     11     30      -      0      0      0      0      0      0    405    210      1      2      0 
    0     11     30      -      0      0      0      0      0      0    405    210      1      2      0 
    0     11     30      -      0      0      0      0      0      0    405    210      1      2      0 
    0     11     30      -      0      0      0      0      0      0    405    210      1      2      0 
    0     11     30      -      0      0      0      0      0      0    405    210      1      2      0 
    0     11     30      -      0      0      0      0      0      0    405    210      1      2      0 
    0     11     30      -      0      0      0      0      0      0    405    210      1      2      0 
    0     11     30      -      0      0      0      0      0      0    405    210      1      2      0 
    0     11     30      -      0      0      0      0      0      0    405    210      1      2      0 
    0     11     30      -      0      0      0      0      0      0    405    210      1      2      0 
    0     11     30      -      0      0      0      0      0      0    405    210      1      2      0 
    0     11     30      -      0      0      0      0      0      0    405    210      1      2      0 
    0     11     30      -      0      0      0      0      0      0    405    210      1      2      0 
    0     11     30      -      0      0      0      0      0      0    405    210      1      2      0 
    0     11     30      -      0      0      0      0      0      0    405    210      1      2      0 
    0     11     30      -      0      0      0      0      0      0    405    210      1      2      0 
    0     11     30      -      0      0      0      0      0      0    405    210      1      2      0 
    0     11     30      -      0      0      0      0      0      0    405    210      1      2      0 
    0     11     30      -      0      0      0      0      0      0    405    210      1      2      0 
    0     11     30      -      0      0      0      0      0      0    405    210      1      2      0 
    0     11     30      -      0      0      0      0      0      0    405    210      1      2      0 
    0     11     30      -      0      0      0      0      0      0    405    210      1      2      0 
    0     11     30      -      0      0      0      0      0      0    405    210      1      2      0 
    0     11     30      -      0      0      0      0      0      0    405    210      1      2      0 
    0     11     30      -      0      0      0      0      0      0    405    210      1      2      0 
    0     11     30      -      0      0      0      0      0      0    405    210      1      2      0 
    0     11     30      -      0      0      0      0      0      0    405    210      1      2      0 
    0     11     30      -      0      0      0      0      0      0    405    210      1      2      0 
    0     11     30      -      0      0      0      0      0      0    405    210      1      2      0 
    0     11     30      -      0      0      0      0      0      0    405    210      1      2      0 
    0     11     30      -      0      0      0      0      0      0    405    210      1      2      0 
    0     11     30      -      0      0      0      0      0      0    405    210      1      2      0 
# gpu    pwr  gtemp  mtemp     sm    mem    enc    dec    jpg    ofa   mclk   pclk     fb   bar1   ccpm 
# Idx      W      C      C      %      %      %      %      %      %    MHz    MHz     MB     MB     MB 
    0     11     30      -      0      0      0      0      0      0    405    210      1      2      0 
    0     11     31      -      0      0      0      0      0      0    405    210      1      2      0 
    0     11     30      -      0      0      0      0      0      0    405    210      1      2      0 
    0     11     31      -      0      0      0      0      0      0    405    210      1      2      0 
    0     11     31      -      0      0      0      0      0      0    405    210      1      2      0 
    0     11     31      -      0      0      0      0      0      0    405    210      1      2      0 
    0     11     31      -      0      0      0      0      0      0    405    210      1      2      0 
    0     11     31      -      0      0      0      0      0      0    405    210      1      2      0 
    0     11     31      -      0      0      0      0      0      0    405    210      1      2      0 
    0     11     31      -      0      0      0      0      0      0    405    210      1      2      0 
    0     11     31      -      0      0      0      0      0      0    405    210      1      2      0 
    0     11     31      -      0      0      0      0      0      0    405    210      1      2      0 
    0     11     31      -      0      0      0      0      0      0    405    210      1      2      0 
    0     11     31      -      0      0      0      0      0      0    405    210      1      2      0 
    0     11     31      -      0      0      0      0      0      0    405    210      1      2      0 
    0     11     31      -      0      0      0      0      0      0    405    210      1      2      0 
    0     11     31      -      0      0      0      0      0      0    405    210      1      2      0 
    0     11     31      -      0      0      0      0      0      0    405    210      1      2      0 
    0     11     31      -      0      0      0      0      0      0    405    210      1      2      0 
    0     11     31      -      0      0      0      0      0      0    405    210      1      2      0 
    0     11     31      -      0      0      0      0      0      0    405    210      1      2      0 
    0     11     31      -      0      0      0      0      0      0    405    210      1      2      0 
    0     11     31      -      0      0      0      0      0      0    405    210      1      2      0 
    0     11     31      -      0      0      0      0      0      0    405    210      1      2      0 
    0     11     31      -      0      0      0      0      0      0    405    210      1      2      0 
    0     11     31      -      0      0      0      0      0      0    405    210      1      2      0 
    0     11     31      -      0      0      0      0      0      0    405    210      1      2      0 
    0     11     31      -      0      0      0      0      0      0    405    210      1      2      0 
    0     11     31      -      0      0      0      0      0      0    405    210      1      2      0 
    0     11     31      -      0      0      0      0      0      0    405    210      1      2      0 
    0     11     31      -      0      0      0      0      0      0    405    210      1      2      0 
    0     11     31      -      0      0      0      0      0      0    405    210      1      2      0 
    0     11     31      -      0      0      0      0      0      0    405    210      1      2      0 
    0     11     31      -      0      0      0      0      0      0    405    210      1      2      0 
    0     11     31      -      0      0      0      0      0      0    405    210      1      2      0 
    0     11     31      -      0      0      0      0      0      0    405    210      1      2      0 
    0     11     31      -      0      0      0      0      0      0    405    210      1      2      0 
    0     11     31      -      0      0      0      0      0      0    405    210      1      2      0 
    0     11     31      -      0      0      0      0      0      0    405    210      1      2      0 
    0     11     31      -      0      0      0      0      0      0    405    210      1      2      0 
    0     11     31      -      0      0      0      0      0      0    405    210      1      2      0 
    0     11     31      -      0      0      0      0      0      0    405    210      1      2      0 
    0     11     31      -      0      0      0      0      0      0    405    210      1      2      0 
    0     11     31      -      0      0      0      0      0      0    405    210      1      2      0 
# gpu    pwr  gtemp  mtemp     sm    mem    enc    dec    jpg    ofa   mclk   pclk     fb   bar1   ccpm 
# Idx      W      C      C      %      %      %      %      %      %    MHz    MHz     MB     MB     MB 
    0     11     31      -      0      0      0      0      0      0    405    210      1      2      0 
    0     11     31      -      0      0      0      0      0      0    405    210      1      2      0 
    0     11     31      -      0      0      0      0      0      0    405    210      1      2      0 
    0     11     31      -      0      0      0      0      0      0    405    210      1      2      0 
    0     11     31      -      0      0      0      0      0      0    405    210      1      2      0 
    0     11     31      -      0      0      0      0      0      0    405    210      1      2      0 
    0     11     31      -      0      0      0      0      0      0    405    210      1      2      0 
    0     11     31      -      0      0      0      0      0      0    405    210      1      2      0 
    0     11     31      -      0      0      0      0      0      0    405    210      1      2      0 
    0     11     31      -      0      0      0      0      0      0    405    210      1      2      0 
    0     11     31      -      0      0      0      0      0      0    405    210      1      2      0 
    0     11     31      -      0      0      0      0      0      0    405    210      1      2      0 
    0     11     31      -      0      0      0      0      0      0    405    210      1      2      0 
    0     11     31      -      0      0      0      0      0      0    405    210      1      2      0 
    0     11     31      -      0      0      0      0      0      0    405    210      1      2      0 
    0     11     31      -      0      0      0      0      0      0    405    210      1      2      0 
    0     11     31      -      0      0      0      0      0      0    405    210      1      2      0 
    0     11     31      -      0      0      0      0      0      0    405    210      1      2      0 
    0     11     31      -      0      0      0      0      0      0    405    210      1      2      0 
    0     11     31      -      0      0      0      0      0      0    405    210      1      2      0 
    0     11     31      -      0      0      0      0      0      0    405    210      1      2      0 
    0     11     31      -      0      0      0      0      0      0    405    210      1      2      0 
    0     11     31      -      0      0      0      0      0      0    405    210      1      2      0 
    0     11     31      -      0      0      0      0      0      0    405    210      1      2      0 
    0     11     31      -      0      0      0      0      0      0    405    210      1      2      0 
    0     11     31      -      0      0      0      0      0      0    405    210      1      2      0 
    0     11     31      -      0      0      0      0      0      0    405    210      1      2      0 
    0     11     31      -      0      0      0      0      0      0    405    210      1      2      0 
    0     11     31      -      0      0      0      0      0      0    405    210      1      2      0 
    0     11     31      -      0      0      0      0      0      0    405    210      1      2      0 
    0     11     31      -      0      0      0      0      0      0    405    210      1      2      0 
    0     11     31      -      0      0      0      0      0      0    405    210      1      2      0 
    0     11     31      -      0      0      0      0      0      0    405    210      1      2      0 
    0     11     31      -      0      0      0      0      0      0    405    210      1      2      0 
    0     11     31      -      0      0      0      0      0      0    405    210      1      2      0 
    0     11     31      -      0      0      0      0      0      0    405    210      1      2      0 
    0     11     31      -      0      0      0      0      0      0    405    210      1      2      0 
    0     11     31      -      0      0      0      0      0      0    405    210      1      2      0 
    0     11     31      -      0      0      0      0      0      0    405    210      1      2      0 
    0     11     31      -      0      0      0      0      0      0    405    210      1      2      0 
    0     11     31      -      0      0      0      0      0      0    405    210      1      2      0 
    0     11     31      -      0      0      0      0      0      0    405    210      1      2      0 
    0     11     31      -      0      0      0      0      0      0    405    210      1      2      0 
    0     11     31      -      0      0      0      0      0      0    405    210      1      2      0 
# gpu    pwr  gtemp  mtemp     sm    mem    enc    dec    jpg    ofa   mclk   pclk     fb   bar1   ccpm 
# Idx      W      C      C      %      %      %      %      %      %    MHz    MHz     MB     MB     MB 
    0     11     31      -      0      0      0      0      0      0    405    210      1      2      0 
    0     11     31      -      0      0      0      0      0      0    405    210      1      2      0 
    0     11     31      -      0      0      0      0      0      0    405    210      1      2      0 
    0     11     31      -      0      0      0      0      0      0    405    210      1      2      0 
    0     11     31      -      0      0      0      0      0      0    405    210      1      2      0 
    0     11     31      -      0      0      0      0      0      0    405    210      1      2      0 
    0     11     31      -      0      0      0      0      0      0    405    210      1      2      0 
    0     11     31      -      0      0      0      0      0      0    405    210      1      2      0 
    0     11     31      -      0      0      0      0      0      0    405    210      1      2      0 
    0     11     31      -      0      0      0      0      0      0    405    210      1      2      0 
    0     11     31      -      0      0      0      0      0      0    405    210      1      2      0 
    0     11     31      -      0      0      0      0      0      0    405    210      1      2      0 
    0     11     31      -      0      0      0      0      0      0    405    210      1      2      0 
    0     11     31      -      0      0      0      0      0      0    405    210      1      2      0 
    0     11     31      -      0      0      0      0      0      0    405    210      1      2      0 
    0     11     31      -      0      0      0      0      0      0    405    210      1      2      0 
    0     11     31      -      0      0      0      0      0      0    405    210      1      2      0 
    0     11     31      -      0      0      0      0      0      0    405    210      1      2      0 
    0     11     31      -      0      0      0      0      0      0    405    210      1      2      0 
    0     11     31      -      0      0      0      0      0      0    405    210      1      2      0 
    0     11     31      -      0      0      0      0      0      0    405    210      1      2      0 
    0     11     31      -      0      0      0      0      0      0    405    210      1      2      0 
    0     11     31      -      0      0      0      0      0      0    405    210      1      2      0 
    0     11     31      -      0      0      0      0      0      0    405    210      1      2      0 
    0     11     31      -      0      0      0      0      0      0    405    210      1      2      0 
    0     11     31      -      0      0      0      0      0      0    405    210      1      2      0 
    0     11     31      -      0      0      0      0      0      0    405    210      1      2      0 
    0     11     31      -      0      0      0      0      0      0    405    210      1      2      0 
    0     11     31      -      0      0      0      0      0      0    405    210      1      2      0 
    0     11     31      -      0      0      0      0      0      0    405    210      1      2      0 
    0     11     31      -      0      0      0      0      0      0    405    210      1      2      0 
    0     11     31      -      0      0      0      0      0      0    405    210      1      2      0 
    0     11     31      -      0      0      0      0      0      0    405    210      1      2      0 
    0     11     31      -      0      0      0      0      0      0    405    210      1      2      0 
    0     11     31      -      0      0      0      0      0      0    405    210      1      2      0 
    0     11     31      -      0      0      0      0      0      0    405    210      1      2      0 
    0     11     31      -      0      0      0      0      0      0    405    210      1      2      0 
    0     11     31      -      0      0      0      0      0      0    405    210      1      2      0 
    0     11     31      -      0      0      0      0      0      0    405    210      1      2      0 
    0     11     31      -      0      0      0      0      0      0    405    210      1      2      0 
    0     11     31      -      0      0      0      0      0      0    405    210      1      2      0 
    0     11     31      -      0      0      0      0      0      0    405    210      1      2      0 
    0     11     31      -      0      0      0      0      0      0    405    210      1      2      0 
    0     11     31      -      0      0      0      0      0      0    405    210      1      2      0 
# gpu    pwr  gtemp  mtemp     sm    mem    enc    dec    jpg    ofa   mclk   pclk     fb   bar1   ccpm 
# Idx      W      C      C      %      %      %      %      %      %    MHz    MHz     MB     MB     MB 
    0     11     31      -      0      0      0      0      0      0    405    210      1      2      0 
    0     11     31      -      0      0      0      0      0      0    405    210      1      2      0 
    0     11     31      -      0      0      0      0      0      0    405    210      1      2      0 
    0     11     31      -      0      0      0      0      0      0    405    210      1      2      0 
    0     11     31      -      0      0      0      0      0      0    405    210      1      2      0 
    0     11     30      -      0      0      0      0      0      0    405    210      1      2      0 
    0     11     30      -      0      0      0      0      0      0    405    210      1      2      0 
    0     11     30      -      0      0      0      0      0      0    405    210      1      2      0 
    0     11     30      -      0      0      0      0      0      0    405    210      1      2      0 
    0     11     30      -      0      0      0      0      0      0    405    210      1      2      0 
    0     11     30      -      0      0      0      0      0      0    405    210      1      2      0 
    0     11     30      -      0      0      0      0      0      0    405    210      1      2      0 
    0     11     30      -      0      0      0      0      0      0    405    210      1      2      0 
    0     11     30      -      0      0      0      0      0      0    405    210      1      2      0 
    0     11     30      -      0      0      0      0      0      0    405    210      1      2      0 
    0     11     30      -      0      0      0      0      0      0    405    210      1      2      0 
    0     11     30      -      0      0      0      0      0      0    405    210      1      2      0 
    0     11     30      -      0      0      0      0      0      0    405    210      1      2      0 
    0     11     30      -      0      0      0      0      0      0    405    210      1      2      0 
    0     11     30      -      0      0      0      0      0      0    405    210      1      2      0 
    0     11     30      -      0      0      0      0      0      0    405    210      1      2      0 
    0     11     30      -      0      0      0      0      0      0    405    210      1      2      0 
    0     11     30      -      0      0      0      0      0      0    405    210      1      2      0 
    0     11     30      -      0      0      0      0      0      0    405    210      1      2      0 
    0     11     30      -      0      0      0      0      0      0    405    210      1      2      0 
    0     11     30      -      0      0      0      0      0      0    405    210      1      2      0 
    0     11     30      -      0      0      0      0      0      0    405    210      1      2      0 
    0     11     30      -      0      0      0      0      0      0    405    210      1      2      0 
    0     11     30      -      0      0      0      0      0      0    405    210      1      2      0 
    0     11     30      -      0      0      0      0      0      0    405    210      1      2      0 
    0     11     30      -      0      0      0      0      0      0    405    210      1      2      0 
    0     11     30      -      0      0      0      0      0      0    405    210      1      2      0 
    0     11     30      -      0      0      0      0      0      0    405    210      1      2      0 
    0     11     30      -      0      0      0      0      0      0    405    210      1      2      0 
    0     11     30      -      0      0      0      0      0      0    405    210      1      2      0 
    0     11     30      -      0      0      0      0      0      0    405    210      1      2      0 
    0     11     30      -      0      0      0      0      0      0    405    210      1      2      0 
    0     11     30      -      0      0      0      0      0      0    405    210      1      2      0 
    0     11     30      -      0      0      0      0      0      0    405    210      1      2      0 
    0     11     30      -      0      0      0      0      0      0    405    210      1      2      0 
    0     11     30      -      0      0      0      0      0      0    405    210      1      2      0 
    0     11     30      -      0      0      0      0      0      0    405    210      1      2      0 
    0     11     30      -      0      0      0      0      0      0    405    210      1      2      0 
    0     11     30      -      0      0      0      0      0      0    405    210      1      2      0 
# gpu    pwr  gtemp  mtemp     sm    mem    enc    dec    jpg    ofa   mclk   pclk     fb   bar1   ccpm 
# Idx      W      C      C      %      %      %      %      %      %    MHz    MHz     MB     MB     MB 
    0     11     30      -      0      0      0      0      0      0    405    210      1      2      0 
    0     11     30      -      0      0      0      0      0      0    405    210      1      2      0 
    0     11     30      -      0      0      0      0      0      0    405    210      1      2      0 
    0     11     30      -      0      0      0      0      0      0    405    210      1      2      0 
    0     11     30      -      0      0      0      0      0      0    405    210      1      2      0 
    0     11     30      -      0      0      0      0      0      0    405    210      1      2      0 
    0     11     30      -      0      0      0      0      0      0    405    210      1      2      0 
    0     11     30      -      0      0      0      0      0      0    405    210      1      2      0 
    0     11     30      -      0      0      0      0      0      0    405    210      1      2      0 
    0     11     30      -      0      0      0      0      0      0    405    210      1      2      0 
    0     11     30      -      0      0      0      0      0      0    405    210      1      2      0 
    0     11     30      -      0      0      0      0      0      0    405    210      1      2      0 
    0     11     30      -      0      0      0      0      0      0    405    210      1      2      0 
    0     11     30      -      0      0      0      0      0      0    405    210      1      2      0 
    0     11     30      -      0      0      0      0      0      0    405    210      1      2      0 
    0     11     30      -      0      0      0      0      0      0    405    210      1      2      0 
    0     11     30      -      0      0      0      0      0      0    405    210      1      2      0 
    0     11     30      -      0      0      0      0      0      0    405    210      1      2      0 
    0     11     30      -      0      0      0      0      0      0    405    210      1      2      0 
    0     11     30      -      0      0      0      0      0      0    405    210      1      2      0 
    0     11     30      -      0      0      0      0      0      0    405    210      1      2      0 
